pruid,prname,prnameFR,date,reporting_week,reporting_year,update,totalcases,numtotal_last7,ratecases_total,numdeaths,numdeaths_last7,ratedeaths,ratecases_last7,ratedeaths_last7,numtotal_last14,numdeaths_last14,ratetotal_last14,ratedeaths_last14,avgcases_last7,avgincidence_last7,avgdeaths_last7,avgratedeaths_last7
59,British Columbia,Colombie-Britannique,2/1/20,5,2020,1,1,1,0.02,0,0,0,0.02,0,1,0,0.02,0,0.14,0,0,0
48,Alberta,Alberta,2/1/20,5,2020,1,0,0,0,0,0,0,0,0,0,0,0,0,0,0,0,0
47,Saskatchewan,Saskatchewan,2/1/20,5,2020,1,0,0,0,0,0,0,0,0,0,0,0,0,0,0,0,0
46,Manitoba,Manitoba,2/1/20,5,2020,1,0,0,0,0,0,0,0,0,0,0,0,0,0,0,0,0
35,Ontario,Ontario,2/1/20,5,2020,1,3,0,0.02,0,0,0,0,0,3,0,0.02,0,0,0,0,0
24,Quebec,Québec,2/1/20,5,2020,1,0,0,0,0,0,0,0,0,0,0,0,0,0,0,0,0
10,Newfoundland and Labrador,Terre-Neuve-et-Labrador,2/1/20,5,2020,1,0,0,0,0,0,0,0,0,0,0,0,0,0,0,0,0
13,New Brunswick,Nouveau-Brunswick,2/1/20,5,2020,1,0,0,0,0,0,0,0,0,0,0,0,0,0,0,0,0
12,Nova Scotia,Nouvelle-Écosse,2/1/20,5,2020,1,0,0,0,0,0,0,0,0,0,0,0,0,0,0,0,0
11,Prince Edward Island,Île-du-Prince-Édouard,2/1/20,5,2020,1,0,0,0,0,0,0,0,0,0,0,0,0,0,0,0,0
60,Yukon,Yukon,2/1/20,5,2020,1,0,0,0,0,0,0,0,0,0,0,0,0,0,0,0,0
61,Northwest Territories,Territoires du Nord-Ouest,2/1/20,5,2020,1,0,0,0,0,0,0,0,0,0,0,0,0,0,0,0,0
62,Nunavut,Nunavut,2/1/20,5,2020,1,0,0,0,0,0,0,0,0,0,0,0,0,0,0,0,0
99,Repatriated travellers,Voyageurs rapatriés,2/1/20,5,2020,,0,0,,0,0,,,,0,0,,,0,,0,
1,Canada,Canada,2/1/20,5,2020,,4,1,0.01,0,0,0,0,0,4,0,0.01,0,0.14,0,0,0
59,British Columbia,Colombie-Britannique,2/8/20,6,2020,1,4,3,0.08,0,0,0,0.06,0,4,0,0.08,0,0.43,0.01,0,0
48,Alberta,Alberta,2/8/20,6,2020,1,0,0,0,0,0,0,0,0,0,0,0,0,0,0,0,0
47,Saskatchewan,Saskatchewan,2/8/20,6,2020,1,0,0,0,0,0,0,0,0,0,0,0,0,0,0,0,0
46,Manitoba,Manitoba,2/8/20,6,2020,1,0,0,0,0,0,0,0,0,0,0,0,0,0,0,0,0
35,Ontario,Ontario,2/8/20,6,2020,1,4,1,0.03,0,0,0,0.01,0,1,0,0.01,0,0.14,0,0,0
24,Quebec,Québec,2/8/20,6,2020,1,0,0,0,0,0,0,0,0,0,0,0,0,0,0,0,0
10,Newfoundland and Labrador,Terre-Neuve-et-Labrador,2/8/20,6,2020,1,0,0,0,0,0,0,0,0,0,0,0,0,0,0,0,0
13,New Brunswick,Nouveau-Brunswick,2/8/20,6,2020,1,0,0,0,0,0,0,0,0,0,0,0,0,0,0,0,0
12,Nova Scotia,Nouvelle-Écosse,2/8/20,6,2020,1,0,0,0,0,0,0,0,0,0,0,0,0,0,0,0,0
11,Prince Edward Island,Île-du-Prince-Édouard,2/8/20,6,2020,1,0,0,0,0,0,0,0,0,0,0,0,0,0,0,0,0
60,Yukon,Yukon,2/8/20,6,2020,1,0,0,0,0,0,0,0,0,0,0,0,0,0,0,0,0
61,Northwest Territories,Territoires du Nord-Ouest,2/8/20,6,2020,1,0,0,0,0,0,0,0,0,0,0,0,0,0,0,0,0
62,Nunavut,Nunavut,2/8/20,6,2020,1,0,0,0,0,0,0,0,0,0,0,0,0,0,0,0,0
99,Repatriated travellers,Voyageurs rapatriés,2/8/20,6,2020,,0,0,,0,0,,,,0,0,,,0,,0,
1,Canada,Canada,2/8/20,6,2020,,8,4,0.02,0,0,0,0.01,0,5,0,0.01,0,0.57,0,0,0
59,British Columbia,Colombie-Britannique,2/15/20,7,2020,1,4,0,0.08,0,0,0,0,0,3,0,0.06,0,0,0,0,0
48,Alberta,Alberta,2/15/20,7,2020,1,0,0,0,0,0,0,0,0,0,0,0,0,0,0,0,0
47,Saskatchewan,Saskatchewan,2/15/20,7,2020,1,0,0,0,0,0,0,0,0,0,0,0,0,0,0,0,0
46,Manitoba,Manitoba,2/15/20,7,2020,1,0,0,0,0,0,0,0,0,0,0,0,0,0,0,0,0
35,Ontario,Ontario,2/15/20,7,2020,1,4,0,0.03,0,0,0,0,0,1,0,0.01,0,0,0,0,0
24,Quebec,Québec,2/15/20,7,2020,1,0,0,0,0,0,0,0,0,0,0,0,0,0,0,0,0
10,Newfoundland and Labrador,Terre-Neuve-et-Labrador,2/15/20,7,2020,1,0,0,0,0,0,0,0,0,0,0,0,0,0,0,0,0
13,New Brunswick,Nouveau-Brunswick,2/15/20,7,2020,1,0,0,0,0,0,0,0,0,0,0,0,0,0,0,0,0
12,Nova Scotia,Nouvelle-Écosse,2/15/20,7,2020,1,0,0,0,0,0,0,0,0,0,0,0,0,0,0,0,0
11,Prince Edward Island,Île-du-Prince-Édouard,2/15/20,7,2020,1,0,0,0,0,0,0,0,0,0,0,0,0,0,0,0,0
60,Yukon,Yukon,2/15/20,7,2020,1,0,0,0,0,0,0,0,0,0,0,0,0,0,0,0,0
61,Northwest Territories,Territoires du Nord-Ouest,2/15/20,7,2020,1,0,0,0,0,0,0,0,0,0,0,0,0,0,0,0,0
62,Nunavut,Nunavut,2/15/20,7,2020,1,0,0,0,0,0,0,0,0,0,0,0,0,0,0,0,0
99,Repatriated travellers,Voyageurs rapatriés,2/15/20,7,2020,,0,0,,0,0,,,,0,0,,,0,,0,
1,Canada,Canada,2/15/20,7,2020,,8,0,0.02,0,0,0,0,0,4,0,0.01,0,0,0,0,0
59,British Columbia,Colombie-Britannique,2/22/20,8,2020,1,6,2,0.11,0,0,0,0.04,0,2,0,0.04,0,0.29,0.01,0,0
48,Alberta,Alberta,2/22/20,8,2020,1,0,0,0,0,0,0,0,0,0,0,0,0,0,0,0,0
47,Saskatchewan,Saskatchewan,2/22/20,8,2020,1,0,0,0,0,0,0,0,0,0,0,0,0,0,0,0,0
46,Manitoba,Manitoba,2/22/20,8,2020,1,0,0,0,0,0,0,0,0,0,0,0,0,0,0,0,0
35,Ontario,Ontario,2/22/20,8,2020,1,5,1,0.03,0,0,0,0.01,0,1,0,0.01,0,0.14,0,0,0
24,Quebec,Québec,2/22/20,8,2020,1,0,0,0,0,0,0,0,0,0,0,0,0,0,0,0,0
10,Newfoundland and Labrador,Terre-Neuve-et-Labrador,2/22/20,8,2020,1,0,0,0,0,0,0,0,0,0,0,0,0,0,0,0,0
13,New Brunswick,Nouveau-Brunswick,2/22/20,8,2020,1,0,0,0,0,0,0,0,0,0,0,0,0,0,0,0,0
12,Nova Scotia,Nouvelle-Écosse,2/22/20,8,2020,1,0,0,0,0,0,0,0,0,0,0,0,0,0,0,0,0
11,Prince Edward Island,Île-du-Prince-Édouard,2/22/20,8,2020,1,0,0,0,0,0,0,0,0,0,0,0,0,0,0,0,0
60,Yukon,Yukon,2/22/20,8,2020,1,0,0,0,0,0,0,0,0,0,0,0,0,0,0,0,0
61,Northwest Territories,Territoires du Nord-Ouest,2/22/20,8,2020,1,0,0,0,0,0,0,0,0,0,0,0,0,0,0,0,0
62,Nunavut,Nunavut,2/22/20,8,2020,1,0,0,0,0,0,0,0,0,0,0,0,0,0,0,0,0
99,Repatriated travellers,Voyageurs rapatriés,2/22/20,8,2020,,0,0,,0,0,,,,0,0,,,0,,0,
1,Canada,Canada,2/22/20,8,2020,,11,3,0.03,0,0,0,0.01,0,3,0,0.01,0,0.43,0,0,0
59,British Columbia,Colombie-Britannique,2/29/20,9,2020,1,7,1,0.13,0,0,0,0.02,0,3,0,0.06,0,0.14,0,0,0
48,Alberta,Alberta,2/29/20,9,2020,1,0,0,0,0,0,0,0,0,0,0,0,0,0,0,0,0
47,Saskatchewan,Saskatchewan,2/29/20,9,2020,1,0,0,0,0,0,0,0,0,0,0,0,0,0,0,0,0
46,Manitoba,Manitoba,2/29/20,9,2020,1,0,0,0,0,0,0,0,0,0,0,0,0,0,0,0,0
35,Ontario,Ontario,2/29/20,9,2020,1,18,13,0.12,0,0,0,0.09,0,14,0,0.09,0,1.86,0.01,0,0
24,Quebec,Québec,2/29/20,9,2020,1,0,0,0,0,0,0,0,0,0,0,0,0,0,0,0,0
10,Newfoundland and Labrador,Terre-Neuve-et-Labrador,2/29/20,9,2020,1,0,0,0,0,0,0,0,0,0,0,0,0,0,0,0,0
13,New Brunswick,Nouveau-Brunswick,2/29/20,9,2020,1,0,0,0,0,0,0,0,0,0,0,0,0,0,0,0,0
12,Nova Scotia,Nouvelle-Écosse,2/29/20,9,2020,1,0,0,0,0,0,0,0,0,0,0,0,0,0,0,0,0
11,Prince Edward Island,Île-du-Prince-Édouard,2/29/20,9,2020,1,0,0,0,0,0,0,0,0,0,0,0,0,0,0,0,0
60,Yukon,Yukon,2/29/20,9,2020,1,0,0,0,0,0,0,0,0,0,0,0,0,0,0,0,0
61,Northwest Territories,Territoires du Nord-Ouest,2/29/20,9,2020,1,0,0,0,0,0,0,0,0,0,0,0,0,0,0,0,0
62,Nunavut,Nunavut,2/29/20,9,2020,1,0,0,0,0,0,0,0,0,0,0,0,0,0,0,0,0
99,Repatriated travellers,Voyageurs rapatriés,2/29/20,9,2020,,0,0,,0,0,,,,0,0,,,0,,0,
1,Canada,Canada,2/29/20,9,2020,,25,14,0.06,0,0,0,0.04,0,17,0,0.04,0,2,0.01,0,0
59,British Columbia,Colombie-Britannique,3/7/20,10,2020,1,27,20,0.51,0,0,0,0.38,0,21,0,0.39,0,2.86,0.05,0,0
48,Alberta,Alberta,3/7/20,10,2020,1,2,2,0.04,0,0,0,0.04,0,2,0,0.04,0,0.29,0.01,0,0
47,Saskatchewan,Saskatchewan,3/7/20,10,2020,1,0,0,0,0,0,0,0,0,0,0,0,0,0,0,0,0
46,Manitoba,Manitoba,3/7/20,10,2020,1,0,0,0,0,0,0,0,0,0,0,0,0,0,0,0,0
35,Ontario,Ontario,3/7/20,10,2020,1,33,15,0.22,0,0,0,0.1,0,28,0,0.19,0,2.14,0.01,0,0
24,Quebec,Québec,3/7/20,10,2020,1,1,1,0.01,0,0,0,0.01,0,1,0,0.01,0,0.14,0,0,0
10,Newfoundland and Labrador,Terre-Neuve-et-Labrador,3/7/20,10,2020,1,0,0,0,0,0,0,0,0,0,0,0,0,0,0,0,0
13,New Brunswick,Nouveau-Brunswick,3/7/20,10,2020,1,0,0,0,0,0,0,0,0,0,0,0,0,0,0,0,0
12,Nova Scotia,Nouvelle-Écosse,3/7/20,10,2020,1,0,0,0,0,0,0,0,0,0,0,0,0,0,0,0,0
11,Prince Edward Island,Île-du-Prince-Édouard,3/7/20,10,2020,1,0,0,0,0,0,0,0,0,0,0,0,0,0,0,0,0
60,Yukon,Yukon,3/7/20,10,2020,1,0,0,0,0,0,0,0,0,0,0,0,0,0,0,0,0
61,Northwest Territories,Territoires du Nord-Ouest,3/7/20,10,2020,1,0,0,0,0,0,0,0,0,0,0,0,0,0,0,0,0
62,Nunavut,Nunavut,3/7/20,10,2020,1,0,0,0,0,0,0,0,0,0,0,0,0,0,0,0,0
99,Repatriated travellers,Voyageurs rapatriés,3/7/20,10,2020,,0,0,,0,0,,,,0,0,,,0,,0,
1,Canada,Canada,3/7/20,10,2020,,63,38,0.16,0,0,0,0.1,0,52,0,0.13,0,5.43,0.01,0,0
59,British Columbia,Colombie-Britannique,3/14/20,11,2020,1,64,37,1.2,1,1,0.02,0.7,0.02,57,1,1.07,0.02,5.29,0.1,0.14,0
48,Alberta,Alberta,3/14/20,11,2020,1,56,54,1.23,0,0,0,1.19,0,56,0,1.23,0,7.71,0.17,0,0
47,Saskatchewan,Saskatchewan,3/14/20,11,2020,1,2,2,0.17,0,0,0,0.17,0,2,0,0.17,0,0.29,0.02,0,0
46,Manitoba,Manitoba,3/14/20,11,2020,1,4,4,0.28,0,0,0,0.28,0,4,0,0.28,0,0.57,0.04,0,0
35,Ontario,Ontario,3/14/20,11,2020,1,181,148,1.2,1,1,0.01,0.98,0.01,163,1,1.08,0.01,21.14,0.14,0.14,0
24,Quebec,Québec,3/14/20,11,2020,1,7,6,0.08,1,1,0.01,0.07,0.01,7,1,0.08,0.01,0.86,0.01,0.14,0
10,Newfoundland and Labrador,Terre-Neuve-et-Labrador,3/14/20,11,2020,1,0,0,0,0,0,0,0,0,0,0,0,0,0,0,0,0
13,New Brunswick,Nouveau-Brunswick,3/14/20,11,2020,1,2,2,0.25,0,0,0,0.25,0,2,0,0.25,0,0.29,0.04,0,0
12,Nova Scotia,Nouvelle-Écosse,3/14/20,11,2020,1,2,2,0.2,0,0,0,0.2,0,2,0,0.2,0,0.31,0.03,0,0
11,Prince Edward Island,Île-du-Prince-Édouard,3/14/20,11,2020,1,1,1,0.59,0,0,0,0.59,0,1,0,0.59,0,0.08,0.05,0,0
60,Yukon,Yukon,3/14/20,11,2020,1,0,0,0,0,0,0,0,0,0,0,0,0,0,0,0,0
61,Northwest Territories,Territoires du Nord-Ouest,3/14/20,11,2020,1,0,0,0,0,0,0,0,0,0,0,0,0,0,0,0,0
62,Nunavut,Nunavut,3/14/20,11,2020,1,0,0,0,0,0,0,0,0,0,0,0,0,0,0,0,0
99,Repatriated travellers,Voyageurs rapatriés,3/14/20,11,2020,,2,2,,0,0,,,,2,0,,,0.29,,0,
1,Canada,Canada,3/14/20,11,2020,,321,258,0.82,3,3,0.01,0.66,0.01,296,3,0.76,0.01,36.86,0.09,0.43,0
59,British Columbia,Colombie-Britannique,3/21/20,12,2020,1,424,360,7.97,10,9,0.19,6.77,0.17,397,10,7.46,0.19,51.43,0.97,1.29,0.02
48,Alberta,Alberta,3/21/20,12,2020,1,244,188,5.37,1,1,0.02,4.14,0.02,242,1,5.33,0.02,26.86,0.59,0.14,0
47,Saskatchewan,Saskatchewan,3/21/20,12,2020,1,44,42,3.68,0,0,0,3.52,0,44,0,3.68,0,6,0.5,0,0
46,Manitoba,Manitoba,3/21/20,12,2020,1,19,15,1.35,0,0,0,1.06,0,19,0,1.35,0,2.14,0.15,0,0
35,Ontario,Ontario,3/21/20,12,2020,1,628,447,4.16,2,1,0.01,2.96,0.01,595,2,3.94,0.01,63.86,0.42,0.14,0
24,Quebec,Québec,3/21/20,12,2020,1,288,281,3.31,5,4,0.06,3.23,0.05,287,5,3.3,0.06,40.14,0.46,0.57,0.01
10,Newfoundland and Labrador,Terre-Neuve-et-Labrador,3/21/20,12,2020,1,6,6,1.14,0,0,0,1.14,0,6,0,1.14,0,0.86,0.16,0,0
13,New Brunswick,Nouveau-Brunswick,3/21/20,12,2020,1,17,15,2.09,0,0,0,1.85,0,17,0,2.09,0,2.14,0.26,0,0
12,Nova Scotia,Nouvelle-Écosse,3/21/20,12,2020,1,30,28,2.94,0,0,0,2.75,0,30,0,2.94,0,4,0.39,0,0
11,Prince Edward Island,Île-du-Prince-Édouard,3/21/20,12,2020,1,2,2,1.17,0,0,0,1.17,0,3,0,1.76,0,0.22,0.13,0,0
60,Yukon,Yukon,3/21/20,12,2020,1,1,1,2.28,0,0,0,2.28,0,1,0,2.28,0,0.1,0.22,0,0
61,Northwest Territories,Territoires du Nord-Ouest,3/21/20,12,2020,1,1,1,2.19,0,0,0,2.19,0,1,0,2.19,0,0.1,0.22,0,0
62,Nunavut,Nunavut,3/21/20,12,2020,1,0,0,0,0,0,0,0,0,0,0,0,0,0,0,0,0
99,Repatriated travellers,Voyageurs rapatriés,3/21/20,12,2020,,13,11,,0,0,,,,13,0,,,1.57,,0,
1,Canada,Canada,3/21/20,12,2020,,1717,1397,4.41,18,15,0.05,3.59,0.04,1655,18,4.25,0.05,199.57,0.51,2.14,0.01
59,British Columbia,Colombie-Britannique,3/28/20,13,2020,1,884,460,16.62,16,6,0.3,8.65,0.11,820,15,15.42,0.28,65.71,1.24,0.86,0.02
48,Alberta,Alberta,3/28/20,13,2020,1,666,422,14.66,1,0,0.02,9.29,0,610,1,13.43,0.02,60.29,1.33,0,0
47,Saskatchewan,Saskatchewan,3/28/20,13,2020,1,134,90,11.22,0,0,0,7.53,0,132,0,11.05,0,12.86,1.08,0,0
46,Manitoba,Manitoba,3/28/20,13,2020,1,64,45,4.54,1,1,0.07,3.19,0.07,60,1,4.26,0.07,6.43,0.46,0.14,0.01
35,Ontario,Ontario,3/28/20,13,2020,1,1955,1327,12.94,29,27,0.19,8.78,0.18,1774,28,11.74,0.19,189.57,1.25,3.86,0.03
24,Quebec,Québec,3/28/20,13,2020,1,2368,2080,27.23,41,36,0.47,23.92,0.41,2361,40,27.15,0.46,297.14,3.42,5.14,0.06
10,Newfoundland and Labrador,Terre-Neuve-et-Labrador,3/28/20,13,2020,1,120,114,22.81,0,0,0,21.67,0,120,0,22.81,0,16.29,3.1,0.06,0.01
13,New Brunswick,Nouveau-Brunswick,3/28/20,13,2020,1,51,34,6.28,0,0,0,4.19,0,49,0,6.03,0,4.86,0.6,0,0
12,Nova Scotia,Nouvelle-Écosse,3/28/20,13,2020,1,102,72,10,0,0,0,7.06,0,100,0,9.81,0,10.33,1.01,0,0
11,Prince Edward Island,Île-du-Prince-Édouard,3/28/20,13,2020,1,13,11,7.62,0,0,0,6.44,0,13,0,7.62,0,1.59,0.93,0,0
60,Yukon,Yukon,3/28/20,13,2020,1,4,3,9.13,0,0,0,6.85,0,4,0,9.13,0,0.43,0.98,0,0
61,Northwest Territories,Territoires du Nord-Ouest,3/28/20,13,2020,1,1,0,2.19,0,0,0,0,0,1,0,2.19,0,0.04,0.09,0,0
62,Nunavut,Nunavut,3/28/20,13,2020,1,0,0,0,0,0,0,0,0,0,0,0,0,0,0,0,0
99,Repatriated travellers,Voyageurs rapatriés,3/28/20,13,2020,,13,0,,0,0,,,,11,0,,,0,,0,
1,Canada,Canada,3/28/20,13,2020,,6375,4658,16.38,88,70,0.23,11.97,0.18,6055,85,15.55,0.22,665.43,1.71,10,0.03
59,British Columbia,Colombie-Britannique,4/4/20,14,2020,1,1203,319,22.62,38,22,0.71,6,0.41,779,28,14.64,0.53,45.57,0.86,3.14,0.06
48,Alberta,Alberta,4/4/20,14,2020,1,1232,566,27.12,23,22,0.51,12.46,0.48,988,22,21.75,0.48,80.86,1.78,3.14,0.07
47,Saskatchewan,Saskatchewan,4/4/20,14,2020,1,231,97,19.33,3,3,0.25,8.12,0.25,187,3,15.65,0.25,13.86,1.16,0.43,0.04
46,Manitoba,Manitoba,4/4/20,14,2020,1,194,130,13.77,2,1,0.14,9.22,0.07,175,2,12.42,0.14,18.57,1.32,0.14,0.01
35,Ontario,Ontario,4/4/20,14,2020,1,4753,2798,31.46,176,147,1.16,18.52,0.97,4125,174,27.3,1.15,399.71,2.65,21,0.14
24,Quebec,Québec,4/4/20,14,2020,1,6749,4381,77.61,188,147,2.16,50.38,1.69,6461,183,74.3,2.1,625.86,7.2,21,0.24
10,Newfoundland and Labrador,Terre-Neuve-et-Labrador,4/4/20,14,2020,1,195,75,37.07,1,1,0.19,14.26,0.19,189,1,35.93,0.19,10.71,2.04,0.14,0.03
13,New Brunswick,Nouveau-Brunswick,4/4/20,14,2020,1,98,47,12.07,0,0,0,5.79,0,81,0,9.97,0,6.71,0.83,0,0
12,Nova Scotia,Nouvelle-Écosse,4/4/20,14,2020,1,246,143,24.12,0,0,0,14.02,0,215,0,21.08,0,20.45,2.01,0,0
11,Prince Edward Island,Île-du-Prince-Édouard,4/4/20,14,2020,1,22,8,12.89,0,0,0,4.69,0,19,0,11.13,0,1.18,0.69,0,0
60,Yukon,Yukon,4/4/20,14,2020,1,6,3,13.7,0,0,0,6.85,0,6,0,13.7,0,0.38,0.87,0,0
61,Northwest Territories,Territoires du Nord-Ouest,4/4/20,14,2020,1,4,3,8.77,0,0,0,6.58,0,3,0,6.58,0,0.41,0.89,0,0
62,Nunavut,Nunavut,4/4/20,14,2020,1,0,0,0,0,0,0,0,0,0,0,0,0,0,0,0,0
99,Repatriated travellers,Voyageurs rapatriés,4/4/20,14,2020,,13,0,,0,0,,,,0,0,,,0,,0,
1,Canada,Canada,4/4/20,14,2020,,14946,8570,38.39,431,343,1.11,22.01,0.88,13228,413,33.98,1.06,1224.29,3.14,49,0.13
59,British Columbia,Colombie-Britannique,4/11/20,15,2020,1,1445,242,27.17,58,20,1.09,4.55,0.38,561,42,10.55,0.79,34.57,0.65,2.86,0.05
48,Alberta,Alberta,4/11/20,15,2020,1,1553,321,34.18,45,22,0.99,7.07,0.48,887,44,19.52,0.97,45.86,1.01,3.14,0.07
47,Saskatchewan,Saskatchewan,4/11/20,15,2020,1,289,58,24.19,4,1,0.33,4.85,0.08,155,4,12.97,0.33,8.29,0.69,0.14,0.01
46,Manitoba,Manitoba,4/11/20,15,2020,1,242,48,17.17,4,2,0.28,3.41,0.14,178,3,12.63,0.21,6.86,0.49,0.29,0.02
35,Ontario,Ontario,4/11/20,15,2020,1,7921,3168,52.42,430,254,2.85,20.97,1.68,5966,401,39.49,2.65,452.57,3,36.29,0.24
24,Quebec,Québec,4/11/20,15,2020,1,11263,4514,129.52,581,393,6.68,51.91,4.52,8895,540,102.29,6.21,644.86,7.42,56.14,0.65
10,Newfoundland and Labrador,Terre-Neuve-et-Labrador,4/11/20,15,2020,1,241,46,45.82,2,1,0.38,8.75,0.19,121,2,23.01,0.38,6.57,1.25,0.14,0.03
13,New Brunswick,Nouveau-Brunswick,4/11/20,15,2020,1,112,14,13.79,0,0,0,1.72,0,61,0,7.51,0,2,0.25,0,0
12,Nova Scotia,Nouvelle-Écosse,4/11/20,15,2020,1,422,177,41.38,2,2,0.2,17.36,0.2,320,2,31.38,0.2,25.24,2.48,0.31,0.03
11,Prince Edward Island,Île-du-Prince-Édouard,4/11/20,15,2020,1,24,2,14.06,0,0,0,1.17,0,10,0,5.86,0,0.31,0.18,0,0
60,Yukon,Yukon,4/11/20,15,2020,1,8,2,18.27,0,0,0,4.57,0,5,0,11.42,0,0.24,0.54,0,0
61,Northwest Territories,Territoires du Nord-Ouest,4/11/20,15,2020,1,5,1,10.96,0,0,0,2.19,0,4,0,8.77,0,0.16,0.36,0,0
62,Nunavut,Nunavut,4/11/20,15,2020,1,0,0,0,0,0,0,0,0,0,0,0,0,0,0,0,0
99,Repatriated travellers,Voyageurs rapatriés,4/11/20,15,2020,,13,0,,0,0,,,,0,0,,,0,,0,
1,Canada,Canada,4/11/20,15,2020,,23538,8593,60.46,1126,695,2.89,22.07,1.79,17163,1038,44.09,2.67,1227.57,3.15,99.29,0.26
59,British Columbia,Colombie-Britannique,4/18/20,16,2020,1,1618,173,30.42,78,20,1.47,3.25,0.38,415,40,7.8,0.75,24.71,0.46,2.86,0.05
48,Alberta,Alberta,4/18/20,16,2020,1,2495,942,54.92,57,12,1.25,20.73,0.26,1263,34,27.8,0.75,134.57,2.96,1.71,0.04
47,Saskatchewan,Saskatchewan,4/18/20,16,2020,1,313,24,26.2,4,0,0.33,2.01,0,82,1,6.86,0.08,3.43,0.29,0,0
46,Manitoba,Manitoba,4/18/20,16,2020,1,253,11,17.95,5,1,0.35,0.78,0.07,59,3,4.19,0.21,1.57,0.11,0.14,0.01
35,Ontario,Ontario,4/18/20,16,2020,1,12182,4261,80.63,799,369,5.29,28.2,2.44,7429,623,49.17,4.12,608.71,4.03,52.71,0.35
24,Quebec,Québec,4/18/20,16,2020,1,17262,5999,198.51,1180,599,13.57,68.99,6.89,10513,992,120.9,11.41,857,9.86,85.57,0.98
10,Newfoundland and Labrador,Terre-Neuve-et-Labrador,4/18/20,16,2020,1,256,15,48.67,3,1,0.57,2.85,0.19,61,2,11.6,0.38,2.14,0.41,0.08,0.02
13,New Brunswick,Nouveau-Brunswick,4/18/20,16,2020,1,118,6,14.53,0,0,0,0.74,0,20,0,2.46,0,0.86,0.11,0,0
12,Nova Scotia,Nouvelle-Écosse,4/18/20,16,2020,1,650,228,63.74,7,5,0.69,22.36,0.49,405,7,39.72,0.69,32.59,3.2,0.73,0.07
11,Prince Edward Island,Île-du-Prince-Édouard,4/18/20,16,2020,1,26,2,15.23,0,0,0,1.17,0,4,0,2.34,0,0.27,0.16,0,0
60,Yukon,Yukon,4/18/20,16,2020,1,10,2,22.84,0,0,0,4.57,0,4,0,9.13,0,0.24,0.54,0,0
61,Northwest Territories,Territoires du Nord-Ouest,4/18/20,16,2020,1,5,0,10.96,0,0,0,0,0,1,0,2.19,0,0,0,0,0
62,Nunavut,Nunavut,4/18/20,16,2020,1,0,0,0,0,0,0,0,0,0,0,0,0,0,0,0,0
99,Repatriated travellers,Voyageurs rapatriés,4/18/20,16,2020,,13,0,,0,0,,,,0,0,,,0,,0,
1,Canada,Canada,4/18/20,16,2020,,35201,11663,90.42,2133,1007,5.48,29.96,2.59,20256,1702,52.03,4.37,1666.14,4.28,143.86,0.37
59,British Columbia,Colombie-Britannique,4/25/20,17,2020,1,1948,330,36.62,100,22,1.88,6.2,0.41,503,42,9.46,0.79,47.14,0.89,3.14,0.06
48,Alberta,Alberta,4/25/20,17,2020,1,4231,1736,93.13,84,27,1.85,38.21,0.59,2678,39,58.95,0.86,248,5.46,3.86,0.08
47,Saskatchewan,Saskatchewan,4/25/20,17,2020,1,349,36,29.21,4,0,0.33,3.01,0,60,0,5.02,0,5.14,0.43,0,0
46,Manitoba,Manitoba,4/25/20,17,2020,1,267,14,18.95,6,1,0.43,0.99,0.07,25,2,1.77,0.14,2,0.14,0.14,0.01
35,Ontario,Ontario,4/25/20,17,2020,1,15835,3653,104.8,1266,467,8.38,24.18,3.09,7914,836,52.38,5.53,521.86,3.45,66.71,0.44
24,Quebec,Québec,4/25/20,17,2020,1,22279,5017,256.21,1929,749,22.18,57.7,8.61,11016,1348,126.68,15.5,716.71,8.24,107,1.23
10,Newfoundland and Labrador,Terre-Neuve-et-Labrador,4/25/20,17,2020,1,257,1,48.86,3,0,0.57,0.19,0,16,1,3.04,0.19,0.14,0.03,0,0
13,New Brunswick,Nouveau-Brunswick,4/25/20,17,2020,1,118,0,14.53,0,0,0,0,0,6,0,0.74,0,0,0,0,0
12,Nova Scotia,Nouvelle-Écosse,4/25/20,17,2020,1,849,198,83.26,20,12,1.96,19.42,1.18,426,17,41.78,1.67,28.35,2.78,1.78,0.17
11,Prince Edward Island,Île-du-Prince-Édouard,4/25/20,17,2020,1,27,1,15.82,0,0,0,0.59,0,3,0,1.76,0,0.14,0.08,0,0
60,Yukon,Yukon,4/25/20,17,2020,1,11,1,25.12,0,0,0,2.28,0,3,0,6.85,0,0.19,0.43,0,0
61,Northwest Territories,Territoires du Nord-Ouest,4/25/20,17,2020,1,5,0,10.96,0,0,0,0,0,0,0,0,0,0,0,0,0
62,Nunavut,Nunavut,4/25/20,17,2020,1,0,0,0,0,0,0,0,0,0,0,0,0,0,0,0,0
99,Repatriated travellers,Voyageurs rapatriés,4/25/20,17,2020,,13,0,,0,0,,,,0,0,,,0,,0,
1,Canada,Canada,4/25/20,17,2020,,46189,10987,118.65,3412,1278,8.76,28.22,3.28,22650,2285,58.18,5.87,1569.57,4.03,182.57,0.47
59,British Columbia,Colombie-Britannique,5/2/20,18,2020,1,2171,223,40.81,114,14,2.14,4.19,0.26,553,36,10.4,0.68,31.86,0.6,2,0.04
48,Alberta,Alberta,5/2/20,18,2020,1,5567,1336,122.54,104,20,2.29,29.41,0.44,3072,47,67.62,1.03,190.86,4.2,2.86,0.06
47,Saskatchewan,Saskatchewan,5/2/20,18,2020,1,421,72,35.24,6,2,0.5,6.03,0.17,108,2,9.04,0.17,10.29,0.86,0.29,0.02
46,Manitoba,Manitoba,5/2/20,18,2020,1,280,13,19.87,6,0,0.43,0.92,0,27,1,1.92,0.07,1.86,0.13,0,0
35,Ontario,Ontario,5/2/20,18,2020,1,18743,2908,124.05,1695,429,11.22,19.25,2.84,6561,896,43.42,5.93,415.43,2.75,61.29,0.41
24,Quebec,Québec,5/2/20,18,2020,1,27644,5365,317.91,2767,838,31.82,61.7,9.64,10382,1587,119.39,18.25,766.43,8.81,119.71,1.38
10,Newfoundland and Labrador,Terre-Neuve-et-Labrador,5/2/20,18,2020,1,259,2,49.24,3,0,0.57,0.38,0,3,0,0.57,0,0.29,0.05,0,0
13,New Brunswick,Nouveau-Brunswick,5/2/20,18,2020,1,118,0,14.53,0,0,0,0,0,0,0,0,0,0,0,0,0
12,Nova Scotia,Nouvelle-Écosse,5/2/20,18,2020,1,961,112,94.24,34,14,3.33,10.98,1.37,310,26,30.4,2.55,15.98,1.57,2.04,0.2
11,Prince Edward Island,Île-du-Prince-Édouard,5/2/20,18,2020,1,27,0,15.82,0,0,0,0,0,1,0,0.59,0,0.06,0.04,0,0
60,Yukon,Yukon,5/2/20,18,2020,1,11,0,25.12,0,0,0,0,0,1,0,2.28,0,0,0,0,0
61,Northwest Territories,Territoires du Nord-Ouest,5/2/20,18,2020,1,5,0,10.96,0,0,0,0,0,0,0,0,0,0,0,0,0
62,Nunavut,Nunavut,5/2/20,18,2020,1,0,0,0,0,0,0,0,0,0,0,0,0,0,0,0,0
99,Repatriated travellers,Voyageurs rapatriés,5/2/20,18,2020,,13,0,,0,0,,,,0,0,,,0,,0,
1,Canada,Canada,5/2/20,18,2020,,56220,10031,144.41,4729,1317,12.15,25.77,3.38,21018,2595,53.99,6.67,1433,3.68,188.14,0.48
59,British Columbia,Colombie-Britannique,5/9/20,19,2020,1,2330,159,43.8,129,15,2.43,2.99,0.28,382,29,7.18,0.55,22.71,0.43,2.14,0.04
48,Alberta,Alberta,5/9/20,19,2020,1,6092,525,134.09,117,13,2.58,11.56,0.29,1861,33,40.96,0.73,75,1.65,1.86,0.04
47,Saskatchewan,Saskatchewan,5/9/20,19,2020,1,553,132,46.28,6,0,0.5,11.05,0,204,2,17.07,0.17,18.86,1.58,0,0
46,Manitoba,Manitoba,5/9/20,19,2020,1,284,4,20.15,7,1,0.5,0.28,0.07,17,1,1.21,0.07,0.57,0.04,0.14,0.01
35,Ontario,Ontario,5/9/20,19,2020,1,21104,2361,139.67,2021,326,13.38,15.63,2.16,5269,755,34.87,5,337.29,2.23,46.57,0.31
24,Quebec,Québec,5/9/20,19,2020,1,32751,5107,376.64,3424,657,39.38,58.73,7.56,10472,1495,120.43,17.19,729.57,8.39,93.86,1.08
10,Newfoundland and Labrador,Terre-Neuve-et-Labrador,5/9/20,19,2020,1,260,1,49.43,3,0,0.57,0.19,0,3,0,0.57,0,0.14,0.03,0,0
13,New Brunswick,Nouveau-Brunswick,5/9/20,19,2020,1,120,2,14.78,0,0,0,0.25,0,2,0,0.25,0,0.29,0.04,0,0
12,Nova Scotia,Nouvelle-Écosse,5/9/20,19,2020,1,1009,49,98.95,45,11,4.41,4.81,1.08,161,25,15.79,2.45,6.94,0.68,1.59,0.16
11,Prince Edward Island,Île-du-Prince-Édouard,5/9/20,19,2020,1,27,0,15.82,0,0,0,0,0,0,0,0,0,0,0,0,0
60,Yukon,Yukon,5/9/20,19,2020,1,11,0,25.12,0,0,0,0,0,0,0,0,0,0,0,0,0
61,Northwest Territories,Territoires du Nord-Ouest,5/9/20,19,2020,1,5,0,10.96,0,0,0,0,0,0,0,0,0,0,0,0,0
62,Nunavut,Nunavut,5/9/20,19,2020,1,0,0,0,0,0,0,0,0,0,0,0,0,0,0,0,0
99,Repatriated travellers,Voyageurs rapatriés,5/9/20,19,2020,,13,0,,0,0,,,,0,0,,,0,,0,
1,Canada,Canada,5/9/20,19,2020,,64559,8340,165.83,5752,1023,14.78,21.42,2.63,18371,2340,47.19,6.01,1191.43,3.06,146.14,0.38
59,British Columbia,Colombie-Britannique,5/16/20,20,2020,1,2428,98,45.64,141,12,2.65,1.84,0.23,257,27,4.83,0.51,14,0.26,1.71,0.03
48,Alberta,Alberta,5/16/20,20,2020,1,6530,438,143.73,128,11,2.82,9.64,0.24,963,24,21.2,0.53,62.57,1.38,1.57,0.03
47,Saskatchewan,Saskatchewan,5/16/20,20,2020,1,591,38,49.46,6,0,0.5,3.18,0,170,0,14.23,0,5.43,0.45,0,0
46,Manitoba,Manitoba,5/16/20,20,2020,1,289,5,20.51,7,0,0.5,0.35,0,9,1,0.64,0.07,0.71,0.05,0,0
35,Ontario,Ontario,5/16/20,20,2020,1,23329,2225,154.4,2253,232,14.91,14.73,1.54,4586,558,30.35,3.69,317.86,2.1,33.14,0.22
24,Quebec,Québec,5/16/20,20,2020,1,37435,4684,430.5,3963,539,45.57,53.87,6.2,9791,1196,112.6,13.75,669.14,7.7,77,0.89
10,Newfoundland and Labrador,Terre-Neuve-et-Labrador,5/16/20,20,2020,1,260,0,49.43,3,0,0.57,0,0,1,0,0.19,0,0,0,0,0
13,New Brunswick,Nouveau-Brunswick,5/16/20,20,2020,1,120,0,14.78,0,0,0,0,0,2,0,0.25,0,0,0,0,0
12,Nova Scotia,Nouvelle-Écosse,5/16/20,20,2020,1,1036,27,101.6,53,8,5.2,2.65,0.78,76,19,7.45,1.86,3.84,0.38,1.12,0.11
11,Prince Edward Island,Île-du-Prince-Édouard,5/16/20,20,2020,1,27,0,15.82,0,0,0,0,0,0,0,0,0,0,0,0,0
60,Yukon,Yukon,5/16/20,20,2020,1,11,0,25.12,0,0,0,0,0,0,0,0,0,0,0,0,0
61,Northwest Territories,Territoires du Nord-Ouest,5/16/20,20,2020,1,5,0,10.96,0,0,0,0,0,0,0,0,0,0,0,0,0
62,Nunavut,Nunavut,5/16/20,20,2020,1,0,0,0,0,0,0,0,0,0,0,0,0,0,0,0,0
99,Repatriated travellers,Voyageurs rapatriés,5/16/20,20,2020,,13,0,,0,0,,,,0,0,,,0,,0,
1,Canada,Canada,5/16/20,20,2020,,72074,7515,185.14,6554,802,16.84,19.3,2.06,15855,1825,40.73,4.69,1073.57,2.76,114.57,0.29
59,British Columbia,Colombie-Britannique,5/23/20,21,2020,1,2517,89,47.32,157,16,2.95,1.67,0.3,187,28,3.52,0.53,12.71,0.24,2.29,0.04
48,Alberta,Alberta,5/23/20,21,2020,1,6773,243,149.08,139,11,3.06,5.35,0.24,681,22,14.99,0.48,34.71,0.76,1.57,0.03
47,Saskatchewan,Saskatchewan,5/23/20,21,2020,1,630,39,52.73,7,1,0.59,3.26,0.08,77,1,6.44,0.08,5.57,0.47,0.14,0.01
46,Manitoba,Manitoba,5/23/20,21,2020,1,292,3,20.72,7,0,0.5,0.21,0,8,0,0.57,0,0.43,0.03,0,0
35,Ontario,Ontario,5/23/20,21,2020,1,25950,2621,171.75,2421,168,16.02,17.35,1.11,4846,400,32.07,2.65,374.43,2.48,24,0.16
24,Quebec,Québec,5/23/20,21,2020,1,41559,4124,477.93,4388,425,50.46,47.43,4.89,8808,964,101.29,11.09,589.14,6.78,60.71,0.7
10,Newfoundland and Labrador,Terre-Neuve-et-Labrador,5/23/20,21,2020,1,260,0,49.43,3,0,0.57,0,0,0,0,0,0,0,0,0,0
13,New Brunswick,Nouveau-Brunswick,5/23/20,21,2020,1,121,1,14.9,0,0,0,0.12,0,1,0,0.12,0,0.14,0.02,0,0
12,Nova Scotia,Nouvelle-Écosse,5/23/20,21,2020,1,1049,13,102.87,57,4,5.59,1.27,0.39,40,12,3.92,1.18,1.8,0.18,0.59,0.06
11,Prince Edward Island,Île-du-Prince-Édouard,5/23/20,21,2020,1,27,0,15.82,0,0,0,0,0,0,0,0,0,0,0,0,0
60,Yukon,Yukon,5/23/20,21,2020,1,11,0,25.12,0,0,0,0,0,0,0,0,0,0,0,0,0
61,Northwest Territories,Territoires du Nord-Ouest,5/23/20,21,2020,1,5,0,10.96,0,0,0,0,0,0,0,0,0,0,0,0,0
62,Nunavut,Nunavut,5/23/20,21,2020,1,0,0,0,0,0,0,0,0,0,0,0,0,0,0,0,0
99,Repatriated travellers,Voyageurs rapatriés,5/23/20,21,2020,,13,0,,0,0,,,,0,0,,,0,,0,
1,Canada,Canada,5/23/20,21,2020,,79207,7133,203.46,7179,625,18.44,18.32,1.61,14648,1427,37.63,3.67,1019,2.62,89.29,0.23
59,British Columbia,Colombie-Britannique,5/30/20,22,2020,1,2573,56,48.37,164,7,3.08,1.05,0.13,145,23,2.73,0.43,8,0.15,1,0.02
48,Alberta,Alberta,5/30/20,22,2020,1,6939,166,152.74,144,5,3.17,3.65,0.11,409,16,9,0.35,23.71,0.52,0.71,0.02
47,Saskatchewan,Saskatchewan,5/30/20,22,2020,1,645,15,53.98,10,3,0.84,1.26,0.25,54,4,4.52,0.33,2.14,0.18,0.43,0.04
46,Manitoba,Manitoba,5/30/20,22,2020,1,294,2,20.86,7,0,0.5,0.14,0,5,0,0.35,0,0.29,0.02,0,0
35,Ontario,Ontario,5/30/20,22,2020,1,28563,2613,189.04,2605,184,17.24,17.29,1.22,5234,352,34.64,2.33,373.29,2.47,26.29,0.17
24,Quebec,Québec,5/30/20,22,2020,1,44400,2841,510.6,4793,405,55.12,32.67,4.66,6965,830,80.1,9.54,405.86,4.67,57.86,0.67
10,Newfoundland and Labrador,Terre-Neuve-et-Labrador,5/30/20,22,2020,1,261,1,49.62,3,0,0.57,0.19,0,1,0,0.19,0,0.14,0.03,0,0
13,New Brunswick,Nouveau-Brunswick,5/30/20,22,2020,1,129,8,15.89,0,0,0,0.99,0,9,0,1.11,0,1.14,0.14,0,0
12,Nova Scotia,Nouvelle-Écosse,5/30/20,22,2020,1,1055,7,103.46,59,2,5.79,0.69,0.2,20,6,1.96,0.59,0.94,0.09,0.33,0.03
11,Prince Edward Island,Île-du-Prince-Édouard,5/30/20,22,2020,1,27,0,15.82,0,0,0,0,0,0,0,0,0,0,0,0,0
60,Yukon,Yukon,5/30/20,22,2020,1,11,0,25.12,0,0,0,0,0,0,0,0,0,0,0,0,0
61,Northwest Territories,Territoires du Nord-Ouest,5/30/20,22,2020,1,5,0,10.96,0,0,0,0,0,0,0,0,0,0,0,0,0
62,Nunavut,Nunavut,5/30/20,22,2020,1,0,0,0,0,0,0,0,0,0,0,0,0,0,0,0,0
99,Repatriated travellers,Voyageurs rapatriés,5/30/20,22,2020,,13,0,,0,0,,,,0,0,,,0,,0,
1,Canada,Canada,5/30/20,22,2020,,84915,5709,218.12,7785,606,20,14.66,1.56,12842,1231,32.99,3.16,815.57,2.09,86.57,0.22
59,British Columbia,Colombie-Britannique,6/6/20,23,2020,1,2632,59,49.48,167,3,3.14,1.11,0.06,115,10,2.16,0.19,8.43,0.16,0.43,0.01
48,Alberta,Alberta,6/6/20,23,2020,1,7110,171,156.5,150,6,3.3,3.76,0.13,337,11,7.42,0.24,24.43,0.54,0.86,0.02
47,Saskatchewan,Saskatchewan,6/6/20,23,2020,1,650,5,54.4,11,1,0.92,0.42,0.08,20,4,1.67,0.33,0.71,0.06,0.14,0.01
46,Manitoba,Manitoba,6/6/20,23,2020,1,300,6,21.29,7,0,0.5,0.43,0,8,0,0.57,0,0.86,0.06,0,0
35,Ontario,Ontario,6/6/20,23,2020,1,30865,2302,204.28,2697,92,17.85,15.24,0.61,4915,276,32.53,1.83,328.86,2.18,13.14,0.09
24,Quebec,Québec,6/6/20,23,2020,1,46048,1648,529.55,5006,213,57.57,18.95,2.45,4489,618,51.62,7.11,235.43,2.71,30.43,0.35
10,Newfoundland and Labrador,Terre-Neuve-et-Labrador,6/6/20,23,2020,1,261,0,49.62,3,0,0.57,0,0,1,0,0.19,0,0,0,0,0
13,New Brunswick,Nouveau-Brunswick,6/6/20,23,2020,1,136,7,16.75,1,1,0.12,0.86,0.12,15,1,1.85,0.12,1,0.12,0.14,0.02
12,Nova Scotia,Nouvelle-Écosse,6/6/20,23,2020,1,1058,3,103.75,61,1,5.98,0.29,0.1,10,3,0.98,0.29,0.45,0.04,0.18,0.02
11,Prince Edward Island,Île-du-Prince-Édouard,6/6/20,23,2020,1,27,0,15.82,0,0,0,0,0,0,0,0,0,0,0,0,0
60,Yukon,Yukon,6/6/20,23,2020,1,11,0,25.12,0,0,0,0,0,0,0,0,0,0,0,0,0
61,Northwest Territories,Territoires du Nord-Ouest,6/6/20,23,2020,1,5,0,10.96,0,0,0,0,0,0,0,0,0,0,0,0,0
62,Nunavut,Nunavut,6/6/20,23,2020,1,0,0,0,0,0,0,0,0,0,0,0,0,0,0,0,0
99,Repatriated travellers,Voyageurs rapatriés,6/6/20,23,2020,,13,0,,0,0,,,,0,0,,,0,,0,
1,Canada,Canada,6/6/20,23,2020,,89116,4201,228.91,8103,317,20.81,10.79,0.81,9910,923,25.46,2.37,600.14,1.54,45.29,0.12
59,British Columbia,Colombie-Britannique,6/13/20,24,2020,1,2709,77,50.93,168,1,3.16,1.45,0.02,136,4,2.56,0.08,11,0.21,0.14,0
48,Alberta,Alberta,6/13/20,24,2020,1,7358,248,161.96,151,1,3.32,5.46,0.02,419,7,9.22,0.15,35.43,0.78,0.14,0
47,Saskatchewan,Saskatchewan,6/13/20,24,2020,1,664,14,55.57,13,2,1.09,1.17,0.17,19,3,1.59,0.25,2,0.17,0.29,0.02
46,Manitoba,Manitoba,6/13/20,24,2020,1,303,3,21.5,7,0,0.5,0.21,0,9,0,0.64,0,0.43,0.03,0,0
35,Ontario,Ontario,6/13/20,24,2020,1,32337,1472,214.02,2756,59,18.24,9.74,0.39,3774,151,24.98,1,210.29,1.39,8.43,0.06
24,Quebec,Québec,6/13/20,24,2020,1,47047,999,541.04,5116,110,58.83,11.49,1.26,2647,323,30.44,3.71,142.71,1.64,15.71,0.18
10,Newfoundland and Labrador,Terre-Neuve-et-Labrador,6/13/20,24,2020,1,261,0,49.62,3,0,0.57,0,0,0,0,0,0,0,0,0,0
13,New Brunswick,Nouveau-Brunswick,6/13/20,24,2020,1,157,21,19.33,2,1,0.25,2.59,0.12,28,2,3.45,0.25,3,0.37,0.14,0.02
12,Nova Scotia,Nouvelle-Écosse,6/13/20,24,2020,1,1060,2,103.95,62,1,6.08,0.2,0.1,5,2,0.49,0.2,0.29,0.03,0.14,0.01
11,Prince Edward Island,Île-du-Prince-Édouard,6/13/20,24,2020,1,27,0,15.82,0,0,0,0,0,0,0,0,0,0,0,0,0
60,Yukon,Yukon,6/13/20,24,2020,1,11,0,25.12,0,0,0,0,0,0,0,0,0,0,0,0,0
61,Northwest Territories,Territoires du Nord-Ouest,6/13/20,24,2020,1,5,0,10.96,0,0,0,0,0,0,0,0,0,0,0,0,0
62,Nunavut,Nunavut,6/13/20,24,2020,1,0,0,0,0,0,0,0,0,0,0,0,0,0,0,0,0
99,Repatriated travellers,Voyageurs rapatriés,6/13/20,24,2020,,13,0,,0,0,,,,0,0,,,0,,0,
1,Canada,Canada,6/13/20,24,2020,,91952,2836,236.2,8278,175,21.26,7.28,0.45,7037,492,18.08,1.26,405.14,1.04,25,0.06
59,British Columbia,Colombie-Britannique,6/20/20,25,2020,1,2790,81,52.45,168,0,3.16,1.52,0,158,1,2.97,0.02,11.57,0.22,0,0
48,Alberta,Alberta,6/20/20,25,2020,1,7661,303,168.63,152,1,3.35,6.67,0.02,551,2,12.13,0.04,43.29,0.95,0.14,0
47,Saskatchewan,Saskatchewan,6/20/20,25,2020,1,726,62,60.76,13,0,1.09,5.19,0,76,2,6.36,0.17,8.86,0.74,0,0
46,Manitoba,Manitoba,6/20/20,25,2020,1,313,10,22.21,7,0,0.5,0.71,0,13,0,0.92,0,1.43,0.1,0,0
35,Ontario,Ontario,6/20/20,25,2020,1,33563,1226,222.13,2794,38,18.49,8.11,0.25,2698,97,17.86,0.64,175.14,1.16,5.43,0.04
24,Quebec,Québec,6/20/20,25,2020,1,47725,678,548.84,5178,62,59.55,7.8,0.71,1677,172,19.29,1.98,96.86,1.11,8.86,0.1
10,Newfoundland and Labrador,Terre-Neuve-et-Labrador,6/20/20,25,2020,1,261,0,49.62,3,0,0.57,0,0,0,0,0,0,0,0,0,0
13,New Brunswick,Nouveau-Brunswick,6/20/20,25,2020,1,164,7,20.2,2,0,0.25,0.86,0,28,1,3.45,0.12,1,0.12,0,0
12,Nova Scotia,Nouvelle-Écosse,6/20/20,25,2020,1,1061,1,104.05,63,1,6.18,0.1,0.1,3,2,0.29,0.2,0.08,0.01,0.14,0.01
11,Prince Edward Island,Île-du-Prince-Édouard,6/20/20,25,2020,1,27,0,15.82,0,0,0,0,0,0,0,0,0,0,0,0,0
60,Yukon,Yukon,6/20/20,25,2020,1,11,0,25.12,0,0,0,0,0,0,0,0,0,0,0,0,0
61,Northwest Territories,Territoires du Nord-Ouest,6/20/20,25,2020,1,5,0,10.96,0,0,0,0,0,0,0,0,0,0,0,0,0
62,Nunavut,Nunavut,6/20/20,25,2020,1,0,0,0,0,0,0,0,0,0,0,0,0,0,0,0,0
99,Repatriated travellers,Voyageurs rapatriés,6/20/20,25,2020,,13,0,,0,0,,,,0,0,,,0,,0,
1,Canada,Canada,6/20/20,25,2020,,94320,2368,242.28,8380,102,21.53,6.08,0.26,5204,277,13.37,0.71,338.29,0.87,14.57,0.04
59,British Columbia,Colombie-Britannique,6/27/20,26,2020,1,2878,88,54.1,174,6,3.27,1.65,0.11,169,6,3.18,0.11,12.57,0.24,0.86,0.02
48,Alberta,Alberta,6/27/20,26,2020,1,7944,283,174.86,154,2,3.39,6.23,0.04,586,3,12.9,0.07,40.43,0.89,0.29,0.01
47,Saskatchewan,Saskatchewan,6/27/20,26,2020,1,777,51,65.03,13,0,1.09,4.27,0,113,0,9.46,0,7.29,0.61,0,0
46,Manitoba,Manitoba,6/27/20,26,2020,1,322,9,22.85,7,0,0.5,0.64,0,19,0,1.35,0,1.29,0.09,0,0
35,Ontario,Ontario,6/27/20,26,2020,1,34813,1250,230.41,2829,35,18.72,8.27,0.23,2476,73,16.39,0.48,178.57,1.18,5,0.03
24,Quebec,Québec,6/27/20,26,2020,1,48230,505,554.64,5234,56,60.19,5.81,0.64,1183,118,13.6,1.36,72.14,0.83,8,0.09
10,Newfoundland and Labrador,Terre-Neuve-et-Labrador,6/27/20,26,2020,1,261,0,49.62,3,0,0.57,0,0,0,0,0,0,0,0,0,0
13,New Brunswick,Nouveau-Brunswick,6/27/20,26,2020,1,165,1,20.32,2,0,0.25,0.12,0,8,0,0.99,0,0.14,0.02,0,0
12,Nova Scotia,Nouvelle-Écosse,6/27/20,26,2020,1,1061,0,104.05,63,0,6.18,0,0,1,1,0.1,0.1,0,0,0.04,0
11,Prince Edward Island,Île-du-Prince-Édouard,6/27/20,26,2020,1,27,0,15.82,0,0,0,0,0,0,0,0,0,0,0,0,0
60,Yukon,Yukon,6/27/20,26,2020,1,11,0,25.12,0,0,0,0,0,0,0,0,0,0,0,0,0
61,Northwest Territories,Territoires du Nord-Ouest,6/27/20,26,2020,1,5,0,10.96,0,0,0,0,0,0,0,0,0,0,0,0,0
62,Nunavut,Nunavut,6/27/20,26,2020,1,0,0,0,0,0,0,0,0,0,0,0,0,0,0,0,0
99,Repatriated travellers,Voyageurs rapatriés,6/27/20,26,2020,,13,0,,0,0,,,,0,0,,,0,,0,
1,Canada,Canada,6/27/20,26,2020,,96507,2187,247.9,8479,99,21.78,5.62,0.25,4555,201,11.7,0.52,312.43,0.8,14.14,0.04
59,British Columbia,Colombie-Britannique,7/4/20,27,2020,1,2947,69,55.4,177,3,3.33,1.3,0.06,157,9,2.95,0.17,9.86,0.19,0.43,0.01
48,Alberta,Alberta,7/4/20,27,2020,1,8286,342,182.39,156,2,3.43,7.53,0.04,625,4,13.76,0.09,48.86,1.08,0.29,0.01
47,Saskatchewan,Saskatchewan,7/4/20,27,2020,1,796,19,66.62,14,1,1.17,1.59,0.08,70,1,5.86,0.08,2.71,0.23,0.14,0.01
46,Manitoba,Manitoba,7/4/20,27,2020,1,325,3,23.06,7,0,0.5,0.21,0,12,0,0.85,0,0.43,0.03,0,0
35,Ontario,Ontario,7/4/20,27,2020,1,35897,1084,237.58,2847,18,18.84,7.17,0.12,2334,53,15.45,0.35,154.86,1.02,2.57,0.02
24,Quebec,Québec,7/4/20,27,2020,1,48734,504,560.44,5273,39,60.64,5.8,0.45,1009,95,11.6,1.09,72,0.83,5.57,0.06
10,Newfoundland and Labrador,Terre-Neuve-et-Labrador,7/4/20,27,2020,1,261,0,49.62,3,0,0.57,0,0,0,0,0,0,0,0,0,0
13,New Brunswick,Nouveau-Brunswick,7/4/20,27,2020,1,165,0,20.32,2,0,0.25,0,0,1,0,0.12,0,0,0,0,0
12,Nova Scotia,Nouvelle-Écosse,7/4/20,27,2020,1,1064,3,104.34,63,0,6.18,0.29,0,3,0,0.29,0,0.41,0.04,0,0
11,Prince Edward Island,Île-du-Prince-Édouard,7/4/20,27,2020,1,30,3,17.58,0,0,0,1.76,0,3,0,1.76,0,0.41,0.24,0,0
60,Yukon,Yukon,7/4/20,27,2020,1,11,0,25.12,0,0,0,0,0,0,0,0,0,0,0,0,0
61,Northwest Territories,Territoires du Nord-Ouest,7/4/20,27,2020,1,5,0,10.96,0,0,0,0,0,0,0,0,0,0,0,0,0
62,Nunavut,Nunavut,7/4/20,27,2020,1,0,0,0,0,0,0,0,0,0,0,0,0,0,0,0,0
99,Repatriated travellers,Voyageurs rapatriés,7/4/20,27,2020,,13,0,,0,0,,,,0,0,,,0,,0,
1,Canada,Canada,7/4/20,27,2020,,98534,2027,253.11,8542,63,21.94,5.21,0.16,4214,162,10.82,0.42,289.57,0.74,9,0.02
59,British Columbia,Colombie-Britannique,7/11/20,28,2020,1,3053,106,57.39,187,10,3.52,1.99,0.19,175,13,3.29,0.24,15.14,0.28,1.43,0.03
48,Alberta,Alberta,7/11/20,28,2020,1,8696,410,191.41,162,6,3.57,9.02,0.13,752,8,16.55,0.18,58.57,1.29,0.86,0.02
47,Saskatchewan,Saskatchewan,7/11/20,28,2020,1,815,19,68.21,15,1,1.26,1.59,0.08,38,2,3.18,0.17,2.71,0.23,0.14,0.01
46,Manitoba,Manitoba,7/11/20,28,2020,1,325,0,23.06,7,0,0.5,0,0,3,0,0.21,0,0,0,0,0
35,Ontario,Ontario,7/11/20,28,2020,1,36765,868,243.33,2873,26,19.01,5.74,0.17,1952,44,12.92,0.29,124,0.82,3.71,0.02
24,Quebec,Québec,7/11/20,28,2020,1,49406,672,568.17,5296,23,60.9,7.73,0.26,1176,62,13.52,0.71,96,1.1,3.29,0.04
10,Newfoundland and Labrador,Terre-Neuve-et-Labrador,7/11/20,28,2020,1,262,1,49.81,3,0,0.57,0.19,0,1,0,0.19,0,0.14,0.03,0,0
13,New Brunswick,Nouveau-Brunswick,7/11/20,28,2020,1,166,1,20.44,2,0,0.25,0.12,0,1,0,0.12,0,0.14,0.02,0,0
12,Nova Scotia,Nouvelle-Écosse,7/11/20,28,2020,1,1066,2,104.54,63,0,6.18,0.2,0,5,0,0.49,0,0.27,0.03,0,0
11,Prince Edward Island,Île-du-Prince-Édouard,7/11/20,28,2020,1,34,4,19.92,0,0,0,2.34,0,7,0,4.1,0,0.63,0.37,0,0
60,Yukon,Yukon,7/11/20,28,2020,1,11,0,25.12,0,0,0,0,0,0,0,0,0,0,0,0,0
61,Northwest Territories,Territoires du Nord-Ouest,7/11/20,28,2020,1,5,0,10.96,0,0,0,0,0,0,0,0,0,0,0,0,0
62,Nunavut,Nunavut,7/11/20,28,2020,1,0,0,0,0,0,0,0,0,0,0,0,0,0,0,0,0
99,Repatriated travellers,Voyageurs rapatriés,7/11/20,28,2020,,13,0,,0,0,,,,0,0,,,0,,0,
1,Canada,Canada,7/11/20,28,2020,,100617,2083,258.46,8608,66,22.11,5.35,0.17,4110,129,10.56,0.33,297.57,0.76,9.43,0.02
59,British Columbia,Colombie-Britannique,7/18/20,29,2020,1,3198,145,60.12,189,2,3.55,2.73,0.04,251,12,4.72,0.23,20.71,0.39,0.29,0.01
48,Alberta,Alberta,7/18/20,29,2020,1,9434,738,207.66,170,8,3.74,16.24,0.18,1148,14,25.27,0.31,105.43,2.32,1.14,0.03
47,Saskatchewan,Saskatchewan,7/18/20,29,2020,1,941,126,78.76,15,0,1.26,10.55,0,145,1,12.14,0.08,18,1.51,0,0
46,Manitoba,Manitoba,7/18/20,29,2020,1,337,12,23.91,7,0,0.5,0.85,0,12,0,0.85,0,1.71,0.12,0,0
35,Ontario,Ontario,7/18/20,29,2020,1,37698,933,249.5,2893,20,19.15,6.17,0.13,1801,46,11.92,0.3,133.29,0.88,2.86,0.02
24,Quebec,Québec,7/18/20,29,2020,1,50404,998,579.65,5313,17,61.1,11.48,0.2,1670,40,19.2,0.46,142.57,1.64,2.43,0.03
10,Newfoundland and Labrador,Terre-Neuve-et-Labrador,7/18/20,29,2020,1,262,0,49.81,3,0,0.57,0,0,1,0,0.19,0,0,0,0,0
13,New Brunswick,Nouveau-Brunswick,7/18/20,29,2020,1,168,2,20.69,2,0,0.25,0.25,0,3,0,0.37,0,0.29,0.04,0,0
12,Nova Scotia,Nouvelle-Écosse,7/18/20,29,2020,1,1067,1,104.64,63,0,6.18,0.1,0,3,0,0.29,0,0.14,0.01,0,0
11,Prince Edward Island,Île-du-Prince-Édouard,7/18/20,29,2020,1,36,2,21.09,0,0,0,1.17,0,6,0,3.52,0,0.24,0.14,0,0
60,Yukon,Yukon,7/18/20,29,2020,1,13,2,29.69,0,0,0,4.57,0,2,0,4.57,0,0.29,0.65,0,0
61,Northwest Territories,Territoires du Nord-Ouest,7/18/20,29,2020,1,5,0,10.96,0,0,0,0,0,0,0,0,0,0,0,0,0
62,Nunavut,Nunavut,7/18/20,29,2020,1,0,0,0,0,0,0,0,0,0,0,0,0,0,0,0,0
99,Repatriated travellers,Voyageurs rapatriés,7/18/20,29,2020,,13,0,,0,0,,,,0,0,,,0,,0,
1,Canada,Canada,7/18/20,29,2020,,103576,2959,266.06,8655,47,22.23,7.6,0.12,5042,113,12.95,0.29,422.71,1.09,6.71,0.02
59,British Columbia,Colombie-Britannique,7/25/20,30,2020,1,3419,221,64.28,191,2,3.59,4.15,0.04,366,4,6.88,0.08,31.57,0.59,0.29,0.01
48,Alberta,Alberta,7/25/20,30,2020,1,10233,799,225.24,184,14,4.05,17.59,0.31,1537,22,33.83,0.48,114.14,2.51,2,0.04
47,Saskatchewan,Saskatchewan,7/25/20,30,2020,1,1136,195,95.08,16,1,1.34,16.32,0.08,321,1,26.87,0.08,27.86,2.33,0.14,0.01
46,Manitoba,Manitoba,7/25/20,30,2020,1,388,51,27.53,7,0,0.5,3.62,0,63,0,4.47,0,7.29,0.52,0,0
35,Ontario,Ontario,7/25/20,30,2020,1,38692,994,256.08,2902,9,19.21,6.58,0.06,1927,29,12.75,0.19,142,0.94,1.29,0.01
24,Quebec,Québec,7/25/20,30,2020,1,51498,1094,592.23,5325,12,61.24,12.58,0.14,2092,29,24.06,0.33,156.29,1.8,1.71,0.02
10,Newfoundland and Labrador,Terre-Neuve-et-Labrador,7/25/20,30,2020,1,265,3,50.38,3,0,0.57,0.57,0,3,0,0.57,0,0.43,0.08,0,0
13,New Brunswick,Nouveau-Brunswick,7/25/20,30,2020,1,170,2,20.93,2,0,0.25,0.25,0,4,0,0.49,0,0.29,0.04,0,0
12,Nova Scotia,Nouvelle-Écosse,7/25/20,30,2020,1,1067,0,104.64,63,0,6.18,0,0,1,0,0.1,0,0.04,0,0,0
11,Prince Edward Island,Île-du-Prince-Édouard,7/25/20,30,2020,1,36,0,21.09,0,0,0,0,0,2,0,1.17,0,0,0,0,0
60,Yukon,Yukon,7/25/20,30,2020,1,14,1,31.97,0,0,0,2.28,0,3,0,6.85,0,0.14,0.33,0,0
61,Northwest Territories,Territoires du Nord-Ouest,7/25/20,30,2020,1,5,0,10.96,0,0,0,0,0,0,0,0,0,0,0,0,0
62,Nunavut,Nunavut,7/25/20,30,2020,1,0,0,0,0,0,0,0,0,0,0,0,0,0,0,0,0
99,Repatriated travellers,Voyageurs rapatriés,7/25/20,30,2020,,13,0,,0,0,,,,0,0,,,0,,0,
1,Canada,Canada,7/25/20,30,2020,,106936,3360,274.69,8693,38,22.33,8.63,0.1,6319,85,16.23,0.22,480,1.23,5.43,0.01
59,British Columbia,Colombie-Britannique,8/1/20,31,2020,1,3641,222,68.45,195,4,3.67,4.17,0.08,443,6,8.33,0.11,31.71,0.6,0.57,0.01
48,Alberta,Alberta,8/1/20,31,2020,1,10942,709,240.85,200,16,4.4,15.61,0.35,1508,30,33.19,0.66,101.29,2.23,2.29,0.05
47,Saskatchewan,Saskatchewan,8/1/20,31,2020,1,1334,198,111.65,18,2,1.51,16.57,0.17,393,3,32.89,0.25,28.29,2.37,0.29,0.02
46,Manitoba,Manitoba,8/1/20,31,2020,1,417,29,29.59,8,1,0.57,2.06,0.07,80,1,5.68,0.07,4.14,0.29,0.14,0.01
35,Ontario,Ontario,8/1/20,31,2020,1,39500,808,261.43,2914,12,19.29,5.35,0.08,1802,21,11.93,0.14,115.43,0.76,1.71,0.01
24,Quebec,Québec,8/1/20,31,2020,1,52434,936,602.99,5335,10,61.35,10.76,0.11,2030,22,23.34,0.25,133.71,1.54,1.43,0.02
10,Newfoundland and Labrador,Terre-Neuve-et-Labrador,8/1/20,31,2020,1,266,1,50.57,3,0,0.57,0.19,0,4,0,0.76,0,0.14,0.03,0,0
13,New Brunswick,Nouveau-Brunswick,8/1/20,31,2020,1,170,0,20.93,2,0,0.25,0,0,2,0,0.25,0,0,0,0,0
12,Nova Scotia,Nouvelle-Écosse,8/1/20,31,2020,1,1070,3,104.93,64,1,6.28,0.29,0.1,3,1,0.29,0.1,0.41,0.04,0.1,0.01
11,Prince Edward Island,Île-du-Prince-Édouard,8/1/20,31,2020,1,36,0,21.09,0,0,0,0,0,0,0,0,0,0,0,0,0
60,Yukon,Yukon,8/1/20,31,2020,1,14,0,31.97,0,0,0,0,0,1,0,2.28,0,0,0,0,0
61,Northwest Territories,Territoires du Nord-Ouest,8/1/20,31,2020,1,5,0,10.96,0,0,0,0,0,0,0,0,0,0,0,0,0
62,Nunavut,Nunavut,8/1/20,31,2020,1,0,0,0,0,0,0,0,0,0,0,0,0,0,0,0,0
99,Repatriated travellers,Voyageurs rapatriés,8/1/20,31,2020,,13,0,,0,0,,,,0,0,,,0,,0,
1,Canada,Canada,8/1/20,31,2020,,109842,2906,282.15,8739,46,22.45,7.46,0.12,6266,84,16.1,0.22,415.14,1.07,6.57,0.02
59,British Columbia,Colombie-Britannique,8/8/20,32,2020,1,3934,293,73.96,195,0,3.67,5.51,0,515,4,9.68,0.08,41.86,0.79,0,0
48,Alberta,Alberta,8/8/20,32,2020,1,11570,628,254.67,214,14,4.71,13.82,0.31,1337,30,29.43,0.66,89.71,1.97,2,0.04
47,Saskatchewan,Saskatchewan,8/8/20,32,2020,1,1433,99,119.94,20,2,1.67,8.29,0.17,297,4,24.86,0.33,14.14,1.18,0.29,0.02
46,Manitoba,Manitoba,8/8/20,32,2020,1,507,90,35.98,8,0,0.57,6.39,0,119,1,8.44,0.07,12.86,0.91,0,0
35,Ontario,Ontario,8/8/20,32,2020,1,40091,591,265.34,2920,6,19.33,3.91,0.04,1399,18,9.26,0.12,84.43,0.56,0.86,0.01
24,Quebec,Québec,8/8/20,32,2020,1,53304,870,613,5347,12,61.49,10,0.14,1806,22,20.77,0.25,124.29,1.43,1.71,0.02
10,Newfoundland and Labrador,Terre-Neuve-et-Labrador,8/8/20,32,2020,1,267,1,50.76,3,0,0.57,0.19,0,2,0,0.38,0,0.14,0.03,0,0
13,New Brunswick,Nouveau-Brunswick,8/8/20,32,2020,1,176,6,21.67,2,0,0.25,0.74,0,6,0,0.74,0,0.86,0.11,0,0
12,Nova Scotia,Nouvelle-Écosse,8/8/20,32,2020,1,1071,1,105.03,64,0,6.28,0.1,0,4,1,0.39,0.1,0.16,0.02,0.04,0
11,Prince Edward Island,Île-du-Prince-Édouard,8/8/20,32,2020,1,36,0,21.09,0,0,0,0,0,0,0,0,0,0,0,0,0
60,Yukon,Yukon,8/8/20,32,2020,1,15,1,34.26,0,0,0,2.28,0,1,0,2.28,0,0.14,0.33,0,0
61,Northwest Territories,Territoires du Nord-Ouest,8/8/20,32,2020,1,5,0,10.96,0,0,0,0,0,0,0,0,0,0,0,0,0
62,Nunavut,Nunavut,8/8/20,32,2020,1,0,0,0,0,0,0,0,0,0,0,0,0,0,0,0,0
99,Repatriated travellers,Voyageurs rapatriés,8/8/20,32,2020,,13,0,,0,0,,,,0,0,,,0,,0,
1,Canada,Canada,8/8/20,32,2020,,112422,2580,288.78,8773,34,22.54,6.63,0.09,5486,80,14.09,0.21,368.57,0.95,4.86,0.01
59,British Columbia,Colombie-Britannique,8/15/20,33,2020,1,4358,424,81.93,196,1,3.68,7.97,0.02,717,1,13.48,0.02,60.57,1.14,0.14,0
48,Alberta,Alberta,8/15/20,33,2020,1,12157,587,267.59,225,11,4.95,12.92,0.24,1215,25,26.74,0.55,83.86,1.85,1.57,0.03
47,Saskatchewan,Saskatchewan,8/15/20,33,2020,1,1566,133,131.07,21,1,1.76,11.13,0.08,232,3,19.42,0.25,19,1.59,0.14,0.01
46,Manitoba,Manitoba,8/15/20,33,2020,1,663,156,47.05,9,1,0.64,11.07,0.07,246,1,17.46,0.07,22.29,1.58,0.14,0.01
35,Ontario,Ontario,8/15/20,33,2020,1,40702,611,269.38,2924,4,19.35,4.04,0.03,1202,10,7.96,0.07,87.29,0.58,0.57,0
24,Quebec,Québec,8/15/20,33,2020,1,53897,593,619.82,5362,15,61.66,6.82,0.17,1463,27,16.82,0.31,84.71,0.97,2.14,0.02
10,Newfoundland and Labrador,Terre-Neuve-et-Labrador,8/15/20,33,2020,1,268,1,50.95,3,0,0.57,0.19,0,2,0,0.38,0,0.14,0.03,0,0
13,New Brunswick,Nouveau-Brunswick,8/15/20,33,2020,1,184,8,22.66,2,0,0.25,0.99,0,14,0,1.72,0,1.14,0.14,0,0
12,Nova Scotia,Nouvelle-Écosse,8/15/20,33,2020,1,1074,3,105.32,64,0,6.28,0.29,0,4,0,0.39,0,0.41,0.04,0,0
11,Prince Edward Island,Île-du-Prince-Édouard,8/15/20,33,2020,1,41,5,24.02,0,0,0,2.93,0,5,0,2.93,0,0.65,0.38,0,0
60,Yukon,Yukon,8/15/20,33,2020,1,15,0,34.26,0,0,0,0,0,1,0,2.28,0,0,0,0,0
61,Northwest Territories,Territoires du Nord-Ouest,8/15/20,33,2020,1,5,0,10.96,0,0,0,0,0,0,0,0,0,0,0,0,0
62,Nunavut,Nunavut,8/15/20,33,2020,1,0,0,0,0,0,0,0,0,0,0,0,0,0,0,0,0
99,Repatriated travellers,Voyageurs rapatriés,8/15/20,33,2020,,13,0,,0,0,,,,0,0,,,0,,0,
1,Canada,Canada,8/15/20,33,2020,,114943,2521,295.26,8806,33,22.62,6.48,0.08,5101,67,13.1,0.17,360.14,0.93,4.71,0.01
59,British Columbia,Colombie-Britannique,8/22/20,34,2020,1,4915,557,92.4,202,6,3.8,10.47,0.11,981,7,18.44,0.13,79.57,1.5,0.86,0.02
48,Alberta,Alberta,8/22/20,34,2020,1,12850,693,282.85,232,7,5.11,15.25,0.15,1280,18,28.17,0.4,99,2.18,1,0.02
47,Saskatchewan,Saskatchewan,8/22/20,34,2020,1,1597,31,133.66,22,1,1.84,2.59,0.08,164,2,13.73,0.17,4.43,0.37,0.14,0.01
46,Manitoba,Manitoba,8/22/20,34,2020,1,872,209,61.88,12,3,0.85,14.83,0.21,365,4,25.9,0.28,29.86,2.12,0.43,0.03
35,Ontario,Ontario,8/22/20,34,2020,1,41432,730,274.21,2932,8,19.41,4.83,0.05,1341,12,8.88,0.08,104.29,0.69,1.14,0.01
24,Quebec,Québec,8/22/20,34,2020,1,54479,582,626.51,5378,16,61.85,6.69,0.18,1175,31,13.51,0.36,83.14,0.96,2.29,0.03
10,Newfoundland and Labrador,Terre-Neuve-et-Labrador,8/22/20,34,2020,1,268,0,50.95,3,0,0.57,0,0,1,0,0.19,0,0,0,0,0
13,New Brunswick,Nouveau-Brunswick,8/22/20,34,2020,1,188,4,23.15,2,0,0.25,0.49,0,12,0,1.48,0,0.57,0.07,0,0
12,Nova Scotia,Nouvelle-Écosse,8/22/20,34,2020,1,1079,5,105.81,65,1,6.37,0.49,0.1,8,1,0.78,0.1,0.67,0.07,0.1,0.01
11,Prince Edward Island,Île-du-Prince-Édouard,8/22/20,34,2020,1,44,3,25.78,0,0,0,1.76,0,8,0,4.69,0,0.49,0.29,0,0
60,Yukon,Yukon,8/22/20,34,2020,1,15,0,34.26,0,0,0,0,0,0,0,0,0,0,0,0,0
61,Northwest Territories,Territoires du Nord-Ouest,8/22/20,34,2020,1,5,0,10.96,0,0,0,0,0,0,0,0,0,0,0,0,0
62,Nunavut,Nunavut,8/22/20,34,2020,1,0,0,0,0,0,0,0,0,0,0,0,0,0,0,0,0
99,Repatriated travellers,Voyageurs rapatriés,8/22/20,34,2020,,13,0,,0,0,,,,0,0,,,0,,0,
1,Canada,Canada,8/22/20,34,2020,,117757,2814,302.48,8848,42,22.73,7.23,0.11,5335,75,13.7,0.19,402,1.03,6,0.02
59,British Columbia,Colombie-Britannique,8/29/20,35,2020,1,5496,581,103.32,204,2,3.84,10.92,0.04,1138,8,21.39,0.15,83,1.56,0.29,0.01
48,Alberta,Alberta,8/29/20,35,2020,1,13698,848,301.51,237,5,5.22,18.67,0.11,1541,12,33.92,0.26,121.14,2.67,0.71,0.02
47,Saskatchewan,Saskatchewan,8/29/20,35,2020,1,1615,18,135.17,24,2,2.01,1.51,0.17,49,3,4.1,0.25,2.57,0.22,0.29,0.02
46,Manitoba,Manitoba,8/29/20,35,2020,1,1151,279,81.68,14,2,0.99,19.8,0.14,488,5,34.63,0.35,39.86,2.83,0.29,0.02
35,Ontario,Ontario,8/29/20,35,2020,1,42280,848,279.83,2934,2,19.42,5.61,0.01,1578,10,10.44,0.07,121.14,0.8,0.29,0
24,Quebec,Québec,8/29/20,35,2020,1,55193,714,634.72,5394,16,62.03,8.21,0.18,1296,32,14.9,0.37,102,1.17,2.29,0.03
10,Newfoundland and Labrador,Terre-Neuve-et-Labrador,8/29/20,35,2020,1,269,1,51.14,3,0,0.57,0.19,0,1,0,0.19,0,0.14,0.03,0,0
13,New Brunswick,Nouveau-Brunswick,8/29/20,35,2020,1,191,3,23.52,2,0,0.25,0.37,0,7,0,0.86,0,0.43,0.05,0,0
12,Nova Scotia,Nouvelle-Écosse,8/29/20,35,2020,1,1084,5,106.3,65,0,6.37,0.49,0,10,1,0.98,0.1,0.71,0.07,0.04,0
11,Prince Edward Island,Île-du-Prince-Édouard,8/29/20,35,2020,1,44,0,25.78,0,0,0,0,0,3,0,1.76,0,0,0,0,0
60,Yukon,Yukon,8/29/20,35,2020,1,15,0,34.26,0,0,0,0,0,0,0,0,0,0,0,0,0
61,Northwest Territories,Territoires du Nord-Ouest,8/29/20,35,2020,1,5,0,10.96,0,0,0,0,0,0,0,0,0,0,0,0,0
62,Nunavut,Nunavut,8/29/20,35,2020,1,0,0,0,0,0,0,0,0,0,0,0,0,0,0,0,0
99,Repatriated travellers,Voyageurs rapatriés,8/29/20,35,2020,,13,0,,0,0,,,,0,0,,,0,,0,
1,Canada,Canada,8/29/20,35,2020,,121054,3297,310.95,8877,29,22.8,8.47,0.07,6111,71,15.7,0.18,471,1.21,4.14,0.01
59,British Columbia,Colombie-Britannique,9/5/20,36,2020,1,6162,666,115.84,211,7,3.97,12.52,0.13,1247,9,23.44,0.17,95.14,1.79,1,0.02
48,Alberta,Alberta,9/5/20,36,2020,1,14694,996,323.43,244,7,5.37,21.92,0.15,1844,12,40.59,0.26,142.29,3.13,1,0.02
47,Saskatchewan,Saskatchewan,9/5/20,36,2020,1,1643,28,137.51,24,0,2.01,2.34,0,46,2,3.85,0.17,4,0.33,0,0
46,Manitoba,Manitoba,9/5/20,36,2020,1,1294,143,91.82,16,2,1.14,10.15,0.14,422,4,29.95,0.28,20.43,1.45,0.29,0.02
35,Ontario,Ontario,9/5/20,36,2020,1,43256,976,286.29,2939,5,19.45,6.46,0.03,1824,7,12.07,0.05,139.43,0.92,0.71,0
24,Quebec,Québec,9/5/20,36,2020,1,56440,1247,649.06,5402,8,62.12,14.34,0.09,1961,24,22.55,0.28,178.14,2.05,1.14,0.01
10,Newfoundland and Labrador,Terre-Neuve-et-Labrador,9/5/20,36,2020,1,270,1,51.33,3,0,0.57,0.19,0,2,0,0.38,0,0.14,0.03,0,0
13,New Brunswick,Nouveau-Brunswick,9/5/20,36,2020,1,192,1,23.64,2,0,0.25,0.12,0,4,0,0.49,0,0.14,0.02,0,0
12,Nova Scotia,Nouvelle-Écosse,9/5/20,36,2020,1,1086,2,106.5,65,0,6.37,0.2,0,7,0,0.69,0,0.31,0.03,0,0
11,Prince Edward Island,Île-du-Prince-Édouard,9/5/20,36,2020,1,49,5,28.71,0,0,0,2.93,0,5,0,2.93,0,0.73,0.43,0,0
60,Yukon,Yukon,9/5/20,36,2020,1,15,0,34.26,0,0,0,0,0,0,0,0,0,0,0,0,0
61,Northwest Territories,Territoires du Nord-Ouest,9/5/20,36,2020,1,5,0,10.96,0,0,0,0,0,0,0,0,0,0,0,0,0
62,Nunavut,Nunavut,9/5/20,36,2020,1,0,0,0,0,0,0,0,0,0,0,0,0,0,0,0,0
99,Repatriated travellers,Voyageurs rapatriés,9/5/20,36,2020,,13,0,,0,0,,,,0,0,,,0,,0,
1,Canada,Canada,9/5/20,36,2020,,125119,4065,321.4,8906,29,22.88,10.44,0.07,7362,58,18.91,0.15,580.71,1.49,4.14,0.01
59,British Columbia,Colombie-Britannique,9/12/20,37,2020,1,6962,800,130.88,213,2,4,15.04,0.04,1466,9,27.56,0.17,114.29,2.15,0.29,0.01
48,Alberta,Alberta,9/12/20,37,2020,1,15582,888,342.98,252,8,5.55,19.55,0.18,1884,15,41.47,0.33,126.86,2.79,1.14,0.03
47,Saskatchewan,Saskatchewan,9/12/20,37,2020,1,1709,66,143.04,24,0,2.01,5.52,0,94,0,7.87,0,9.43,0.79,0,0
46,Manitoba,Manitoba,9/12/20,37,2020,1,1410,116,100.06,16,0,1.14,8.23,0,259,2,18.38,0.14,16.57,1.18,0,0
35,Ontario,Ontario,9/12/20,37,2020,1,44767,1511,296.29,2946,7,19.5,10,0.05,2487,12,16.46,0.08,215.86,1.43,1,0.01
24,Quebec,Québec,9/12/20,37,2020,1,58163,1723,668.87,5412,10,62.24,19.81,0.11,2970,18,34.15,0.21,246.14,2.83,1.43,0.02
10,Newfoundland and Labrador,Terre-Neuve-et-Labrador,9/12/20,37,2020,1,271,1,51.52,3,0,0.57,0.19,0,2,0,0.38,0,0.14,0.03,0,0
13,New Brunswick,Nouveau-Brunswick,9/12/20,37,2020,1,193,1,23.77,2,0,0.25,0.12,0,2,0,0.25,0,0.14,0.02,0,0
12,Nova Scotia,Nouvelle-Écosse,9/12/20,37,2020,1,1086,0,106.5,65,0,6.37,0,0,2,0,0.2,0,0.04,0,0,0
11,Prince Edward Island,Île-du-Prince-Édouard,9/12/20,37,2020,1,55,6,32.22,0,0,0,3.52,0,11,0,6.44,0,0.88,0.51,0,0
60,Yukon,Yukon,9/12/20,37,2020,1,15,0,34.26,0,0,0,0,0,0,0,0,0,0,0,0,0
61,Northwest Territories,Territoires du Nord-Ouest,9/12/20,37,2020,1,5,0,10.96,0,0,0,0,0,0,0,0,0,0,0,0,0
62,Nunavut,Nunavut,9/12/20,37,2020,1,0,0,0,0,0,0,0,0,0,0,0,0,0,0,0,0
99,Repatriated travellers,Voyageurs rapatriés,9/12/20,37,2020,,13,0,,0,0,,,,0,0,,,0,,0,
1,Canada,Canada,9/12/20,37,2020,,130231,5112,334.53,8933,27,22.95,13.13,0.07,9177,56,23.57,0.14,730.29,1.88,3.86,0.01
59,British Columbia,Colombie-Britannique,9/19/20,38,2020,1,7842,880,147.42,223,10,4.19,16.54,0.19,1680,12,31.58,0.23,125.71,2.36,1.43,0.03
48,Alberta,Alberta,9/19/20,38,2020,1,16576,994,364.86,253,1,5.57,21.88,0.02,1882,9,41.43,0.2,142,3.13,0.14,0
47,Saskatchewan,Saskatchewan,9/19/20,38,2020,1,1787,78,149.56,24,0,2.01,6.53,0,144,0,12.05,0,11.14,0.93,0,0
46,Manitoba,Manitoba,9/19/20,38,2020,1,1558,148,110.56,16,0,1.14,10.5,0,264,0,18.73,0,21.14,1.5,0,0
35,Ontario,Ontario,9/19/20,38,2020,1,47139,2372,311.98,2962,16,19.6,15.7,0.11,3883,23,25.7,0.15,338.86,2.24,2.29,0.02
24,Quebec,Québec,9/19/20,38,2020,1,60660,2497,697.59,5440,28,62.56,28.72,0.32,4220,38,48.53,0.44,356.71,4.1,4,0.05
10,Newfoundland and Labrador,Terre-Neuve-et-Labrador,9/19/20,38,2020,1,272,1,51.71,3,0,0.57,0.19,0,2,0,0.38,0,0.14,0.03,0,0
13,New Brunswick,Nouveau-Brunswick,9/19/20,38,2020,1,194,1,23.89,2,0,0.25,0.12,0,2,0,0.25,0,0.14,0.02,0,0
12,Nova Scotia,Nouvelle-Écosse,9/19/20,38,2020,1,1086,0,106.5,65,0,6.37,0,0,0,0,0,0,0,0,0,0
11,Prince Edward Island,Île-du-Prince-Édouard,9/19/20,38,2020,1,57,2,33.39,0,0,0,1.17,0,8,0,4.69,0,0.24,0.14,0,0
60,Yukon,Yukon,9/19/20,38,2020,1,15,0,34.26,0,0,0,0,0,0,0,0,0,0,0,0,0
61,Northwest Territories,Territoires du Nord-Ouest,9/19/20,38,2020,1,5,0,10.96,0,0,0,0,0,0,0,0,0,0,0,0,0
62,Nunavut,Nunavut,9/19/20,38,2020,1,0,0,0,0,0,0,0,0,0,0,0,0,0,0,0,0
99,Repatriated travellers,Voyageurs rapatriés,9/19/20,38,2020,,13,0,,0,0,,,,0,0,,,0,,0,
1,Canada,Canada,9/19/20,38,2020,,137204,6973,352.44,8988,55,23.09,17.91,0.14,12085,82,31.04,0.21,996.14,2.56,7.86,0.02
59,British Columbia,Colombie-Britannique,9/26/20,39,2020,1,8641,799,162.45,230,7,4.32,15.02,0.13,1679,17,31.56,0.32,114.14,2.15,1,0.02
48,Alberta,Alberta,9/26/20,39,2020,1,17595,1019,387.29,262,9,5.77,22.43,0.2,2013,10,44.31,0.22,145.57,3.2,1.29,0.03
47,Saskatchewan,Saskatchewan,9/26/20,39,2020,1,1863,76,155.93,24,0,2.01,6.36,0,154,0,12.89,0,10.86,0.91,0,0
46,Manitoba,Manitoba,9/26/20,39,2020,1,1829,271,129.79,19,3,1.35,19.23,0.21,419,3,29.73,0.21,38.71,2.75,0.43,0.03
35,Ontario,Ontario,9/26/20,39,2020,1,50262,3123,332.65,2977,15,19.7,20.67,0.1,5495,31,36.37,0.21,446.14,2.95,2.14,0.01
24,Quebec,Québec,9/26/20,39,2020,1,65273,4613,750.64,5468,28,62.88,53.05,0.32,7110,56,81.76,0.64,659,7.58,4,0.05
10,Newfoundland and Labrador,Terre-Neuve-et-Labrador,9/26/20,39,2020,1,272,0,51.71,3,0,0.57,0,0,1,0,0.19,0,0,0,0,0
13,New Brunswick,Nouveau-Brunswick,9/26/20,39,2020,1,200,6,24.63,2,0,0.25,0.74,0,7,0,0.86,0,0.86,0.11,0,0
12,Nova Scotia,Nouvelle-Écosse,9/26/20,39,2020,1,1087,1,106.6,65,0,6.37,0.1,0,1,0,0.1,0,0.1,0.01,0,0
11,Prince Edward Island,Île-du-Prince-Édouard,9/26/20,39,2020,1,58,1,33.98,0,0,0,0.59,0,3,0,1.76,0,0.16,0.1,0,0
60,Yukon,Yukon,9/26/20,39,2020,1,15,0,34.26,0,0,0,0,0,0,0,0,0,0,0,0,0
61,Northwest Territories,Territoires du Nord-Ouest,9/26/20,39,2020,1,5,0,10.96,0,0,0,0,0,0,0,0,0,0,0,0,0
62,Nunavut,Nunavut,9/26/20,39,2020,1,0,0,0,0,0,0,0,0,0,0,0,0,0,0,0,0
99,Repatriated travellers,Voyageurs rapatriés,9/26/20,39,2020,,13,0,,0,0,,,,0,0,,,0,,0,
1,Canada,Canada,9/26/20,39,2020,,147113,9909,377.89,9050,62,23.25,25.45,0.16,16882,117,43.37,0.3,1415.57,3.64,8.86,0.02
59,British Columbia,Colombie-Britannique,10/3/20,40,2020,1,9381,740,176.36,238,8,4.47,13.91,0.15,1539,15,28.93,0.28,105.71,1.99,1.14,0.02
48,Alberta,Alberta,10/3/20,40,2020,1,18736,1141,412.4,277,15,6.1,25.11,0.33,2160,24,47.54,0.53,163,3.59,2.14,0.05
47,Saskatchewan,Saskatchewan,10/3/20,40,2020,1,1954,91,163.54,24,0,2.01,7.62,0,167,0,13.98,0,13,1.09,0,0
46,Manitoba,Manitoba,10/3/20,40,2020,1,2108,279,149.59,22,3,1.56,19.8,0.21,550,6,39.03,0.43,39.86,2.83,0.43,0.03
35,Ontario,Ontario,10/3/20,40,2020,1,54487,4225,360.62,3002,25,19.87,27.96,0.17,7348,40,48.63,0.26,603.57,3.99,3.57,0.02
24,Quebec,Québec,10/3/20,40,2020,1,72571,7298,834.57,5519,51,63.47,83.93,0.59,11911,79,136.98,0.91,1042.57,11.99,7.29,0.08
10,Newfoundland and Labrador,Terre-Neuve-et-Labrador,10/3/20,40,2020,1,276,4,52.47,3,0,0.57,0.76,0,4,0,0.76,0,0.57,0.11,0.06,0.01
13,New Brunswick,Nouveau-Brunswick,10/3/20,40,2020,1,201,1,24.75,2,0,0.25,0.12,0,7,0,0.86,0,0.14,0.02,0,0
12,Nova Scotia,Nouvelle-Écosse,10/3/20,40,2020,1,1088,2,106.7,65,0,6.37,0.2,0,3,0,0.29,0,0.24,0.02,0,0
11,Prince Edward Island,Île-du-Prince-Édouard,10/3/20,40,2020,1,60,2,35.15,0,0,0,1.17,0,3,0,1.76,0,0.29,0.17,0,0
60,Yukon,Yukon,10/3/20,40,2020,1,15,0,34.26,0,0,0,0,0,0,0,0,0,0,0,0,0
61,Northwest Territories,Territoires du Nord-Ouest,10/3/20,40,2020,1,5,0,10.96,0,0,0,0,0,0,0,0,0,0,0,0,0
62,Nunavut,Nunavut,10/3/20,40,2020,1,0,0,0,0,0,0,0,0,0,0,0,0,0,0,0,0
99,Repatriated travellers,Voyageurs rapatriés,10/3/20,40,2020,,13,0,,0,0,,,,0,0,,,0,,0,
1,Canada,Canada,10/3/20,40,2020,,160895,13783,413.29,9152,102,23.51,35.4,0.26,23692,164,60.86,0.42,1969,5.06,14.57,0.04
59,British Columbia,Colombie-Britannique,10/10/20,41,2020,1,10185,804,191.47,245,7,4.61,15.11,0.13,1544,15,29.03,0.28,114.86,2.16,1,0.02
48,Alberta,Alberta,10/10/20,41,2020,1,20310,1574,447.05,284,7,6.25,34.65,0.15,2715,22,59.76,0.48,224.86,4.95,1,0.02
47,Saskatchewan,Saskatchewan,10/10/20,41,2020,1,2068,114,173.08,24,0,2.01,9.54,0,205,0,17.16,0,16.29,1.36,0,0
46,Manitoba,Manitoba,10/10/20,41,2020,1,2524,416,179.11,32,10,2.27,29.52,0.71,695,13,49.32,0.92,59.43,4.22,1.43,0.1
35,Ontario,Ontario,10/10/20,41,2020,1,59526,5039,393.97,3037,35,20.1,33.35,0.23,9264,60,61.31,0.4,719.86,4.76,5,0.03
24,Quebec,Québec,10/10/20,41,2020,1,79522,6951,914.5,5601,82,64.41,79.94,0.94,14249,133,163.86,1.53,993,11.42,11.71,0.13
10,Newfoundland and Labrador,Terre-Neuve-et-Labrador,10/10/20,41,2020,1,282,6,53.62,4,1,0.76,1.14,0.19,10,1,1.9,0.19,0.86,0.16,0.08,0.02
13,New Brunswick,Nouveau-Brunswick,10/10/20,41,2020,1,258,57,31.77,2,0,0.25,7.02,0,58,0,7.14,0,8.14,1,0,0
12,Nova Scotia,Nouvelle-Écosse,10/10/20,41,2020,1,1091,3,106.99,65,0,6.37,0.29,0,5,0,0.49,0,0.39,0.04,0,0
11,Prince Edward Island,Île-du-Prince-Édouard,10/10/20,41,2020,1,62,2,36.32,0,0,0,1.17,0,4,0,2.34,0,0.29,0.17,0,0
60,Yukon,Yukon,10/10/20,41,2020,1,15,0,34.26,0,0,0,0,0,0,0,0,0,0,0,0,0
61,Northwest Territories,Territoires du Nord-Ouest,10/10/20,41,2020,1,5,0,10.96,0,0,0,0,0,0,0,0,0,0,0,0,0
62,Nunavut,Nunavut,10/10/20,41,2020,1,0,0,0,0,0,0,0,0,0,0,0,0,0,0,0,0
99,Repatriated travellers,Voyageurs rapatriés,10/10/20,41,2020,,13,0,,0,0,,,,0,0,,,0,,0,
1,Canada,Canada,10/10/20,41,2020,,175861,14966,451.74,9294,142,23.87,38.44,0.36,28749,244,73.85,0.63,2138,5.49,20.29,0.05
59,British Columbia,Colombie-Britannique,10/17/20,42,2020,1,11189,1004,210.35,251,6,4.72,18.87,0.11,1808,13,33.99,0.24,143.43,2.7,0.86,0.02
48,Alberta,Alberta,10/17/20,42,2020,1,22107,1797,486.6,289,5,6.36,39.55,0.11,3371,12,74.2,0.26,256.71,5.65,0.71,0.02
47,Saskatchewan,Saskatchewan,10/17/20,42,2020,1,2306,238,193,25,1,2.09,19.92,0.08,352,1,29.46,0.08,34,2.85,0.14,0.01
46,Manitoba,Manitoba,10/17/20,42,2020,1,3258,734,231.19,38,6,2.7,52.09,0.43,1150,16,81.61,1.14,104.86,7.44,0.86,0.06
35,Ontario,Ontario,10/17/20,42,2020,1,64800,5274,428.87,3077,40,20.36,34.91,0.26,10313,75,68.26,0.5,753.43,4.99,5.71,0.04
24,Quebec,Québec,10/17/20,42,2020,1,86727,7205,997.36,5687,86,65.4,82.86,0.99,14156,168,162.79,1.93,1029.29,11.84,12.29,0.14
10,Newfoundland and Labrador,Terre-Neuve-et-Labrador,10/17/20,42,2020,1,287,5,54.57,4,0,0.76,0.95,0,11,1,2.09,0.19,0.71,0.14,0,0
13,New Brunswick,Nouveau-Brunswick,10/17/20,42,2020,1,305,47,37.56,2,0,0.25,5.79,0,104,0,12.81,0,6.71,0.83,0,0
12,Nova Scotia,Nouvelle-Écosse,10/17/20,42,2020,1,1096,4,107.48,65,0,6.37,0.39,0,7,0,0.69,0,0.63,0.06,0,0
11,Prince Edward Island,Île-du-Prince-Édouard,10/17/20,42,2020,1,64,1,37.5,0,0,0,0.59,0,3,0,1.76,0,0.2,0.12,0,0
60,Yukon,Yukon,10/17/20,42,2020,1,16,1,36.54,0,0,0,2.28,0,1,0,2.28,0,0.1,0.22,0,0
61,Northwest Territories,Territoires du Nord-Ouest,10/17/20,42,2020,1,5,0,10.96,0,0,0,0,0,0,0,0,0,0,0,0,0
62,Nunavut,Nunavut,10/17/20,42,2020,1,0,0,0,0,0,0,0,0,0,0,0,0,0,0,0,0
99,Repatriated travellers,Voyageurs rapatriés,10/17/20,42,2020,,13,0,,0,0,,,,0,0,,,0,,0,
1,Canada,Canada,10/17/20,42,2020,,192173,16310,493.64,9438,144,24.24,41.9,0.37,31276,286,80.34,0.73,2330,5.99,20.57,0.05
59,British Columbia,Colombie-Britannique,10/24/20,43,2020,1,12554,1365,236.01,256,5,4.81,25.66,0.09,2369,11,44.54,0.21,195,3.67,0.71,0.01
48,Alberta,Alberta,10/24/20,43,2020,1,25039,2932,551.14,306,17,6.74,64.54,0.37,4729,22,104.09,0.48,418.86,9.22,2.43,0.05
47,Saskatchewan,Saskatchewan,10/24/20,43,2020,1,2669,363,223.38,25,0,2.09,30.38,0,601,1,50.3,0.08,51.86,4.34,0,0
46,Manitoba,Manitoba,10/24/20,43,2020,1,4088,830,290.09,50,12,3.55,58.9,0.85,1564,18,110.98,1.28,118.57,8.41,1.71,0.12
35,Ontario,Ontario,10/24/20,43,2020,1,70841,6041,468.85,3136,59,20.76,39.98,0.39,11315,99,74.89,0.66,863,5.71,8.43,0.06
24,Quebec,Québec,10/24/20,43,2020,1,93286,6559,1072.79,5807,120,66.78,75.43,1.38,13764,206,158.29,2.37,937,10.78,17.14,0.2
10,Newfoundland and Labrador,Terre-Neuve-et-Labrador,10/24/20,43,2020,1,289,2,54.95,4,0,0.76,0.38,0,7,0,1.33,0,0.29,0.05,0,0
13,New Brunswick,Nouveau-Brunswick,10/24/20,43,2020,1,326,21,40.14,4,2,0.49,2.59,0.25,68,2,8.37,0.25,3,0.37,0.29,0.04
12,Nova Scotia,Nouvelle-Écosse,10/24/20,43,2020,1,1100,4,107.87,65,0,6.37,0.39,0,8,0,0.78,0,0.61,0.06,0,0
11,Prince Edward Island,Île-du-Prince-Édouard,10/24/20,43,2020,1,64,0,37.5,0,0,0,0,0,1,0,0.59,0,0.06,0.04,0,0
60,Yukon,Yukon,10/24/20,43,2020,1,19,3,43.39,0,0,0,6.85,0,4,0,9.13,0,0.43,0.98,0,0
61,Northwest Territories,Territoires du Nord-Ouest,10/24/20,43,2020,1,8,3,17.54,0,0,0,6.58,0,3,0,6.58,0,0.41,0.89,0,0
62,Nunavut,Nunavut,10/24/20,43,2020,1,0,0,0,0,0,0,0,0,0,0,0,0,0,0,0,0
99,Repatriated travellers,Voyageurs rapatriés,10/24/20,43,2020,,13,0,,0,0,,,,0,0,,,0,,0,
1,Canada,Canada,10/24/20,43,2020,,210296,18123,540.19,9653,215,24.8,46.55,0.55,34433,359,88.45,0.92,2589,6.65,30.71,0.08
59,British Columbia,Colombie-Britannique,10/31/20,44,2020,1,14733,2179,276.97,263,7,4.94,40.96,0.13,3544,12,66.63,0.23,311.29,5.85,1,0.02
48,Alberta,Alberta,10/31/20,44,2020,1,28568,3529,628.82,333,27,7.33,77.68,0.59,6461,44,142.22,0.97,504.14,11.1,3.86,0.08
47,Saskatchewan,Saskatchewan,10/31/20,44,2020,1,3144,475,263.14,25,0,2.09,39.76,0,838,0,70.14,0,67.86,5.68,0,0
46,Manitoba,Manitoba,10/31/20,44,2020,1,5723,1635,406.11,67,17,4.75,116.02,1.21,2465,29,174.92,2.06,233.57,16.57,2.43,0.17
35,Ontario,Ontario,10/31/20,44,2020,1,77232,6391,511.15,3203,67,21.2,42.3,0.44,12432,126,82.28,0.83,913,6.04,9.57,0.06
24,Quebec,Québec,10/31/20,44,2020,1,99959,6673,1149.53,5946,139,68.38,76.74,1.6,13232,259,152.17,2.98,953.29,10.96,19.86,0.23
10,Newfoundland and Labrador,Terre-Neuve-et-Labrador,10/31/20,44,2020,1,291,2,55.33,4,0,0.76,0.38,0,4,0,0.76,0,0.29,0.05,0,0
13,New Brunswick,Nouveau-Brunswick,10/31/20,44,2020,1,343,17,42.24,6,2,0.74,2.09,0.25,38,4,4.68,0.49,2.43,0.3,0.29,0.04
12,Nova Scotia,Nouvelle-Écosse,10/31/20,44,2020,1,1110,10,108.85,65,0,6.37,0.98,0,14,0,1.37,0,1.39,0.14,0,0
11,Prince Edward Island,Île-du-Prince-Édouard,10/31/20,44,2020,1,64,0,37.5,0,0,0,0,0,0,0,0,0,0,0,0,0
60,Yukon,Yukon,10/31/20,44,2020,1,23,4,52.52,1,1,2.28,9.13,2.28,7,1,15.99,2.28,0.62,1.41,0.14,0.33
61,Northwest Territories,Territoires du Nord-Ouest,10/31/20,44,2020,1,10,2,21.93,0,0,0,4.39,0,5,0,10.96,0,0.27,0.58,0,0
62,Nunavut,Nunavut,10/31/20,44,2020,1,0,0,0,0,0,0,0,0,0,0,0,0,0,0,0,0
99,Repatriated travellers,Voyageurs rapatriés,10/31/20,44,2020,,13,0,,0,0,,,,0,0,,,0,,0,
1,Canada,Canada,10/31/20,44,2020,,231213,20917,593.92,9913,260,25.46,53.73,0.67,39040,475,100.28,1.22,2988.14,7.68,37.14,0.1
59,British Columbia,Colombie-Britannique,11/7/20,45,2020,1,17716,2983,333.05,276,13,5.19,56.08,0.24,5162,20,97.04,0.38,426.14,8.01,1.86,0.03
48,Alberta,Alberta,11/7/20,45,2020,1,33252,4684,731.92,373,40,8.21,103.1,0.88,8213,67,180.78,1.47,669.14,14.73,5.71,0.13
47,Saskatchewan,Saskatchewan,11/7/20,45,2020,1,3738,594,312.85,27,2,2.26,49.72,0.17,1069,2,89.47,0.17,84.86,7.1,0.29,0.02
46,Manitoba,Manitoba,11/7/20,45,2020,1,7689,1966,545.62,103,36,7.31,139.51,2.55,3601,53,255.53,3.76,280.86,19.93,5.14,0.36
35,Ontario,Ontario,11/7/20,45,2020,1,84835,7603,561.47,3307,104,21.89,50.32,0.69,13994,171,92.62,1.13,1086.14,7.19,14.86,0.1
24,Quebec,Québec,11/7/20,45,2020,1,107783,7824,1239.5,6077,131,69.89,89.98,1.51,14497,270,166.72,3.1,1117.71,12.85,18.71,0.22
10,Newfoundland and Labrador,Terre-Neuve-et-Labrador,11/7/20,45,2020,1,296,5,56.28,4,0,0.76,0.95,0,7,0,1.33,0,0.71,0.14,0,0
13,New Brunswick,Nouveau-Brunswick,11/7/20,45,2020,1,353,10,43.47,6,0,0.74,1.23,0,27,2,3.32,0.25,1.43,0.18,0,0
12,Nova Scotia,Nouvelle-Écosse,11/7/20,45,2020,1,1124,15,110.23,65,0,6.37,1.47,0,25,0,2.45,0,2.12,0.21,0,0
11,Prince Edward Island,Île-du-Prince-Édouard,11/7/20,45,2020,1,66,2,38.67,0,0,0,1.17,0,2,0,1.17,0,0.24,0.14,0,0
60,Yukon,Yukon,11/7/20,45,2020,1,23,0,52.52,1,0,2.28,0,0,4,1,9.13,2.28,0,0,0,0
61,Northwest Territories,Territoires du Nord-Ouest,11/7/20,45,2020,1,10,0,21.93,0,0,0,0,0,2,0,4.39,0,0.04,0.09,0,0
62,Nunavut,Nunavut,11/7/20,45,2020,1,1,1,2.47,0,0,0,2.47,0,1,0,2.47,0,0.16,0.4,0,0
99,Repatriated travellers,Voyageurs rapatriés,11/7/20,45,2020,,13,0,,0,0,,,,0,0,,,0,,0,
1,Canada,Canada,11/7/20,45,2020,,256899,25687,659.9,10239,326,26.3,65.98,0.84,46604,586,119.71,1.51,3669.57,9.43,46.57,0.12
59,British Columbia,Colombie-Britannique,11/14/20,46,2020,1,21639,3923,406.8,290,14,5.45,73.75,0.26,6906,27,129.83,0.51,560.43,10.54,2,0.04
48,Alberta,Alberta,11/14/20,46,2020,1,39030,5778,859.1,422,49,9.29,127.18,1.08,10462,89,230.28,1.96,825.43,18.17,7,0.15
47,Saskatchewan,Saskatchewan,11/14/20,46,2020,1,4820,1082,403.41,29,2,2.43,90.56,0.17,1676,4,140.27,0.33,154.57,12.94,0.29,0.02
46,Manitoba,Manitoba,11/14/20,46,2020,1,10453,2764,741.76,152,49,10.79,196.14,3.48,4730,85,335.65,6.03,394.86,28.02,7,0.5
35,Ontario,Ontario,11/14/20,46,2020,1,95278,10443,630.59,3444,137,22.79,69.12,0.91,18046,241,119.44,1.6,1491.86,9.87,19.57,0.13
24,Quebec,Québec,11/14/20,46,2020,1,116778,8995,1342.95,6272,195,72.13,103.44,2.24,16819,326,193.42,3.75,1285,14.78,27.86,0.32
10,Newfoundland and Labrador,Terre-Neuve-et-Labrador,11/14/20,46,2020,1,301,5,57.23,4,0,0.76,0.95,0,10,0,1.9,0,0.71,0.14,0,0
13,New Brunswick,Nouveau-Brunswick,11/14/20,46,2020,1,364,11,44.82,6,0,0.74,1.35,0,21,0,2.59,0,1.57,0.19,0,0
12,Nova Scotia,Nouvelle-Écosse,11/14/20,46,2020,1,1141,17,111.89,65,0,6.37,1.67,0,32,0,3.14,0,2.39,0.23,0,0
11,Prince Edward Island,Île-du-Prince-Édouard,11/14/20,46,2020,1,68,2,39.84,0,0,0,1.17,0,4,0,2.34,0,0.27,0.16,0,0
60,Yukon,Yukon,11/14/20,46,2020,1,24,1,54.81,1,0,2.28,2.28,0,1,0,2.28,0,0.14,0.33,0,0
61,Northwest Territories,Territoires du Nord-Ouest,11/14/20,46,2020,1,14,4,30.7,0,0,0,8.77,0,4,0,8.77,0,0.51,1.12,0,0
62,Nunavut,Nunavut,11/14/20,46,2020,1,35,34,86.36,0,0,0,83.9,0,35,0,86.36,0,4.86,11.99,0,0
99,Repatriated travellers,Voyageurs rapatriés,11/14/20,46,2020,,13,0,,0,0,,,,0,0,,,0,,0,
1,Canada,Canada,11/14/20,46,2020,,289958,33059,744.82,10685,446,27.45,84.92,1.15,58746,772,150.9,1.98,4722.71,12.13,63.71,0.16
59,British Columbia,Colombie-Britannique,11/21/20,47,2020,1,26187,4548,492.3,331,41,6.22,85.5,0.77,8471,55,159.25,1.03,649.71,12.21,5.86,0.11
48,Alberta,Alberta,11/21/20,47,2020,1,46513,7483,1023.81,493,71,10.85,164.71,1.56,13261,120,291.89,2.64,1069,23.53,10.14,0.22
47,Saskatchewan,Saskatchewan,11/21/20,47,2020,1,6237,1417,522.01,33,4,2.76,118.6,0.33,2499,6,209.16,0.5,202.43,16.94,0.57,0.05
46,Manitoba,Manitoba,11/21/20,47,2020,1,13304,2851,944.07,217,65,15.4,202.31,4.61,5615,114,398.45,8.09,407.29,28.9,9.29,0.66
35,Ontario,Ontario,11/21/20,47,2020,1,105316,10038,697.02,3564,120,23.59,66.44,0.79,20481,257,135.55,1.7,1434,9.49,17.14,0.11
24,Quebec,Québec,11/21/20,47,2020,1,124853,8075,1435.81,6453,181,74.21,92.86,2.08,17070,376,196.3,4.32,1153.57,13.27,25.86,0.3
10,Newfoundland and Labrador,Terre-Neuve-et-Labrador,11/21/20,47,2020,1,316,15,60.08,4,0,0.76,2.85,0,20,0,3.8,0,2.14,0.41,0,0
13,New Brunswick,Nouveau-Brunswick,11/21/20,47,2020,1,424,60,52.21,6,0,0.74,7.39,0,71,0,8.74,0,8.57,1.06,0,0
12,Nova Scotia,Nouvelle-Écosse,11/21/20,47,2020,1,1177,36,115.42,65,0,6.37,3.53,0,53,0,5.2,0,5.18,0.51,0,0
11,Prince Edward Island,Île-du-Prince-Édouard,11/21/20,47,2020,1,69,1,40.42,0,0,0,0.59,0,3,0,1.76,0,0.14,0.08,0,0
60,Yukon,Yukon,11/21/20,47,2020,1,32,8,73.08,1,0,2.28,18.27,0,9,0,20.55,0,1.14,2.61,0,0
61,Northwest Territories,Territoires du Nord-Ouest,11/21/20,47,2020,1,15,1,32.89,0,0,0,2.19,0,5,0,10.96,0,0.2,0.45,0,0
62,Nunavut,Nunavut,11/21/20,47,2020,1,108,73,266.5,0,0,0,180.13,0,107,0,264.03,0,10.41,25.68,0,0
99,Repatriated travellers,Voyageurs rapatriés,11/21/20,47,2020,,13,0,,0,0,,,,0,0,,,0,,0,
1,Canada,Canada,11/21/20,47,2020,,324564,34606,833.71,11167,482,28.68,88.89,1.24,67665,928,173.81,2.38,4943.71,12.7,68.86,0.18
59,British Columbia,Colombie-Britannique,11/28/20,48,2020,1,31634,5447,594.7,410,79,7.71,102.4,1.49,9995,120,187.9,2.26,778.14,14.63,11.29,0.21
48,Alberta,Alberta,11/28/20,48,2020,1,56051,9538,1233.76,567,74,12.48,209.94,1.63,17021,145,374.66,3.19,1362.57,29.99,10.57,0.23
47,Saskatchewan,Saskatchewan,11/28/20,48,2020,1,7888,1651,660.19,45,12,3.77,138.18,1,3068,16,256.78,1.34,235.86,19.74,1.71,0.14
46,Manitoba,Manitoba,11/28/20,48,2020,1,16118,2814,1143.75,290,73,20.58,199.68,5.18,5665,138,401.99,9.79,402,28.53,10.43,0.74
35,Ontario,Ontario,11/28/20,48,2020,1,116458,11142,770.76,3703,139,24.51,73.74,0.92,21180,259,140.18,1.71,1591.71,10.53,19.86,0.13
24,Quebec,Québec,11/28/20,48,2020,1,133885,9032,1539.68,6638,185,76.34,103.87,2.13,17107,366,196.73,4.21,1290.29,14.84,26.43,0.3
10,Newfoundland and Labrador,Terre-Neuve-et-Labrador,11/28/20,48,2020,1,333,17,63.31,4,0,0.76,3.23,0,32,0,6.08,0,2.43,0.46,0,0
13,New Brunswick,Nouveau-Brunswick,11/28/20,48,2020,1,481,57,59.23,7,1,0.86,7.02,0.12,117,1,14.41,0.12,8.14,1,0.14,0.02
12,Nova Scotia,Nouvelle-Écosse,11/28/20,48,2020,1,1272,95,124.74,65,0,6.37,9.32,0,131,0,12.85,0,13.53,1.33,0,0
11,Prince Edward Island,Île-du-Prince-Édouard,11/28/20,48,2020,1,71,2,41.6,0,0,0,1.17,0,3,0,1.76,0,0.31,0.18,0,0
60,Yukon,Yukon,11/28/20,48,2020,1,44,12,100.48,1,0,2.28,27.4,0,20,0,45.67,0,1.67,3.81,0,0
61,Northwest Territories,Territoires du Nord-Ouest,11/28/20,48,2020,1,15,0,32.89,0,0,0,0,0,1,0,2.19,0,0,0,0,0
62,Nunavut,Nunavut,11/28/20,48,2020,1,166,58,409.61,0,0,0,143.12,0,131,0,323.25,0,8.24,20.34,0,0
99,Repatriated travellers,Voyageurs rapatriés,11/28/20,48,2020,,13,0,,0,0,,,,0,0,,,0,,0,
1,Canada,Canada,11/28/20,48,2020,,364429,39865,936.12,11730,563,30.13,102.4,1.45,74471,1045,191.3,2.68,5695,14.63,80.43,0.21
59,British Columbia,Colombie-Britannique,12/5/20,49,2020,1,36779,5145,691.42,510,100,9.59,96.72,1.88,10592,179,199.12,3.37,735,13.82,14.29,0.27
48,Alberta,Alberta,12/5/20,49,2020,1,68125,12074,1499.52,680,113,14.97,265.77,2.49,21612,187,475.71,4.12,1724.86,37.97,16.14,0.36
47,Saskatchewan,Saskatchewan,12/5/20,49,2020,1,9729,1841,814.28,55,10,4.6,154.08,0.84,3492,22,292.27,1.84,263,22.01,1.43,0.12
46,Manitoba,Manitoba,12/5/20,49,2020,1,18423,2305,1307.32,381,91,27.04,163.57,6.46,5119,164,363.25,11.64,329.29,23.37,13,0.92
35,Ontario,Ontario,12/5/20,49,2020,1,129145,12687,854.73,3858,155,25.53,83.97,1.03,23829,294,157.71,1.95,1812.43,12,22.14,0.15
24,Quebec,Québec,12/5/20,49,2020,1,144746,10861,1664.58,6864,226,78.94,124.9,2.6,19893,411,228.77,4.73,1551.57,17.84,32.29,0.37
10,Newfoundland and Labrador,Terre-Neuve-et-Labrador,12/5/20,49,2020,1,347,14,65.97,4,0,0.76,2.66,0,31,0,5.89,0,2,0.38,0,0
13,New Brunswick,Nouveau-Brunswick,12/5/20,49,2020,1,530,49,65.27,7,0,0.86,6.03,0,106,1,13.05,0.12,7,0.86,0,0
12,Nova Scotia,Nouvelle-Écosse,12/5/20,49,2020,1,1356,84,132.98,65,0,6.37,8.24,0,179,0,17.55,0,11.94,1.17,0,0
11,Prince Edward Island,Île-du-Prince-Édouard,12/5/20,49,2020,1,79,8,46.28,0,0,0,4.69,0,10,0,5.86,0,1.16,0.68,0,0
60,Yukon,Yukon,12/5/20,49,2020,1,52,8,118.75,1,0,2.28,18.27,0,20,0,45.67,0,1.19,2.72,0,0
61,Northwest Territories,Territoires du Nord-Ouest,12/5/20,49,2020,1,15,0,32.89,0,0,0,0,0,0,0,0,0,0,0,0,0
62,Nunavut,Nunavut,12/5/20,49,2020,1,204,38,503.38,0,0,0,93.77,0,96,0,236.88,0,5.43,13.4,0,0
99,Repatriated travellers,Voyageurs rapatriés,12/5/20,49,2020,,13,0,,0,0,,,,0,0,,,0,,0,
1,Canada,Canada,12/5/20,49,2020,,409543,45114,1052,12425,695,31.92,115.89,1.79,84979,1258,218.29,3.23,6444.86,16.56,99.29,0.26
59,British Columbia,Colombie-Britannique,12/12/20,50,2020,1,41495,4716,780.08,626,116,11.77,88.66,2.18,9861,216,185.38,4.06,673.71,12.67,16.57,0.31
48,Alberta,Alberta,12/12/20,50,2020,1,79785,11660,1756.18,812,132,17.87,256.65,2.91,23734,245,522.42,5.39,1665.71,36.66,18.86,0.42
47,Saskatchewan,Saskatchewan,12/12/20,50,2020,1,11747,2018,983.17,86,31,7.2,168.9,2.59,3859,41,322.98,3.43,288.29,24.13,4.43,0.37
46,Manitoba,Manitoba,12/12/20,50,2020,1,20750,2327,1472.44,483,102,34.27,165.13,7.24,4632,193,328.69,13.7,332.43,23.59,14.57,1.03
35,Ontario,Ontario,12/12/20,50,2020,1,142211,13066,941.21,4056,198,26.84,86.48,1.31,25753,353,170.44,2.34,1866.57,12.35,28.29,0.19
24,Quebec,Québec,12/12/20,50,2020,1,156983,12237,1805.3,7100,236,81.65,140.73,2.71,23098,462,265.63,5.31,1748.14,20.1,33.71,0.39
10,Newfoundland and Labrador,Terre-Neuve-et-Labrador,12/12/20,50,2020,1,358,11,68.06,4,0,0.76,2.09,0,25,0,4.75,0,1.57,0.3,0,0
13,New Brunswick,Nouveau-Brunswick,12/12/20,50,2020,1,555,25,68.34,8,1,0.99,3.08,0.12,74,1,9.11,0.12,3.57,0.44,0.14,0.02
12,Nova Scotia,Nouvelle-Écosse,12/12/20,50,2020,1,1407,52,137.98,65,0,6.37,5.1,0,136,0,13.34,0,7.39,0.72,0,0
11,Prince Edward Island,Île-du-Prince-Édouard,12/12/20,50,2020,1,87,8,50.97,0,0,0,4.69,0,16,0,9.37,0,1.14,0.67,0,0
60,Yukon,Yukon,12/12/20,50,2020,1,58,6,132.45,1,0,2.28,13.7,0,14,0,31.97,0,0.9,2.07,0,0
61,Northwest Territories,Territoires du Nord-Ouest,12/12/20,50,2020,1,19,4,41.66,0,0,0,8.77,0,4,0,8.77,0,0.61,1.34,0,0
62,Nunavut,Nunavut,12/12/20,50,2020,1,242,38,597.15,0,0,0,93.77,0,76,0,187.53,0,5.43,13.4,0,0
99,Repatriated travellers,Voyageurs rapatriés,12/12/20,50,2020,,13,0,,0,0,,,,0,0,,,0,,0,
1,Canada,Canada,12/12/20,50,2020,,455710,46168,1170.59,13241,816,34.01,118.59,2.1,91282,1511,234.48,3.88,6595.43,16.94,116.57,0.3
59,British Columbia,Colombie-Britannique,12/19/20,51,2020,1,46052,4557,865.75,752,126,14.14,85.67,2.37,9273,242,174.33,4.55,651,12.24,18,0.34
48,Alberta,Alberta,12/19/20,51,2020,1,90008,10223,1981.2,961,149,21.15,225.02,3.28,21883,281,481.67,6.19,1460.43,32.15,21.29,0.47
47,Saskatchewan,Saskatchewan,12/19/20,51,2020,1,13327,1580,1115.41,115,29,9.63,132.24,2.43,3598,60,301.14,5.02,225.71,18.89,4.14,0.35
46,Manitoba,Manitoba,12/19/20,51,2020,1,22630,1880,1605.85,556,73,39.45,133.41,5.18,4207,175,298.53,12.42,268.57,19.06,10.43,0.74
35,Ontario,Ontario,12/19/20,51,2020,1,157878,15667,1044.9,4293,237,28.41,103.69,1.57,28733,435,190.17,2.88,2238.14,14.81,33.86,0.22
24,Quebec,Québec,12/19/20,51,2020,1,170937,13954,1965.77,7348,248,84.5,160.47,2.85,26191,484,301.2,5.57,1993.43,22.92,35.43,0.41
10,Newfoundland and Labrador,Terre-Neuve-et-Labrador,12/19/20,51,2020,1,380,22,72.25,4,0,0.76,4.18,0,33,0,6.27,0,3.14,0.6,0,0
13,New Brunswick,Nouveau-Brunswick,12/19/20,51,2020,1,574,19,70.68,8,0,0.99,2.34,0,44,1,5.42,0.12,2.71,0.33,0,0
12,Nova Scotia,Nouvelle-Écosse,12/19/20,51,2020,1,1439,32,141.12,65,0,6.37,3.14,0,84,0,8.24,0,4.55,0.45,0,0
11,Prince Edward Island,Île-du-Prince-Édouard,12/19/20,51,2020,1,90,3,52.73,0,0,0,1.76,0,11,0,6.44,0,0.47,0.27,0,0
60,Yukon,Yukon,12/19/20,51,2020,1,59,1,134.74,1,0,2.28,2.28,0,7,0,15.99,0,0.1,0.22,0,0
61,Northwest Territories,Territoires du Nord-Ouest,12/19/20,51,2020,1,23,4,50.43,0,0,0,8.77,0,8,0,17.54,0,0.55,1.21,0,0
62,Nunavut,Nunavut,12/19/20,51,2020,1,260,19,641.56,1,1,2.47,46.88,2.47,57,1,140.65,2.47,2.65,6.55,0.08,0.2
99,Repatriated travellers,Voyageurs rapatriés,12/19/20,51,2020,,13,0,,0,0,,,,0,0,,,0,,0,
1,Canada,Canada,12/19/20,51,2020,,503670,47961,1293.79,14104,863,36.23,123.2,2.22,94129,1679,241.79,4.31,6851.57,17.6,123.29,0.32
59,British Columbia,Colombie-Britannique,12/26/20,52,2020,1,49568,3516,931.85,847,95,15.92,66.1,1.79,8073,221,151.77,4.15,502.29,9.44,13.57,0.26
48,Alberta,Alberta,12/26/20,52,2020,1,97407,7399,2144.06,1116,155,24.56,162.86,3.41,17622,304,387.88,6.69,1057,23.27,22.14,0.49
47,Saskatchewan,Saskatchewan,12/26/20,52,2020,1,14615,1288,1223.21,134,19,11.22,107.8,1.59,2868,48,240.04,4.02,184,15.4,2.71,0.23
46,Manitoba,Manitoba,12/26/20,52,2020,1,23624,994,1676.38,617,61,43.78,70.54,4.33,2874,134,203.94,9.51,142,10.08,8.71,0.62
35,Ontario,Ontario,12/26/20,52,2020,1,173501,15623,1148.3,4578,285,30.3,103.4,1.89,31290,522,207.09,3.45,2231.86,14.77,40.71,0.27
24,Quebec,Québec,12/26/20,52,2020,1,186322,15385,2142.7,7662,314,88.11,176.93,3.61,29339,562,337.4,6.46,2197.86,25.28,44.86,0.52
10,Newfoundland and Labrador,Terre-Neuve-et-Labrador,12/26/20,52,2020,1,384,4,73.01,4,0,0.76,0.76,0,26,0,4.94,0,0.57,0.11,0,0
13,New Brunswick,Nouveau-Brunswick,12/26/20,52,2020,1,590,16,72.65,8,0,0.99,1.97,0,35,0,4.31,0,2.29,0.28,0,0
12,Nova Scotia,Nouvelle-Écosse,12/26/20,52,2020,1,1469,30,144.06,65,0,6.37,2.94,0,62,0,6.08,0,4.27,0.42,0,0
11,Prince Edward Island,Île-du-Prince-Édouard,12/26/20,52,2020,1,94,4,55.07,0,0,0,2.34,0,7,0,4.1,0,0.53,0.31,0,0
60,Yukon,Yukon,12/26/20,52,2020,1,60,1,137.02,1,0,2.28,2.28,0,2,0,4.57,0,0.14,0.33,0,0
61,Northwest Territories,Territoires du Nord-Ouest,12/26/20,52,2020,1,24,1,52.63,0,0,0,2.19,0,5,0,10.96,0,0.12,0.27,0,0
62,Nunavut,Nunavut,12/26/20,52,2020,1,264,4,651.43,1,0,2.47,9.87,0,23,1,56.75,2.47,0.57,1.41,0.06,0.15
99,Repatriated travellers,Voyageurs rapatriés,12/26/20,52,2020,,13,0,,0,0,,,,0,0,,,0,,0,
1,Canada,Canada,12/26/20,52,2020,,547935,44265,1407.49,15033,929,38.62,113.7,2.39,92226,1792,236.9,4.6,6323.57,16.24,132.71,0.34
59,British Columbia,Colombie-Britannique,1/2/21,53,2020,1,53162,3594,999.41,901,54,16.94,67.56,1.02,7110,149,133.66,2.8,513.43,9.65,7.71,0.15
48,Alberta,Alberta,1/2/21,53,2020,1,104633,7226,2303.11,1267,151,27.89,159.05,3.32,14625,306,321.92,6.74,1032.29,22.72,21.57,0.47
47,Saskatchewan,Saskatchewan,1/2/21,53,2020,1,15844,1229,1326.08,158,24,13.22,102.86,2.01,2517,43,210.66,3.6,175.57,14.69,3.43,0.29
46,Manitoba,Manitoba,1/2/21,53,2020,1,25026,1402,1775.87,678,61,48.11,99.49,4.33,2396,122,170.02,8.66,200.29,14.21,8.71,0.62
35,Ontario,Ontario,1/2/21,53,2020,1,193960,20459,1283.7,4905,327,32.46,135.41,2.16,36082,612,238.8,4.05,2922.71,19.34,46.71,0.31
24,Quebec,Québec,1/2/21,53,2020,1,204100,17778,2347.15,7966,304,91.61,204.45,3.5,33163,618,381.37,7.11,2539.71,29.21,43.43,0.5
10,Newfoundland and Labrador,Terre-Neuve-et-Labrador,1/2/21,53,2020,1,390,6,74.15,4,0,0.76,1.14,0,10,0,1.9,0,0.86,0.16,0,0
13,New Brunswick,Nouveau-Brunswick,1/2/21,53,2020,1,611,21,75.24,9,1,1.11,2.59,0.12,37,1,4.56,0.12,3,0.37,0.14,0.02
12,Nova Scotia,Nouvelle-Écosse,1/2/21,53,2020,1,1497,28,146.8,65,0,6.37,2.75,0,58,0,5.69,0,4.02,0.39,0,0
11,Prince Edward Island,Île-du-Prince-Édouard,1/2/21,53,2020,1,97,3,56.83,0,0,0,1.76,0,7,0,4.1,0,0.39,0.23,0,0
60,Yukon,Yukon,1/2/21,53,2020,1,64,4,146.16,1,0,2.28,9.13,0,5,0,11.42,0,0.62,1.41,0,0
61,Northwest Territories,Territoires du Nord-Ouest,1/2/21,53,2020,1,24,0,52.63,0,0,0,0,0,1,0,2.19,0,0,0,0,0
62,Nunavut,Nunavut,1/2/21,53,2020,1,266,2,656.37,1,0,2.47,4.94,0,6,0,14.81,0,0.24,0.6,0,0
99,Repatriated travellers,Voyageurs rapatriés,1/2/21,53,2020,,13,0,,0,0,,,,0,0,,,0,,0,
1,Canada,Canada,1/2/21,53,2020,,599687,51752,1540.43,15955,922,40.98,132.94,2.37,96017,1851,246.64,4.75,7393.14,18.99,131.71,0.34
59,British Columbia,Colombie-Britannique,1/9/21,1,2021,1,57170,4008,1074.76,999,98,18.78,75.35,1.84,7602,152,142.91,2.86,572.57,10.76,14,0.26
48,Alberta,Alberta,1/9/21,1,2021,1,111729,7096,2459.31,1426,159,31.39,156.19,3.5,14322,310,315.25,6.82,1013.71,22.31,22.71,0.5
47,Saskatchewan,Saskatchewan,1/9/21,1,2021,1,17807,1963,1490.37,191,33,15.99,164.29,2.76,3192,57,267.16,4.77,280.43,23.47,4.71,0.39
46,Manitoba,Manitoba,1/9/21,1,2021,1,26166,1140,1856.77,733,55,52.01,80.9,3.9,2542,116,180.38,8.23,162.86,11.56,7.86,0.56
35,Ontario,Ontario,1/9/21,1,2021,1,218835,24875,1448.34,5276,371,34.92,164.63,2.46,45334,698,300.04,4.62,3553.57,23.52,53,0.35
24,Quebec,Québec,1/9/21,1,2021,1,221558,17458,2547.91,8315,349,95.62,200.77,4.01,35236,653,405.21,7.51,2494,28.68,49.86,0.57
10,Newfoundland and Labrador,Terre-Neuve-et-Labrador,1/9/21,1,2021,1,392,2,74.53,4,0,0.76,0.38,0,8,0,1.52,0,0.29,0.05,0,0
13,New Brunswick,Nouveau-Brunswick,1/9/21,1,2021,1,765,154,94.2,9,0,1.11,18.96,0,175,1,21.55,0.12,22,2.71,0,0
12,Nova Scotia,Nouvelle-Écosse,1/9/21,1,2021,1,1525,28,149.55,65,0,6.37,2.75,0,56,0,5.49,0,3.96,0.39,0,0
11,Prince Edward Island,Île-du-Prince-Édouard,1/9/21,1,2021,1,100,4,58.59,0,0,0,2.34,0,7,0,4.1,0,0.55,0.32,0,0
60,Yukon,Yukon,1/9/21,1,2021,1,70,6,159.86,1,0,2.28,13.7,0,10,0,22.84,0,0.81,1.85,0,0
61,Northwest Territories,Territoires du Nord-Ouest,1/9/21,1,2021,1,24,0,52.63,0,0,0,0,0,0,0,0,0,0,0,0,0
62,Nunavut,Nunavut,1/9/21,1,2021,1,266,0,656.37,1,0,2.47,0,0,2,0,4.94,0,0,0,0,0
99,Repatriated travellers,Voyageurs rapatriés,1/9/21,1,2021,,13,0,,0,0,,,,0,0,,,0,,0,
1,Canada,Canada,1/9/21,1,2021,,656420,56734,1686.16,17020,1065,43.72,145.73,2.74,108486,1987,278.67,5.1,8104.86,20.82,152.14,0.39
59,British Columbia,Colombie-Britannique,1/16/21,2,2021,1,60701,3531,1141.14,1064,65,20,66.38,1.22,7539,163,141.73,3.06,504.43,9.48,9.29,0.17
48,Alberta,Alberta,1/16/21,2,2021,1,117088,5359,2577.26,1557,131,34.27,117.96,2.88,12455,290,274.15,6.38,765.57,16.85,18.71,0.41
47,Saskatchewan,Saskatchewan,1/16/21,2,2021,1,19985,2178,1672.66,212,21,17.74,182.29,1.76,4141,54,346.58,4.52,311.14,26.04,3,0.25
46,Manitoba,Manitoba,1/16/21,2,2021,1,27322,1156,1938.8,761,28,54,82.03,1.99,2296,83,162.93,5.89,165.14,11.72,4,0.28
35,Ontario,Ontario,1/16/21,2,2021,1,240220,21385,1589.87,5644,368,37.35,141.53,2.44,46260,739,306.17,4.89,3055,20.22,52.57,0.35
24,Quebec,Québec,1/16/21,2,2021,1,235619,14061,2709.62,8682,367,99.84,161.7,4.22,31519,716,362.47,8.23,2008.71,23.1,52.43,0.6
10,Newfoundland and Labrador,Terre-Neuve-et-Labrador,1/16/21,2,2021,1,395,3,75.1,4,0,0.76,0.57,0,5,0,0.95,0,0.43,0.08,0,0
13,New Brunswick,Nouveau-Brunswick,1/16/21,2,2021,1,911,146,112.18,12,3,1.48,17.98,0.37,300,3,36.94,0.37,20.86,2.57,0.43,0.05
12,Nova Scotia,Nouvelle-Écosse,1/16/21,2,2021,1,1550,25,152,65,0,6.37,2.45,0,53,0,5.2,0,3.59,0.35,0,0
11,Prince Edward Island,Île-du-Prince-Édouard,1/16/21,2,2021,1,107,7,62.69,0,0,0,4.1,0,11,0,6.44,0,0.94,0.55,0,0
60,Yukon,Yukon,1/16/21,2,2021,1,70,0,159.86,1,0,2.28,0,0,6,0,13.7,0,0,0,0,0
61,Northwest Territories,Territoires du Nord-Ouest,1/16/21,2,2021,1,27,3,59.2,0,0,0,6.58,0,3,0,6.58,0,0.41,0.89,0,0
62,Nunavut,Nunavut,1/16/21,2,2021,1,266,0,656.37,1,0,2.47,0,0,0,0,0,0,0,0,0,0
99,Repatriated travellers,Voyageurs rapatriés,1/16/21,2,2021,,13,0,,0,0,,,,0,0,,,0,,0,
1,Canada,Canada,1/16/21,2,2021,,704274,47854,1809.08,18003,983,46.24,122.92,2.53,104588,2048,268.66,5.26,6836.29,17.56,140.43,0.36
59,British Columbia,Colombie-Britannique,1/23/21,3,2021,1,64011,3310,1203.37,1128,64,21.21,62.23,1.2,6841,129,128.61,2.43,472.86,8.89,9.14,0.17
48,Alberta,Alberta,1/23/21,3,2021,1,121013,3925,2663.66,1672,115,36.8,86.39,2.53,9284,246,204.35,5.41,560.71,12.34,16.43,0.36
47,Saskatchewan,Saskatchewan,1/23/21,3,2021,1,21917,1932,1834.36,250,38,20.92,161.7,3.18,4110,59,343.99,4.94,276,23.1,5.43,0.45
46,Manitoba,Manitoba,1/23/21,3,2021,1,28476,1154,2020.69,797,36,56.56,81.89,2.55,2310,64,163.92,4.54,164.86,11.7,5.14,0.36
35,Ontario,Ontario,1/23/21,3,2021,1,256636,16416,1698.52,6076,432,40.21,108.65,2.86,37801,800,250.18,5.29,2345.14,15.52,61.71,0.41
24,Quebec,Québec,1/23/21,3,2021,1,246130,10511,2830.49,9046,364,104.03,120.88,4.19,24572,731,282.58,8.41,1501.57,17.27,52,0.6
10,Newfoundland and Labrador,Terre-Neuve-et-Labrador,1/23/21,3,2021,1,398,3,75.67,4,0,0.76,0.57,0,6,0,1.14,0,0.43,0.08,0,0
13,New Brunswick,Nouveau-Brunswick,1/23/21,3,2021,1,1104,193,135.95,13,1,1.6,23.77,0.12,339,4,41.75,0.49,27.57,3.4,0.14,0.02
12,Nova Scotia,Nouvelle-Écosse,1/23/21,3,2021,1,1567,17,153.67,65,0,6.37,1.67,0,42,0,4.12,0,2.41,0.24,0,0
11,Prince Edward Island,Île-du-Prince-Édouard,1/23/21,3,2021,1,110,3,64.45,0,0,0,1.76,0,10,0,5.86,0,0.43,0.25,0,0
60,Yukon,Yukon,1/23/21,3,2021,1,70,0,159.86,1,0,2.28,0,0,0,0,0,0,0,0,0,0
61,Northwest Territories,Territoires du Nord-Ouest,1/23/21,3,2021,1,30,3,65.78,0,0,0,6.58,0,6,0,13.16,0,0.47,1.03,0,0
62,Nunavut,Nunavut,1/23/21,3,2021,1,275,9,678.58,1,0,2.47,22.21,0,9,0,22.21,0,1.31,3.22,0,0
99,Repatriated travellers,Voyageurs rapatriés,1/23/21,3,2021,,13,0,,0,0,,,,0,0,,,0,,0,
1,Canada,Canada,1/23/21,3,2021,,741750,37476,1905.35,19053,1050,48.94,96.27,2.7,85330,2033,219.19,5.22,5353.71,13.75,150,0.39
59,British Columbia,Colombie-Britannique,1/30/21,4,2021,1,67187,3176,1263.07,1189,61,22.35,59.71,1.15,6486,125,121.93,2.35,453.71,8.53,8.71,0.16
48,Alberta,Alberta,1/30/21,4,2021,1,124049,3036,2730.49,1744,72,38.39,66.83,1.58,6961,187,153.22,4.12,433.71,9.55,10.29,0.23
47,Saskatchewan,Saskatchewan,1/30/21,4,2021,1,23626,1709,1977.4,300,50,25.11,143.04,4.18,3641,88,304.74,7.37,244.14,20.43,7.14,0.6
46,Manitoba,Manitoba,1/30/21,4,2021,1,29446,970,2089.52,825,28,58.54,68.83,1.99,2124,64,150.72,4.54,138.57,9.83,4,0.28
35,Ontario,Ontario,1/30/21,4,2021,1,269410,12774,1783.06,6449,373,42.68,84.54,2.47,29190,805,193.19,5.33,1824.86,12.08,53.29,0.35
24,Quebec,Québec,1/30/21,4,2021,1,254884,8754,2931.16,9313,267,107.1,100.67,3.07,19265,631,221.55,7.26,1250.57,14.38,38.14,0.44
10,Newfoundland and Labrador,Terre-Neuve-et-Labrador,1/30/21,4,2021,1,408,10,77.57,4,0,0.76,1.9,0,13,0,2.47,0,1.43,0.27,0,0
13,New Brunswick,Nouveau-Brunswick,1/30/21,4,2021,1,1230,126,151.47,18,5,2.22,15.52,0.62,319,6,39.28,0.74,18,2.22,0.71,0.09
12,Nova Scotia,Nouvelle-Écosse,1/30/21,4,2021,1,1578,11,154.75,65,0,6.37,1.08,0,28,0,2.75,0,1.59,0.16,0,0
11,Prince Edward Island,Île-du-Prince-Édouard,1/30/21,4,2021,1,112,2,65.62,0,0,0,1.17,0,5,0,2.93,0,0.24,0.14,0,0
60,Yukon,Yukon,1/30/21,4,2021,1,70,0,159.86,1,0,2.28,0,0,0,0,0,0,0,0,0,0
61,Northwest Territories,Territoires du Nord-Ouest,1/30/21,4,2021,1,31,1,67.98,0,0,0,2.19,0,4,0,8.77,0,0.12,0.27,0,0
62,Nunavut,Nunavut,1/30/21,4,2021,1,289,14,713.12,1,0,2.47,34.55,0,23,0,56.75,0,1.96,4.83,0,0
99,Repatriated travellers,Voyageurs rapatriés,1/30/21,4,2021,,13,0,,0,0,,,,0,0,,,0,,0,
1,Canada,Canada,1/30/21,4,2021,,772333,30583,1983.91,19909,856,51.14,78.56,2.2,68059,1906,174.82,4.9,4369,11.22,122.29,0.31
59,British Columbia,Colombie-Britannique,2/6/21,5,2021,1,70144,2957,1318.66,1246,57,23.42,55.59,1.07,6133,118,115.3,2.22,422.43,7.94,8.14,0.15
48,Alberta,Alberta,2/6/21,5,2021,1,126646,2597,2787.65,1802,58,39.66,57.16,1.28,5633,130,123.99,2.86,371,8.17,8.29,0.18
47,Saskatchewan,Saskatchewan,2/6/21,5,2021,1,25209,1583,2109.89,336,36,28.12,132.49,3.01,3292,86,275.53,7.2,226.14,18.93,5.14,0.43
46,Manitoba,Manitoba,2/6/21,5,2021,1,30158,712,2140.04,842,17,59.75,50.52,1.21,1682,45,119.36,3.19,101.71,7.22,2.43,0.17
35,Ontario,Ontario,2/6/21,5,2021,1,279192,9782,1847.8,6711,262,44.42,64.74,1.73,22556,635,149.28,4.2,1397.43,9.25,37.43,0.25
24,Quebec,Québec,2/6/21,5,2021,1,262302,7418,3016.47,9526,213,109.55,85.31,2.45,16172,480,185.98,5.52,1059.71,12.19,30.43,0.35
10,Newfoundland and Labrador,Terre-Neuve-et-Labrador,2/6/21,5,2021,1,415,7,78.9,4,0,0.76,1.33,0,17,0,3.23,0,1,0.19,0,0
13,New Brunswick,Nouveau-Brunswick,2/6/21,5,2021,1,1337,107,164.64,20,2,2.46,13.18,0.25,233,7,28.69,0.86,15.29,1.88,0.29,0.04
12,Nova Scotia,Nouvelle-Écosse,2/6/21,5,2021,1,1585,6,155.43,65,0,6.37,0.59,0,17,0,1.67,0,0.92,0.09,0,0
11,Prince Edward Island,Île-du-Prince-Édouard,2/6/21,5,2021,1,114,2,66.79,0,0,0,1.17,0,4,0,2.34,0,0.27,0.16,0,0
60,Yukon,Yukon,2/6/21,5,2021,1,70,0,159.86,1,0,2.28,0,0,0,0,0,0,0,0,0,0
61,Northwest Territories,Territoires du Nord-Ouest,2/6/21,5,2021,1,32,1,70.17,0,0,0,2.19,0,2,0,4.39,0,0.1,0.22,0,0
62,Nunavut,Nunavut,2/6/21,5,2021,1,297,8,732.86,1,0,2.47,19.74,0,22,0,54.29,0,1.14,2.82,0,0
99,Repatriated travellers,Voyageurs rapatriés,2/6/21,5,2021,,13,0,,0,0,,,,0,0,,,0,,0,
1,Canada,Canada,2/6/21,5,2021,,797514,25180,2048.59,20554,645,52.8,64.68,1.66,55763,1501,143.24,3.86,3597.14,9.24,92.14,0.24
59,British Columbia,Colombie-Britannique,2/13/21,6,2021,1,73202,3058,1376.15,1298,52,24.4,57.49,0.98,6015,109,113.08,2.05,436.86,8.21,7.43,0.14
48,Alberta,Alberta,2/13/21,6,2021,1,128722,2076,2833.34,1854,52,40.81,45.7,1.14,4673,110,102.86,2.42,296.57,6.53,7.43,0.16
47,Saskatchewan,Saskatchewan,2/13/21,6,2021,1,26389,1180,2208.65,354,18,29.63,98.76,1.51,2763,54,231.25,4.52,168.57,14.11,2.57,0.22
46,Manitoba,Manitoba,2/13/21,6,2021,1,30687,529,2177.58,866,24,61.45,37.54,1.7,1241,41,88.06,2.91,75.57,5.36,3.43,0.24
35,Ontario,Ontario,2/13/21,6,2021,1,287093,7901,1900.09,6881,170,45.54,52.29,1.13,17683,432,117.03,2.86,1128.71,7.47,24.29,0.16
24,Quebec,Québec,2/13/21,6,2021,1,268784,6482,3091.01,9685,159,111.38,74.54,1.83,13900,372,159.85,4.28,926,10.65,22.71,0.26
10,Newfoundland and Labrador,Terre-Neuve-et-Labrador,2/13/21,6,2021,1,686,271,130.43,4,0,0.76,51.52,0,278,0,52.85,0,38.71,7.36,0,0
13,New Brunswick,Nouveau-Brunswick,2/13/21,6,2021,1,1398,61,172.15,22,2,2.71,7.51,0.25,168,4,20.69,0.49,8.71,1.07,0.29,0.04
12,Nova Scotia,Nouvelle-Écosse,2/13/21,6,2021,1,1592,7,156.12,65,0,6.37,0.69,0,13,0,1.27,0,1.02,0.1,0,0
11,Prince Edward Island,Île-du-Prince-Édouard,2/13/21,6,2021,1,114,0,66.79,0,0,0,0,0,2,0,1.17,0,0.06,0.04,0,0
60,Yukon,Yukon,2/13/21,6,2021,1,71,1,162.14,1,0,2.28,2.28,0,1,0,2.28,0,0.1,0.22,0,0
61,Northwest Territories,Territoires du Nord-Ouest,2/13/21,6,2021,1,36,5,78.94,0,0,0,10.96,0,6,0,13.16,0,0.65,1.43,0,0
62,Nunavut,Nunavut,2/13/21,6,2021,1,313,16,772.34,1,0,2.47,39.48,0,24,0,59.22,0,2.27,5.59,0,0
99,Repatriated travellers,Voyageurs rapatriés,2/13/21,6,2021,,13,0,,0,0,,,,0,0,,,0,,0,
1,Canada,Canada,2/13/21,6,2021,,819100,21587,2104.04,21031,477,54.02,55.45,1.23,46767,1122,120.13,2.88,3083.86,7.92,68.14,0.18
59,British Columbia,Colombie-Britannique,2/20/21,7,2021,1,76339,3137,1435.13,1327,29,24.95,58.97,0.55,6195,81,116.46,1.52,448.14,8.42,4.14,0.08
48,Alberta,Alberta,2/20/21,7,2021,1,130974,2252,2882.91,1880,26,41.38,49.57,0.57,4328,78,95.27,1.72,321.71,7.08,3.71,0.08
47,Saskatchewan,Saskatchewan,2/20/21,7,2021,1,27438,1049,2296.45,368,14,30.8,87.8,1.17,2229,32,186.56,2.68,149.86,12.54,2,0.17
46,Manitoba,Manitoba,2/20/21,7,2021,1,31329,642,2223.14,882,16,62.59,45.56,1.14,1171,40,83.1,2.84,91.71,6.51,2.29,0.16
35,Ontario,Ontario,2/20/21,7,2021,1,294555,7462,1949.48,7032,151,46.54,49.39,1,15363,321,101.68,2.12,1066,7.06,21.57,0.14
24,Quebec,Québec,2/20/21,7,2021,1,274136,5352,3152.56,9786,101,112.54,61.55,1.16,11834,260,136.09,2.99,764.57,8.79,14.43,0.17
10,Newfoundland and Labrador,Terre-Neuve-et-Labrador,2/20/21,7,2021,1,901,215,171.3,4,0,0.76,40.88,0,486,0,92.4,0,30.71,5.84,0.06,0.01
13,New Brunswick,Nouveau-Brunswick,2/20/21,7,2021,1,1420,22,174.86,24,2,2.96,2.71,0.25,83,4,10.22,0.49,3.14,0.39,0.29,0.04
12,Nova Scotia,Nouvelle-Écosse,2/20/21,7,2021,1,1605,14,157.4,65,0,6.37,1.37,0,21,0,2.06,0,1.96,0.19,0,0
11,Prince Edward Island,Île-du-Prince-Édouard,2/20/21,7,2021,1,115,1,67.37,0,0,0,0.59,0,1,0,0.59,0,0.08,0.05,0,0
60,Yukon,Yukon,2/20/21,7,2021,1,72,1,164.42,1,0,2.28,2.28,0,2,0,4.57,0,0.19,0.43,0,0
61,Northwest Territories,Territoires du Nord-Ouest,2/20/21,7,2021,1,41,5,89.9,0,0,0,10.96,0,10,0,21.93,0,0.65,1.43,0,0
62,Nunavut,Nunavut,2/20/21,7,2021,1,339,26,836.5,1,0,2.47,64.16,0,42,0,103.64,0,3.76,9.27,0,0
99,Repatriated travellers,Voyageurs rapatriés,2/20/21,7,2021,,13,0,,0,0,,,,0,0,,,0,,0,
1,Canada,Canada,2/20/21,7,2021,,839277,20178,2155.87,21370,339,54.89,51.83,0.87,41765,816,107.28,2.1,2882.57,7.4,48.43,0.12
59,British Columbia,Colombie-Britannique,2/27/21,8,2021,1,79909,3570,1502.24,1355,28,25.47,67.11,0.53,6707,57,126.09,1.07,510,9.59,4,0.08
48,Alberta,Alberta,2/27/21,8,2021,1,133417,2443,2936.69,1905,25,41.93,53.77,0.55,4695,51,103.34,1.12,349,7.68,3.57,0.08
47,Saskatchewan,Saskatchewan,2/27/21,8,2021,1,28506,1068,2385.83,385,17,32.22,89.39,1.42,2117,31,177.18,2.59,152.57,12.77,2.43,0.2
46,Manitoba,Manitoba,2/27/21,8,2021,1,31809,480,2257.2,893,11,63.37,34.06,0.78,1122,27,79.62,1.92,68.57,4.87,1.57,0.11
35,Ontario,Ontario,2/27/21,8,2021,1,302237,7682,2000.32,7129,97,47.18,50.84,0.64,15144,248,100.23,1.64,1097.43,7.26,13.86,0.09
24,Quebec,Québec,2/27/21,8,2021,1,279518,5382,3214.45,9858,72,113.37,61.89,0.83,10734,173,123.44,1.99,768.86,8.84,10.29,0.12
10,Newfoundland and Labrador,Terre-Neuve-et-Labrador,2/27/21,8,2021,1,980,79,186.32,5,1,0.95,15.02,0.19,294,1,55.9,0.19,11.29,2.15,0.14,0.03
13,New Brunswick,Nouveau-Brunswick,2/27/21,8,2021,1,1430,10,176.1,26,2,3.2,1.23,0.25,32,4,3.94,0.49,1.43,0.18,0.29,0.04
12,Nova Scotia,Nouvelle-Écosse,2/27/21,8,2021,1,1633,27,160.14,65,0,6.37,2.65,0,41,0,4.02,0,3.92,0.38,0,0
11,Prince Edward Island,Île-du-Prince-Édouard,2/27/21,8,2021,1,127,12,74.4,0,0,0,7.03,0,13,0,7.62,0,1.78,1.04,0,0
60,Yukon,Yukon,2/27/21,8,2021,1,72,0,164.42,1,0,2.28,0,0,1,0,2.28,0,0,0,0,0
61,Northwest Territories,Territoires du Nord-Ouest,2/27/21,8,2021,1,42,1,92.1,0,0,0,2.19,0,6,0,13.16,0,0.16,0.36,0,0
62,Nunavut,Nunavut,2/27/21,8,2021,1,356,17,878.45,1,0,2.47,41.95,0,43,0,106.1,0,2.37,5.84,0,0
99,Repatriated travellers,Voyageurs rapatriés,2/27/21,8,2021,,13,0,,0,0,,,,0,0,,,0,,0,
1,Canada,Canada,2/27/21,8,2021,,860049,20771,2209.22,21623,253,55.54,53.35,0.65,40949,592,105.19,1.52,2967.29,7.62,36.14,0.09
59,British Columbia,Colombie-Britannique,3/6/21,9,2021,1,83652,3743,1572.61,1383,28,26,70.37,0.53,7313,56,137.48,1.05,534.71,10.05,4,0.08
48,Alberta,Alberta,3/6/21,9,2021,1,135748,2331,2988,1924,19,42.35,51.31,0.42,4774,44,105.08,0.97,333,7.33,2.71,0.06
47,Saskatchewan,Saskatchewan,3/6/21,9,2021,1,29593,1087,2476.81,396,11,33.14,90.98,0.92,2155,28,180.36,2.34,155.29,13,1.57,0.13
46,Manitoba,Manitoba,3/6/21,9,2021,1,32169,360,2282.75,904,11,64.15,25.55,0.78,840,22,59.61,1.56,51.43,3.65,1.57,0.11
35,Ontario,Ontario,3/6/21,9,2021,1,310175,7938,2052.86,7216,87,47.76,52.54,0.58,15620,184,103.38,1.22,1134,7.51,12.43,0.08
24,Quebec,Québec,3/6/21,9,2021,1,284470,4952,3271.4,9925,67,114.14,56.95,0.77,10334,139,118.84,1.6,707.43,8.14,9.57,0.11
10,Newfoundland and Labrador,Terre-Neuve-et-Labrador,3/6/21,9,2021,1,1005,25,191.07,6,1,1.14,4.75,0.19,104,2,19.77,0.38,3.57,0.68,0.08,0.02
13,New Brunswick,Nouveau-Brunswick,3/6/21,9,2021,1,1453,23,178.93,28,2,3.45,2.83,0.25,33,4,4.06,0.49,3.29,0.4,0.29,0.04
12,Nova Scotia,Nouvelle-Écosse,3/6/21,9,2021,1,1654,21,162.2,65,0,6.37,2.06,0,48,0,4.71,0,3.04,0.3,0,0
11,Prince Edward Island,Île-du-Prince-Édouard,3/6/21,9,2021,1,140,13,82.02,0,0,0,7.62,0,25,0,14.65,0,1.86,1.09,0,0
60,Yukon,Yukon,3/6/21,9,2021,1,72,0,164.42,1,0,2.28,0,0,0,0,0,0,0,0,0,0
61,Northwest Territories,Territoires du Nord-Ouest,3/6/21,9,2021,1,42,0,92.1,0,0,0,0,0,1,0,2.19,0,0,0,0,0
62,Nunavut,Nunavut,3/6/21,9,2021,1,372,16,917.93,1,0,2.47,39.48,0,33,0,81.43,0,2.29,5.64,0,0
99,Repatriated travellers,Voyageurs rapatriés,3/6/21,9,2021,,13,0,,0,0,,,,0,0,,,0,,0,
1,Canada,Canada,3/6/21,9,2021,,880558,20509,2261.91,21849,226,56.12,52.68,0.58,41280,479,106.04,1.23,2929.86,7.53,32.29,0.08
59,British Columbia,Colombie-Britannique,3/13/21,10,2021,1,87422,3770,1643.48,1401,18,26.34,70.87,0.34,7513,46,141.24,0.86,538.57,10.12,2.57,0.05
48,Alberta,Alberta,3/13/21,10,2021,1,138286,2538,3043.86,1950,26,42.92,55.86,0.57,4869,45,107.17,0.99,362.57,7.98,3.71,0.08
47,Saskatchewan,Saskatchewan,3/13/21,10,2021,1,30522,929,2554.56,405,9,33.9,77.75,0.75,2016,20,168.73,1.67,132.71,11.11,1.29,0.11
46,Manitoba,Manitoba,3/13/21,10,2021,1,32699,530,2320.36,916,12,65,37.61,0.85,890,23,63.16,1.63,75.71,5.37,1.71,0.12
35,Ontario,Ontario,3/13/21,10,2021,1,319674,9499,2115.73,7304,88,48.34,62.87,0.58,17437,175,115.4,1.16,1357,8.98,12.57,0.08
24,Quebec,Québec,3/13/21,10,2021,1,289483,5013,3329.05,9983,58,114.8,57.65,0.67,9965,125,114.6,1.44,716.14,8.24,8.29,0.1
10,Newfoundland and Labrador,Terre-Neuve-et-Labrador,3/13/21,10,2021,1,1012,7,192.41,6,0,1.14,1.33,0,32,1,6.08,0.19,1,0.19,0,0
13,New Brunswick,Nouveau-Brunswick,3/13/21,10,2021,1,1465,12,180.41,30,2,3.69,1.48,0.25,35,4,4.31,0.49,1.71,0.21,0.29,0.04
12,Nova Scotia,Nouvelle-Écosse,3/13/21,10,2021,1,1667,13,163.48,65,0,6.37,1.27,0,34,0,3.33,0,1.82,0.18,0,0
11,Prince Edward Island,Île-du-Prince-Édouard,3/13/21,10,2021,1,144,4,84.36,0,0,0,2.34,0,17,0,9.96,0,0.51,0.3,0,0
60,Yukon,Yukon,3/13/21,10,2021,1,72,0,164.42,1,0,2.28,0,0,0,0,0,0,0,0,0,0
61,Northwest Territories,Territoires du Nord-Ouest,3/13/21,10,2021,1,42,0,92.1,0,0,0,0,0,0,0,0,0,0,0,0,0
62,Nunavut,Nunavut,3/13/21,10,2021,1,382,11,942.6,1,0,2.47,27.14,0,27,0,66.62,0,1.51,3.73,0,0
99,Repatriated travellers,Voyageurs rapatriés,3/13/21,10,2021,,13,0,,0,0,,,,0,0,,,0,,0,
1,Canada,Canada,3/13/21,10,2021,,902883,22326,2319.25,22062,213,56.67,57.35,0.55,42835,439,110.03,1.13,3189.43,8.19,30.43,0.08
59,British Columbia,Colombie-Britannique,3/20/21,11,2021,1,91342,3920,1717.17,1421,20,26.71,73.69,0.38,7690,38,144.57,0.71,560,10.53,2.86,0.05
48,Alberta,Alberta,3/20/21,11,2021,1,141763,3477,3120.39,1965,15,43.25,76.53,0.33,6015,41,132.4,0.9,496.71,10.93,2.14,0.05
47,Saskatchewan,Saskatchewan,3/20/21,11,2021,1,31459,937,2632.99,417,12,34.9,78.42,1,1866,21,156.18,1.76,133.86,11.2,1.71,0.14
46,Manitoba,Manitoba,3/20/21,11,2021,1,33263,564,2360.38,920,4,65.28,40.02,0.28,1094,16,77.63,1.14,80.57,5.72,0.57,0.04
35,Ontario,Ontario,3/20/21,11,2021,1,330714,11040,2188.79,7386,82,48.88,73.07,0.54,20539,170,135.94,1.13,1577.14,10.44,11.71,0.08
24,Quebec,Québec,3/20/21,11,2021,1,294905,5422,3391.4,10035,52,115.4,62.35,0.6,10435,110,120,1.26,774.57,8.91,7.43,0.09
10,Newfoundland and Labrador,Terre-Neuve-et-Labrador,3/20/21,11,2021,1,1014,2,192.79,6,0,1.14,0.38,0,9,0,1.71,0,0.29,0.05,0,0
13,New Brunswick,Nouveau-Brunswick,3/20/21,11,2021,1,1489,24,183.36,30,0,3.69,2.96,0,36,2,4.43,0.25,3.43,0.42,0,0
12,Nova Scotia,Nouvelle-Écosse,3/20/21,11,2021,1,1684,17,165.14,66,1,6.47,1.67,0.1,30,1,2.94,0.1,2.49,0.24,0.1,0.01
11,Prince Edward Island,Île-du-Prince-Édouard,3/20/21,11,2021,1,149,5,87.29,0,0,0,2.93,0,9,0,5.27,0,0.71,0.42,0,0
60,Yukon,Yukon,3/20/21,11,2021,1,72,0,164.42,1,0,2.28,0,0,0,0,0,0,0,0,0,0
61,Northwest Territories,Territoires du Nord-Ouest,3/20/21,11,2021,1,42,0,92.1,0,0,0,0,0,0,0,0,0,0,0,0,0
62,Nunavut,Nunavut,3/20/21,11,2021,1,390,8,962.35,3,2,7.4,19.74,4.94,19,2,46.88,4.94,1.1,2.72,0.24,0.6
99,Repatriated travellers,Voyageurs rapatriés,3/20/21,11,2021,,13,0,,0,0,,,,0,0,,,0,,0,
1,Canada,Canada,3/20/21,11,2021,,928299,25416,2384.54,22250,188,57.15,65.29,0.48,47742,401,122.64,1.03,3630.86,9.33,26.86,0.07
59,British Columbia,Colombie-Britannique,3/27/21,12,2021,1,96613,5271,1816.26,1452,31,27.3,99.09,0.58,9191,51,172.79,0.96,753,14.16,4.43,0.08
48,Alberta,Alberta,3/27/21,12,2021,1,146161,4398,3217.2,1987,22,43.74,96.81,0.48,7875,37,173.34,0.81,628.29,13.83,3.14,0.07
47,Saskatchewan,Saskatchewan,3/27/21,12,2021,1,32783,1324,2743.8,430,13,35.99,110.81,1.09,2261,25,189.24,2.09,189.14,15.83,1.86,0.16
46,Manitoba,Manitoba,3/27/21,12,2021,1,33867,604,2403.24,933,13,66.21,42.86,0.92,1168,17,82.88,1.21,86.29,6.12,1.86,0.13
35,Ontario,Ontario,3/27/21,12,2021,1,345114,14400,2284.1,7494,108,49.6,95.3,0.71,25440,190,168.37,1.26,2057.14,13.61,15.43,0.1
24,Quebec,Québec,3/27/21,12,2021,1,301134,6229,3463.04,10082,47,115.94,71.63,0.54,11651,99,133.99,1.14,889.86,10.23,6.71,0.08
10,Newfoundland and Labrador,Terre-Neuve-et-Labrador,3/27/21,12,2021,1,1015,1,192.98,6,0,1.14,0.19,0,3,0,0.57,0,0.14,0.03,0,0
13,New Brunswick,Nouveau-Brunswick,3/27/21,12,2021,1,1571,82,193.46,30,0,3.69,10.1,0,106,0,13.05,0,11.71,1.44,0,0
12,Nova Scotia,Nouvelle-Écosse,3/27/21,12,2021,1,1705,21,167.2,66,0,6.47,2.06,0,38,1,3.73,0.1,2.96,0.29,0.04,0
11,Prince Edward Island,Île-du-Prince-Édouard,3/27/21,12,2021,1,156,7,91.39,0,0,0,4.1,0,12,0,7.03,0,1.06,0.62,0,0
60,Yukon,Yukon,3/27/21,12,2021,1,73,1,166.71,1,0,2.28,2.28,0,1,0,2.28,0,0.14,0.33,0,0
61,Northwest Territories,Territoires du Nord-Ouest,3/27/21,12,2021,1,42,0,92.1,0,0,0,0,0,0,0,0,0,0,0,0,0
62,Nunavut,Nunavut,3/27/21,12,2021,1,395,5,974.68,4,1,9.87,12.34,2.47,13,3,32.08,7.4,0.73,1.81,0.18,0.45
99,Repatriated travellers,Voyageurs rapatriés,3/27/21,12,2021,,13,0,,0,0,,,,0,0,,,0,,0,
1,Canada,Canada,3/27/21,12,2021,,960642,32343,2467.62,22485,235,57.76,83.08,0.6,57759,423,148.37,1.09,4620.43,11.87,33.57,0.09
59,British Columbia,Colombie-Britannique,4/3/21,13,2021,1,103031,6418,1936.92,1463,11,27.5,120.65,0.21,11689,42,219.75,0.79,916.86,17.24,1.57,0.03
48,Alberta,Alberta,4/3/21,13,2021,1,152176,6015,3349.6,2002,15,44.07,132.4,0.33,10413,37,229.2,0.81,859.29,18.91,2.14,0.05
47,Saskatchewan,Saskatchewan,4/3/21,13,2021,1,34323,1540,2872.69,436,6,36.49,128.89,0.5,2864,19,239.7,1.59,220,18.41,0.86,0.07
46,Manitoba,Manitoba,4/3/21,13,2021,1,34352,485,2437.66,938,5,66.56,34.42,0.35,1089,18,77.28,1.28,69.29,4.92,0.71,0.05
35,Ontario,Ontario,4/3/21,13,2021,1,364059,18945,2409.48,7607,113,50.35,125.39,0.75,33345,221,220.69,1.46,2706.43,17.91,16.14,0.11
24,Quebec,Québec,4/3/21,13,2021,1,309275,8141,3556.66,10129,47,116.48,93.62,0.54,14370,94,165.25,1.08,1163,13.37,6.71,0.08
10,Newfoundland and Labrador,Terre-Neuve-et-Labrador,4/3/21,13,2021,1,1020,5,193.93,6,0,1.14,0.95,0,6,0,1.14,0,0.71,0.14,0,0
13,New Brunswick,Nouveau-Brunswick,4/3/21,13,2021,1,1641,70,202.08,30,0,3.69,8.62,0,152,0,18.72,0,10,1.23,0,0
12,Nova Scotia,Nouvelle-Écosse,4/3/21,13,2021,1,1732,27,169.85,66,0,6.47,2.65,0,48,0,4.71,0,3.92,0.38,0,0
11,Prince Edward Island,Île-du-Prince-Édouard,4/3/21,13,2021,1,160,4,93.74,0,0,0,2.34,0,11,0,6.44,0,0.51,0.3,0,0
60,Yukon,Yukon,4/3/21,13,2021,1,74,1,168.99,1,0,2.28,2.28,0,2,0,4.57,0,0.14,0.33,0,0
61,Northwest Territories,Territoires du Nord-Ouest,4/3/21,13,2021,1,43,1,94.29,0,0,0,2.19,0,1,0,2.19,0,0.1,0.22,0,0
62,Nunavut,Nunavut,4/3/21,13,2021,1,395,0,974.68,4,0,9.87,0,0,5,1,12.34,2.47,0,0,0,0
99,Repatriated travellers,Voyageurs rapatriés,4/3/21,13,2021,,13,0,,0,0,,,,0,0,,,0,,0,
1,Canada,Canada,4/3/21,13,2021,,1002294,41652,2574.61,22682,197,58.26,106.99,0.51,73995,432,190.07,1.11,5950.29,15.28,28.14,0.07
59,British Columbia,Colombie-Britannique,4/10/21,14,2021,1,110823,7792,2083.4,1504,41,28.27,146.48,0.77,14210,52,267.14,0.98,1113.14,20.93,5.86,0.11
48,Alberta,Alberta,4/10/21,14,2021,1,160737,8561,3538.04,2014,12,44.33,188.44,0.26,14576,27,320.84,0.59,1223,26.92,1.71,0.04
47,Saskatchewan,Saskatchewan,4/10/21,14,2021,1,35984,1661,3011.71,453,17,37.91,139.02,1.42,3201,23,267.91,1.93,237.29,19.86,2.43,0.2
46,Manitoba,Manitoba,4/10/21,14,2021,1,35101,749,2490.81,949,11,67.34,53.15,0.78,1234,16,87.57,1.14,107,7.59,1.57,0.11
35,Ontario,Ontario,4/10/21,14,2021,1,389643,25584,2578.81,7769,162,51.42,169.32,1.07,44529,275,294.71,1.82,3654.86,24.19,23.14,0.15
24,Quebec,Québec,4/10/21,14,2021,1,320990,11715,3691.38,10182,53,117.09,134.72,0.61,19856,100,228.34,1.15,1673.57,19.25,7.57,0.09
10,Newfoundland and Labrador,Terre-Neuve-et-Labrador,4/10/21,14,2021,1,1029,9,195.64,6,0,1.14,1.71,0,14,0,2.66,0,1.29,0.24,0,0
13,New Brunswick,Nouveau-Brunswick,4/10/21,14,2021,1,1713,72,210.94,33,3,4.06,8.87,0.37,142,3,17.49,0.37,10.29,1.27,0.43,0.05
12,Nova Scotia,Nouvelle-Écosse,4/10/21,14,2021,1,1765,33,173.09,66,0,6.47,3.24,0,60,0,5.88,0,4.69,0.46,0,0
11,Prince Edward Island,Île-du-Prince-Édouard,4/10/21,14,2021,1,163,3,95.5,0,0,0,1.76,0,7,0,4.1,0,0.47,0.27,0,0
60,Yukon,Yukon,4/10/21,14,2021,1,74,0,168.99,1,0,2.28,0,0,1,0,2.28,0,0.05,0.11,0,0
61,Northwest Territories,Territoires du Nord-Ouest,4/10/21,14,2021,1,43,0,94.29,0,0,0,0,0,1,0,2.19,0,0.04,0.09,0,0
62,Nunavut,Nunavut,4/10/21,14,2021,1,395,0,974.68,4,0,9.87,0,0,0,0,0,0,0,0,0,0
99,Repatriated travellers,Voyageurs rapatriés,4/10/21,14,2021,,13,0,,0,0,,,,0,0,,,0,,0,
1,Canada,Canada,4/10/21,14,2021,,1058473,56179,2718.92,22981,299,59.03,144.31,0.77,97831,496,251.3,1.27,8025.57,20.62,42.71,0.11
59,British Columbia,Colombie-Britannique,4/17/21,15,2021,1,118107,7284,2220.34,1530,26,28.76,136.93,0.49,15076,67,283.42,1.26,1040.57,19.56,3.71,0.07
48,Alberta,Alberta,4/17/21,15,2021,1,170548,9811,3753.99,2037,23,44.84,215.95,0.51,18372,35,404.39,0.77,1401.57,30.85,3.29,0.07
47,Saskatchewan,Saskatchewan,4/17/21,15,2021,1,37871,1887,3169.64,464,11,38.83,157.93,0.92,3548,28,296.95,2.34,269.57,22.56,1.57,0.13
46,Manitoba,Manitoba,4/17/21,15,2021,1,35989,888,2553.82,958,9,67.98,63.01,0.64,1637,20,116.16,1.42,126.86,9,1.29,0.09
35,Ontario,Ontario,4/17/21,15,2021,1,420526,30883,2783.2,7968,199,52.74,204.4,1.32,56467,361,373.72,2.39,4411.86,29.2,28.43,0.19
24,Quebec,Québec,4/17/21,15,2021,1,331262,10272,3809.51,10253,71,117.91,118.13,0.82,21987,124,252.85,1.43,1467.43,16.88,10.14,0.12
10,Newfoundland and Labrador,Terre-Neuve-et-Labrador,4/17/21,15,2021,1,1042,13,198.11,6,0,1.14,2.47,0,22,0,4.18,0,1.86,0.35,0,0
13,New Brunswick,Nouveau-Brunswick,4/17/21,15,2021,1,1778,65,218.95,33,0,4.06,8,0,137,3,16.87,0.37,9.29,1.14,0,0
12,Nova Scotia,Nouvelle-Écosse,4/17/21,15,2021,1,1809,43,177.4,67,1,6.57,4.22,0.1,76,1,7.45,0.1,6.18,0.61,0.1,0.01
11,Prince Edward Island,Île-du-Prince-Édouard,4/17/21,15,2021,1,170,7,99.6,0,0,0,4.1,0,10,0,5.86,0,1.04,0.61,0,0
60,Yukon,Yukon,4/17/21,15,2021,1,76,2,173.56,1,0,2.28,4.57,0,2,0,4.57,0,0.29,0.65,0,0
61,Northwest Territories,Territoires du Nord-Ouest,4/17/21,15,2021,1,43,0,94.29,0,0,0,0,0,0,0,0,0,0,0,0,0
62,Nunavut,Nunavut,4/17/21,15,2021,1,414,19,1021.57,4,0,9.87,46.88,0,19,0,46.88,0,2.69,6.65,0,0
99,Repatriated travellers,Voyageurs rapatriés,4/17/21,15,2021,,13,0,,0,0,,,,0,0,,,0,,0,
1,Canada,Canada,4/17/21,15,2021,,1119648,61174,2876.06,23321,340,59.91,157.14,0.87,117353,639,301.45,1.64,8739.14,22.45,48.57,0.12
59,British Columbia,Colombie-Britannique,4/24/21,16,2021,1,124639,6532,2343.14,1563,33,29.38,122.8,0.62,13816,59,259.73,1.11,933.14,17.54,4.71,0.09
48,Alberta,Alberta,4/24/21,16,2021,1,181452,10904,3994,2070,33,45.56,240.01,0.73,20715,56,455.97,1.23,1557.71,34.29,4.71,0.1
47,Saskatchewan,Saskatchewan,4/24/21,16,2021,1,39683,1812,3321.3,473,9,39.59,151.66,0.75,3699,20,309.59,1.67,258.86,21.67,1.29,0.11
46,Manitoba,Manitoba,4/24/21,16,2021,1,37339,1350,2649.62,967,9,68.62,95.8,0.64,2238,18,158.81,1.28,192.86,13.69,1.29,0.09
35,Ontario,Ontario,4/24/21,16,2021,1,448876,28350,2970.84,8197,229,54.25,187.63,1.52,59233,428,392.03,2.83,4050,26.8,32.71,0.22
24,Quebec,Québec,4/24/21,16,2021,1,339011,7749,3898.62,10326,73,118.75,89.11,0.84,18021,144,207.24,1.66,1107,12.73,10.43,0.12
10,Newfoundland and Labrador,Terre-Neuve-et-Labrador,4/24/21,16,2021,1,1056,14,200.77,6,0,1.14,2.66,0,27,0,5.13,0,2,0.38,0,0
13,New Brunswick,Nouveau-Brunswick,4/24/21,16,2021,1,1847,69,227.45,35,2,4.31,8.5,0.25,134,2,16.5,0.25,9.86,1.21,0.29,0.04
12,Nova Scotia,Nouvelle-Écosse,4/24/21,16,2021,1,2034,226,199.47,67,0,6.57,22.16,0,269,1,26.38,0.1,32.22,3.16,0.04,0
11,Prince Edward Island,Île-du-Prince-Édouard,4/24/21,16,2021,1,176,6,103.11,0,0,0,3.52,0,13,0,7.62,0,0.8,0.47,0,0
60,Yukon,Yukon,4/24/21,16,2021,1,80,4,182.69,1,0,2.28,9.13,0,6,0,13.7,0,0.57,1.3,0.05,0.11
61,Northwest Territories,Territoires du Nord-Ouest,4/24/21,16,2021,1,49,6,107.44,0,0,0,13.16,0,6,0,13.16,0,0.82,1.79,0,0
62,Nunavut,Nunavut,4/24/21,16,2021,1,453,39,1117.8,4,0,9.87,96.23,0,58,0,143.12,0,5.61,13.85,0,0
99,Repatriated travellers,Voyageurs rapatriés,4/24/21,16,2021,,13,0,,0,0,,,,0,0,,,0,,0,
1,Canada,Canada,4/24/21,16,2021,,1176708,57061,3022.63,23709,388,60.9,146.57,1,118235,728,303.71,1.87,8151.57,20.94,55.43,0.14
59,British Columbia,Colombie-Britannique,5/1/21,17,2021,1,130317,5678,2449.88,1581,18,29.72,106.74,0.34,12210,51,229.54,0.96,811.14,15.25,2.57,0.05
48,Alberta,Alberta,5/1/21,17,2021,1,194503,13051,4281.27,2102,32,46.27,287.27,0.7,23955,65,527.28,1.43,1864.43,41.04,4.57,0.1
47,Saskatchewan,Saskatchewan,5/1/21,17,2021,1,41360,1677,3461.66,494,21,41.35,140.36,1.76,3489,30,292.01,2.51,239.57,20.05,3,0.25
46,Manitoba,Manitoba,5/1/21,17,2021,1,38993,1654,2766.99,976,9,69.26,117.37,0.64,3004,18,213.17,1.28,236.29,16.77,1.29,0.09
35,Ontario,Ontario,5/1/21,17,2021,1,474091,25215,3137.72,8425,228,55.76,166.88,1.51,53565,457,354.51,3.02,3602.14,23.84,32.57,0.22
24,Quebec,Québec,5/1/21,17,2021,1,346304,7293,3982.49,10404,78,119.65,83.87,0.9,15042,151,172.98,1.74,1041.86,11.98,11.14,0.13
10,Newfoundland and Labrador,Terre-Neuve-et-Labrador,5/1/21,17,2021,1,1081,25,205.52,6,0,1.14,4.75,0,39,0,7.41,0,3.57,0.68,0,0
13,New Brunswick,Nouveau-Brunswick,5/1/21,17,2021,1,1933,86,238.04,36,1,4.43,10.59,0.12,155,3,19.09,0.37,12.29,1.51,0.14,0.02
12,Nova Scotia,Nouvelle-Écosse,5/1/21,17,2021,1,2644,610,259.29,67,0,6.57,59.82,0,836,0,81.98,0,87.12,8.54,0,0
11,Prince Edward Island,Île-du-Prince-Édouard,5/1/21,17,2021,1,180,5,105.46,0,0,0,2.93,0,11,0,6.44,0,0.67,0.39,0,0
60,Yukon,Yukon,5/1/21,17,2021,1,81,1,184.98,2,1,4.57,2.28,2.28,5,1,11.42,2.28,0.14,0.33,0.1,0.22
61,Northwest Territories,Territoires du Nord-Ouest,5/1/21,17,2021,1,57,8,124.99,0,0,0,17.54,0,14,0,30.7,0,1.14,2.51,0,0
62,Nunavut,Nunavut,5/1/21,17,2021,1,508,55,1253.52,4,0,9.87,135.72,0,94,0,231.95,0,7.84,19.34,0,0
99,Repatriated travellers,Voyageurs rapatriés,5/1/21,17,2021,,13,0,,0,0,,,,0,0,,,0,,0,
1,Canada,Canada,5/1/21,17,2021,,1232065,55358,3164.83,24097,388,61.9,142.2,1,112419,776,288.77,1.99,7908.29,20.31,55.43,0.14
59,British Columbia,Colombie-Britannique,5/8/21,18,2021,1,134937,4620,2536.73,1614,33,30.34,86.85,0.62,10298,51,193.6,0.96,660,12.41,4.71,0.09
48,Alberta,Alberta,5/8/21,18,2021,1,208307,13804,4585.12,2125,23,46.77,303.84,0.51,26855,55,591.11,1.21,1972,43.41,3.29,0.07
47,Saskatchewan,Saskatchewan,5/8/21,18,2021,1,42964,1604,3595.91,502,8,42.02,134.25,0.67,3281,29,274.61,2.43,229.14,19.18,1.14,0.1
46,Manitoba,Manitoba,5/8/21,18,2021,1,41422,2429,2939.35,990,14,70.25,172.36,0.99,4083,23,289.73,1.63,347,24.62,2,0.14
35,Ontario,Ontario,5/8/21,18,2021,1,494847,20756,3275.09,8634,209,57.14,137.37,1.38,45971,437,304.25,2.89,2965.14,19.62,29.86,0.2
24,Quebec,Québec,5/8/21,18,2021,1,352562,6258,4054.46,10446,42,120.13,71.97,0.48,13551,120,155.84,1.38,894,10.28,6,0.07
10,Newfoundland and Labrador,Terre-Neuve-et-Labrador,5/8/21,18,2021,1,1133,52,215.41,6,0,1.14,9.89,0,77,0,14.64,0,7.43,1.41,0,0
13,New Brunswick,Nouveau-Brunswick,5/8/21,18,2021,1,1996,63,245.79,41,5,5.05,7.76,0.62,149,6,18.35,0.74,9,1.11,0.71,0.09
12,Nova Scotia,Nouvelle-Écosse,5/8/21,18,2021,1,3697,1053,362.55,70,3,6.86,103.26,0.29,1663,3,163.08,0.29,150.41,14.75,0.41,0.04
11,Prince Edward Island,Île-du-Prince-Édouard,5/8/21,18,2021,1,185,5,108.38,0,0,0,2.93,0,10,0,5.86,0,0.69,0.41,0,0
60,Yukon,Yukon,5/8/21,18,2021,1,82,1,187.26,2,0,4.57,2.28,0,2,1,4.57,2.28,0.1,0.22,0,0
61,Northwest Territories,Territoires du Nord-Ouest,5/8/21,18,2021,1,90,33,197.35,0,0,0,72.36,0,41,0,89.9,0,4.71,10.34,0,0
62,Nunavut,Nunavut,5/8/21,18,2021,1,564,56,1391.7,4,0,9.87,138.18,0,111,0,273.9,0,8.02,19.79,0,0
99,Repatriated travellers,Voyageurs rapatriés,5/8/21,18,2021,,13,0,,0,0,,,,0,0,,,0,,0,
1,Canada,Canada,5/8/21,18,2021,,1282799,50734,3295.15,24434,337,62.76,130.32,0.87,106092,725,272.52,1.86,7247.71,18.62,48.14,0.12
59,British Columbia,Colombie-Britannique,5/15/21,19,2021,1,138747,3810,2608.36,1634,20,30.72,71.63,0.38,8430,53,158.48,1,544.29,10.23,2.86,0.05
48,Alberta,Alberta,5/15/21,19,2021,1,218647,10340,4812.72,2153,28,47.39,227.6,0.62,24144,51,531.44,1.12,1477.14,32.51,4,0.09
47,Saskatchewan,Saskatchewan,5/15/21,19,2021,1,44364,1400,3713.08,516,14,43.19,117.17,1.17,3004,22,251.42,1.84,200,16.74,2,0.17
46,Manitoba,Manitoba,5/15/21,19,2021,1,44615,3193,3165.93,1006,16,71.39,226.58,1.14,5622,30,398.94,2.13,456.14,32.37,2.29,0.16
35,Ontario,Ontario,5/15/21,19,2021,1,511382,16535,3384.53,8797,163,58.22,109.44,1.08,37291,372,246.81,2.46,2362.14,15.63,23.29,0.15
24,Quebec,Québec,5/15/21,19,2021,1,358063,5501,4117.72,10492,46,120.66,63.26,0.53,11759,88,135.23,1.01,785.86,9.04,6.57,0.08
10,Newfoundland and Labrador,Terre-Neuve-et-Labrador,5/15/21,19,2021,1,1184,51,225.11,6,0,1.14,9.7,0,103,0,19.58,0,7.29,1.39,0,0
13,New Brunswick,Nouveau-Brunswick,5/15/21,19,2021,1,2052,56,252.69,41,0,5.05,6.9,0,119,5,14.65,0.62,8,0.99,0,0
12,Nova Scotia,Nouvelle-Écosse,5/15/21,19,2021,1,4600,904,451.1,72,2,7.06,88.65,0.2,1957,5,191.91,0.49,129.08,12.66,0.27,0.03
11,Prince Edward Island,Île-du-Prince-Édouard,5/15/21,19,2021,1,191,6,111.9,0,0,0,3.52,0,11,0,6.44,0,0.82,0.48,0,0
60,Yukon,Yukon,5/15/21,19,2021,1,84,2,191.83,2,0,4.57,4.57,0,3,0,6.85,0,0.29,0.65,0,0
61,Northwest Territories,Territoires du Nord-Ouest,5/15/21,19,2021,1,116,26,254.36,0,0,0,57.01,0,59,0,129.37,0,3.69,8.1,0,0
62,Nunavut,Nunavut,5/15/21,19,2021,1,611,47,1507.67,4,0,9.87,115.97,0,103,0,254.16,0,6.71,16.57,0,0
99,Repatriated travellers,Voyageurs rapatriés,5/15/21,19,2021,,13,0,,0,0,,,,0,0,,,0,,0,
1,Canada,Canada,5/15/21,19,2021,,1324669,41871,3402.7,24723,289,63.51,107.55,0.74,92605,626,237.88,1.61,5981.57,15.36,41.29,0.11
59,British Columbia,Colombie-Britannique,5/22/21,20,2021,1,141729,2982,2664.42,1667,33,31.34,56.06,0.62,6792,53,127.69,1,426,8.01,4.71,0.09
48,Alberta,Alberta,5/22/21,20,2021,1,224010,5363,4930.76,2188,35,48.16,118.05,0.77,15703,63,345.64,1.39,766.14,16.86,5,0.11
47,Saskatchewan,Saskatchewan,5/22/21,20,2021,1,45490,1126,3807.32,526,10,44.02,94.24,0.84,2526,24,211.42,2.01,160.86,13.46,1.43,0.12
46,Manitoba,Manitoba,5/22/21,20,2021,1,47977,3362,3404.5,1028,22,72.95,238.57,1.56,6555,38,465.15,2.7,480.29,34.08,3.14,0.22
35,Ontario,Ontario,5/22/21,20,2021,1,524029,12647,3468.23,8949,152,59.23,83.7,1.01,29182,315,193.14,2.08,1806.71,11.96,21.71,0.14
24,Quebec,Québec,5/22/21,20,2021,1,362208,4145,4165.39,10543,51,121.24,47.67,0.59,9646,97,110.93,1.12,592.14,6.81,7.29,0.08
10,Newfoundland and Labrador,Terre-Neuve-et-Labrador,5/22/21,20,2021,1,1230,46,233.85,6,0,1.14,8.75,0,97,0,18.44,0,6.57,1.25,0,0
13,New Brunswick,Nouveau-Brunswick,5/22/21,20,2021,1,2115,63,260.45,43,2,5.3,7.76,0.25,119,2,14.65,0.25,9,1.11,0.29,0.04
12,Nova Scotia,Nouvelle-Écosse,5/22/21,20,2021,1,5190,589,508.96,77,5,7.55,57.76,0.49,1493,7,146.41,0.69,84.2,8.26,0.76,0.07
11,Prince Edward Island,Île-du-Prince-Édouard,5/22/21,20,2021,1,197,6,115.42,0,0,0,3.52,0,12,0,7.03,0,0.92,0.54,0,0
60,Yukon,Yukon,5/22/21,20,2021,1,84,0,191.83,2,0,4.57,0,0,2,0,4.57,0,0,0,0,0
61,Northwest Territories,Territoires du Nord-Ouest,5/22/21,20,2021,1,125,10,274.09,0,0,0,21.93,0,36,0,78.94,0,1.39,3.04,0,0
62,Nunavut,Nunavut,5/22/21,20,2021,1,636,25,1569.36,4,0,9.87,61.69,0,72,0,177.66,0,3.51,8.66,0,0
99,Repatriated travellers,Voyageurs rapatriés,5/22/21,20,2021,,13,0,,0,0,,,,0,0,,,0,,0,
1,Canada,Canada,5/22/21,20,2021,,1355033,30364,3480.7,25033,310,64.3,78,0.8,72235,599,185.55,1.54,4337.71,11.14,44.29,0.11
59,British Columbia,Colombie-Britannique,5/29/21,21,2021,1,143839,2110,2704.08,1699,32,31.94,39.67,0.6,5092,65,95.73,1.22,301.43,5.67,4.57,0.09
48,Alberta,Alberta,5/29/21,21,2021,1,227135,3125,4999.55,2223,35,48.93,68.79,0.77,8488,70,186.83,1.54,446.43,9.83,5,0.11
47,Saskatchewan,Saskatchewan,5/29/21,21,2021,1,46464,974,3888.84,537,11,44.94,81.52,0.92,2100,21,175.76,1.76,139.14,11.65,1.57,0.13
46,Manitoba,Manitoba,5/29/21,21,2021,1,50498,2521,3583.39,1045,17,74.15,178.89,1.21,5883,39,417.46,2.77,360.14,25.56,2.43,0.17
35,Ontario,Ontario,5/29/21,21,2021,1,531795,7766,3519.63,9085,136,60.13,51.4,0.9,20413,288,135.1,1.91,1109.43,7.34,19.43,0.13
24,Quebec,Québec,5/29/21,21,2021,1,364996,2788,4197.45,10576,33,121.62,32.06,0.38,6933,84,79.73,0.97,398.29,4.58,4.71,0.05
10,Newfoundland and Labrador,Terre-Neuve-et-Labrador,5/29/21,21,2021,1,1302,72,247.54,6,0,1.14,13.69,0,118,0,22.43,0,10.29,1.96,0,0
13,New Brunswick,Nouveau-Brunswick,5/29/21,21,2021,1,2191,76,269.81,43,0,5.3,9.36,0,139,2,17.12,0.25,10.86,1.34,0,0
12,Nova Scotia,Nouvelle-Écosse,5/29/21,21,2021,1,5501,311,539.46,83,6,8.14,30.5,0.59,900,11,88.26,1.08,44.41,4.35,0.9,0.09
11,Prince Edward Island,Île-du-Prince-Édouard,5/29/21,21,2021,1,202,5,118.34,0,0,0,2.93,0,11,0,6.44,0,0.69,0.41,0,0
60,Yukon,Yukon,5/29/21,21,2021,1,84,0,191.83,2,0,4.57,0,0,0,0,0,0,0,0,0,0
61,Northwest Territories,Territoires du Nord-Ouest,5/29/21,21,2021,1,128,2,280.67,0,0,0,4.39,0,12,0,26.31,0,0.35,0.76,0,0
62,Nunavut,Nunavut,5/29/21,21,2021,1,645,9,1591.57,4,0,9.87,22.21,0,34,0,83.9,0,1.27,3.12,0,0
99,Repatriated travellers,Voyageurs rapatriés,5/29/21,21,2021,,13,0,,0,0,,,,0,0,,,0,,0,
1,Canada,Canada,5/29/21,21,2021,,1374793,19759,3531.46,25303,270,65,50.76,0.69,50123,580,128.75,1.49,2822.71,7.25,38.57,0.1
59,British Columbia,Colombie-Britannique,6/5/21,22,2021,1,145266,1427,2730.91,1719,20,32.32,26.83,0.38,3537,52,66.49,0.98,203.86,3.83,2.86,0.05
48,Alberta,Alberta,6/5/21,22,2021,1,229116,1981,5043.15,2247,24,49.46,43.6,0.53,5106,59,112.39,1.3,283,6.23,3.43,0.08
47,Saskatchewan,Saskatchewan,6/5/21,22,2021,1,47285,821,3957.56,546,9,45.7,68.71,0.75,1795,20,150.23,1.67,117.29,9.82,1.29,0.11
46,Manitoba,Manitoba,6/5/21,22,2021,1,52530,2032,3727.59,1072,27,76.07,144.19,1.92,4553,44,323.09,3.12,290.29,20.6,3.86,0.27
35,Ontario,Ontario,6/5/21,22,2021,1,537007,5212,3554.12,9179,94,60.75,34.5,0.62,12978,230,85.89,1.52,744.57,4.93,13.43,0.09
24,Quebec,Québec,6/5/21,22,2021,1,366801,1805,4218.21,10605,29,121.96,20.76,0.33,4593,62,52.82,0.71,257.86,2.97,4.14,0.05
10,Newfoundland and Labrador,Terre-Neuve-et-Labrador,6/5/21,22,2021,1,1347,45,256.1,6,0,1.14,8.56,0,117,0,22.24,0,6.43,1.22,0.06,0.01
13,New Brunswick,Nouveau-Brunswick,6/5/21,22,2021,1,2262,71,278.55,44,1,5.42,8.74,0.12,147,1,18.1,0.12,10.14,1.25,0.14,0.02
12,Nova Scotia,Nouvelle-Écosse,6/5/21,22,2021,1,5648,147,553.87,87,4,8.53,14.42,0.39,458,10,44.91,0.98,21,2.06,0.55,0.05
11,Prince Edward Island,Île-du-Prince-Édouard,6/5/21,22,2021,1,205,3,120.1,0,0,0,1.76,0,8,0,4.69,0,0.41,0.24,0,0
60,Yukon,Yukon,6/5/21,22,2021,1,85,1,194.11,2,0,4.57,2.28,0,1,0,2.28,0,0.14,0.33,0,0
61,Northwest Territories,Territoires du Nord-Ouest,6/5/21,22,2021,1,128,0,280.67,0,0,0,0,0,2,0,4.39,0,0.04,0.09,0,0
62,Nunavut,Nunavut,6/5/21,22,2021,1,649,4,1601.44,4,0,9.87,9.87,0,13,0,32.08,0,0.57,1.41,0,0
99,Repatriated travellers,Voyageurs rapatriés,6/5/21,22,2021,,13,0,,0,0,,,,0,0,,,0,,0,
1,Canada,Canada,6/5/21,22,2021,,1388342,13549,3566.26,25511,208,65.53,34.8,0.53,33308,478,85.56,1.23,1935.57,4.97,29.71,0.08
59,British Columbia,Colombie-Britannique,6/12/21,23,2021,1,146272,1006,2749.82,1730,11,32.52,18.91,0.21,2433,31,45.74,0.58,143.71,2.7,1.57,0.03
48,Alberta,Alberta,6/12/21,23,2021,1,230423,1307,5071.92,2269,22,49.94,28.77,0.48,3288,46,72.37,1.01,186.71,4.11,3.14,0.07
47,Saskatchewan,Saskatchewan,6/12/21,23,2021,1,47875,590,4006.94,555,9,46.45,49.38,0.75,1411,18,118.09,1.51,84.29,7.05,1.29,0.11
46,Manitoba,Manitoba,6/12/21,23,2021,1,54163,1633,3843.47,1092,20,77.49,115.88,1.42,3665,47,260.07,3.34,233.29,16.55,2.86,0.2
35,Ontario,Ontario,6/12/21,23,2021,1,540492,3485,3577.19,9225,46,61.05,23.07,0.3,8697,140,57.56,0.93,497.86,3.3,6.57,0.04
24,Quebec,Québec,6/12/21,23,2021,1,368095,1294,4233.09,10624,19,122.18,14.88,0.22,3099,48,35.64,0.55,184.86,2.13,2.71,0.03
10,Newfoundland and Labrador,Terre-Neuve-et-Labrador,6/12/21,23,2021,1,1374,27,261.23,7,1,1.33,5.13,0.19,72,1,13.69,0.19,3.86,0.73,0.08,0.02
13,New Brunswick,Nouveau-Brunswick,6/12/21,23,2021,1,2291,29,282.12,45,1,5.54,3.57,0.12,100,2,12.31,0.25,4.14,0.51,0.14,0.02
12,Nova Scotia,Nouvelle-Écosse,6/12/21,23,2021,1,5729,82,561.82,89,2,8.73,8.04,0.2,229,6,22.46,0.59,11.65,1.14,0.33,0.03
11,Prince Edward Island,Île-du-Prince-Édouard,6/12/21,23,2021,1,206,1,120.69,0,0,0,0.59,0,4,0,2.34,0,0.12,0.07,0,0
60,Yukon,Yukon,6/12/21,23,2021,1,100,15,228.37,2,0,4.57,34.26,0,16,0,36.54,0,2.14,4.89,0,0
61,Northwest Territories,Territoires du Nord-Ouest,6/12/21,23,2021,1,128,0,280.67,0,0,0,0,0,0,0,0,0,0,0,0,0
62,Nunavut,Nunavut,6/12/21,23,2021,1,654,5,1613.78,4,0,9.87,12.34,0,9,0,22.21,0,0.71,1.76,0,0
99,Repatriated travellers,Voyageurs rapatriés,6/12/21,23,2021,,13,0,,0,0,,,,0,0,,,0,,0,
1,Canada,Canada,6/12/21,23,2021,,1397815,9474,3590.59,25642,131,65.87,24.34,0.34,23023,339,59.14,0.87,1353.43,3.48,18.71,0.05
59,British Columbia,Colombie-Britannique,6/19/21,24,2021,1,146996,724,2763.43,1740,10,32.71,13.61,0.19,1730,21,32.52,0.39,103.43,1.94,1.43,0.03
48,Alberta,Alberta,6/19/21,24,2021,1,231295,872,5091.11,2290,21,50.41,19.19,0.46,2179,43,47.96,0.95,124.57,2.74,3,0.07
47,Saskatchewan,Saskatchewan,6/19/21,24,2021,1,48381,506,4049.29,562,7,47.04,42.35,0.59,1096,16,91.73,1.34,72.29,6.05,1,0.08
46,Manitoba,Manitoba,6/19/21,24,2021,1,55238,1075,3919.75,1118,26,79.33,76.28,1.84,2708,46,192.16,3.26,153.57,10.9,3.71,0.26
35,Ontario,Ontario,6/19/21,24,2021,1,542912,2420,3593.2,9265,40,61.32,16.02,0.26,5905,86,39.08,0.57,345.71,2.29,5.71,0.04
24,Quebec,Québec,6/19/21,24,2021,1,369073,978,4244.34,10638,14,122.34,11.25,0.16,2272,33,26.13,0.38,139.71,1.61,2,0.02
10,Newfoundland and Labrador,Terre-Neuve-et-Labrador,6/19/21,24,2021,1,1383,9,262.94,7,0,1.33,1.71,0,36,1,6.84,0.19,1.29,0.24,0,0
13,New Brunswick,Nouveau-Brunswick,6/19/21,24,2021,1,2316,25,285.2,45,0,5.54,3.08,0,54,1,6.65,0.12,3.57,0.44,0,0
12,Nova Scotia,Nouvelle-Écosse,6/19/21,24,2021,1,5779,50,566.72,90,1,8.83,4.9,0.1,132,3,12.94,0.29,7.1,0.7,0.08,0.01
11,Prince Edward Island,Île-du-Prince-Édouard,6/19/21,24,2021,1,206,0,120.69,0,0,0,0,0,1,0,0.59,0,0,0,0,0
60,Yukon,Yukon,6/19/21,24,2021,1,159,59,363.1,3,1,6.85,134.74,2.28,74,1,168.99,2.28,8.43,19.25,0.14,0.33
61,Northwest Territories,Territoires du Nord-Ouest,6/19/21,24,2021,1,128,0,280.67,0,0,0,0,0,0,0,0,0,0,0,0,0
62,Nunavut,Nunavut,6/19/21,24,2021,1,657,3,1621.18,4,0,9.87,7.4,0,8,0,19.74,0,0.49,1.21,0,0
99,Repatriated travellers,Voyageurs rapatriés,6/19/21,24,2021,,13,0,,0,0,,,,0,0,,,0,,0,
1,Canada,Canada,6/19/21,24,2021,,1404536,6721,3607.86,25762,120,66.18,17.26,0.31,16195,251,41.6,0.64,960.14,2.47,17.14,0.04
59,British Columbia,Colombie-Britannique,6/26/21,25,2021,1,147475,479,2772.44,1749,9,32.88,9,0.17,1203,19,22.62,0.36,68.43,1.29,1.29,0.02
48,Alberta,Alberta,6/26/21,25,2021,1,231810,515,5102.45,2297,7,50.56,11.34,0.15,1387,28,30.53,0.62,73.57,1.62,1,0.02
47,Saskatchewan,Saskatchewan,6/26/21,25,2021,1,48706,325,4076.49,566,4,47.37,27.2,0.33,831,11,69.55,0.92,46.43,3.89,0.57,0.05
46,Manitoba,Manitoba,6/26/21,25,2021,1,55878,640,3965.16,1138,20,80.75,45.42,1.42,1715,46,121.7,3.26,91.43,6.49,2.86,0.2
35,Ontario,Ontario,6/26/21,25,2021,1,544796,1884,3605.67,9303,38,61.57,12.47,0.25,4304,78,28.49,0.52,269.14,1.78,5.43,0.04
24,Quebec,Québec,6/26/21,25,2021,1,369725,652,4251.83,10650,12,122.47,7.5,0.14,1630,26,18.74,0.3,93.14,1.07,1.71,0.02
10,Newfoundland and Labrador,Terre-Neuve-et-Labrador,6/26/21,25,2021,1,1384,1,263.13,7,0,1.33,0.19,0,10,0,1.9,0,0.14,0.03,0,0
13,New Brunswick,Nouveau-Brunswick,6/26/21,25,2021,1,2324,8,286.19,45,0,5.54,0.99,0,33,0,4.06,0,1.14,0.14,0,0
12,Nova Scotia,Nouvelle-Écosse,6/26/21,25,2021,1,5820,41,570.74,91,1,8.92,4.02,0.1,91,2,8.92,0.2,5.8,0.57,0.2,0.02
11,Prince Edward Island,Île-du-Prince-Édouard,6/26/21,25,2021,1,207,1,121.27,0,0,0,0.59,0,1,0,0.59,0,0.08,0.05,0,0
60,Yukon,Yukon,6/26/21,25,2021,1,264,105,602.89,4,1,9.13,239.79,2.28,164,2,374.52,4.57,15,34.26,0.14,0.33
61,Northwest Territories,Territoires du Nord-Ouest,6/26/21,25,2021,1,128,0,280.67,0,0,0,0,0,0,0,0,0,0,0,0,0
62,Nunavut,Nunavut,6/26/21,25,2021,1,657,0,1621.18,4,0,9.87,0,0,3,0,7.4,0,0,0,0,0
99,Repatriated travellers,Voyageurs rapatriés,6/26/21,25,2021,,13,0,,0,0,,,,0,0,,,0,,0,
1,Canada,Canada,6/26/21,25,2021,,1409187,4651,3619.81,25854,92,66.41,11.95,0.24,11372,212,29.21,0.54,664.43,1.71,13.14,0.03
59,British Columbia,Colombie-Britannique,7/3/21,26,2021,1,147735,260,2777.33,1756,7,33.01,4.89,0.13,739,16,13.89,0.3,37.14,0.7,1,0.02
48,Alberta,Alberta,7/3/21,26,2021,1,232163,353,5110.22,2304,7,50.71,7.77,0.15,868,14,19.11,0.31,50.43,1.11,1,0.02
47,Saskatchewan,Saskatchewan,7/3/21,26,2021,1,48931,225,4095.32,568,2,47.54,18.83,0.17,550,6,46.03,0.5,32.14,2.69,0.29,0.02
46,Manitoba,Manitoba,7/3/21,26,2021,1,56353,475,3998.87,1148,10,81.46,33.71,0.71,1115,30,79.12,2.13,67.86,4.82,1.43,0.1
35,Ontario,Ontario,7/3/21,26,2021,1,546268,1472,3615.41,9333,30,61.77,9.74,0.2,3356,68,22.21,0.45,210.29,1.39,4.29,0.03
24,Quebec,Québec,7/3/21,26,2021,1,370240,515,4257.76,10661,11,122.6,5.92,0.13,1167,23,13.42,0.26,73.57,0.85,1.57,0.02
10,Newfoundland and Labrador,Terre-Neuve-et-Labrador,7/3/21,26,2021,1,1387,3,263.7,7,0,1.33,0.57,0,4,0,0.76,0,0.43,0.08,0,0
13,New Brunswick,Nouveau-Brunswick,7/3/21,26,2021,1,2335,11,287.54,45,0,5.54,1.35,0,19,0,2.34,0,1.57,0.19,0,0
12,Nova Scotia,Nouvelle-Écosse,7/3/21,26,2021,1,5847,28,573.39,92,1,9.02,2.75,0.1,69,2,6.77,0.2,3.98,0.39,0.08,0.01
11,Prince Edward Island,Île-du-Prince-Édouard,7/3/21,26,2021,1,208,1,121.86,0,0,0,0.59,0,2,0,1.17,0,0.14,0.08,0,0
60,Yukon,Yukon,7/3/21,26,2021,1,367,103,838.11,5,1,11.42,235.22,2.28,208,2,475.01,4.57,14.76,33.71,0.14,0.33
61,Northwest Territories,Territoires du Nord-Ouest,7/3/21,26,2021,1,128,0,280.67,0,0,0,0,0,0,0,0,0,0,0,0,0
62,Nunavut,Nunavut,7/3/21,26,2021,1,657,0,1621.18,4,0,9.87,0,0,0,0,0,0,0,0,0,0
99,Repatriated travellers,Voyageurs rapatriés,7/3/21,26,2021,,13,0,,0,0,,,,0,0,,,0,,0,
1,Canada,Canada,7/3/21,26,2021,,1412632,3446,3628.66,25923,69,66.59,8.85,0.18,8097,161,20.8,0.41,492.29,1.26,9.86,0.03
59,British Columbia,Colombie-Britannique,7/10/21,27,2021,1,148077,342,2783.76,1760,4,33.09,6.43,0.08,602,11,11.32,0.21,48.86,0.92,0.57,0.01
48,Alberta,Alberta,7/10/21,27,2021,1,232467,304,5116.91,2306,2,50.76,6.69,0.04,657,9,14.46,0.2,43.43,0.96,0.29,0.01
47,Saskatchewan,Saskatchewan,7/10/21,27,2021,1,49240,309,4121.18,572,4,47.87,25.86,0.33,534,6,44.69,0.5,44.14,3.69,0.57,0.05
46,Manitoba,Manitoba,7/10/21,27,2021,1,56826,473,4032.43,1160,12,82.31,33.56,0.85,948,22,67.27,1.56,67.57,4.79,1.71,0.12
35,Ontario,Ontario,7/10/21,27,2021,1,547495,1227,3623.54,9372,39,62.03,8.12,0.26,2699,69,17.86,0.46,175.29,1.16,5.57,0.04
24,Quebec,Québec,7/10/21,27,2021,1,370742,502,4263.53,10666,5,122.66,5.77,0.06,1017,16,11.7,0.18,71.71,0.82,0.71,0.01
10,Newfoundland and Labrador,Terre-Neuve-et-Labrador,7/10/21,27,2021,1,1402,15,266.55,7,0,1.33,2.85,0,18,0,3.42,0,2.14,0.41,0,0
13,New Brunswick,Nouveau-Brunswick,7/10/21,27,2021,1,2336,1,287.66,46,1,5.66,0.12,0.12,12,1,1.48,0.12,0.14,0.02,0.14,0.02
12,Nova Scotia,Nouvelle-Écosse,7/10/21,27,2021,1,5865,17,575.16,92,0,9.02,1.67,0,45,1,4.41,0.1,2.47,0.24,0,0
11,Prince Edward Island,Île-du-Prince-Édouard,7/10/21,27,2021,1,208,0,121.86,0,0,0,0,0,1,0,0.59,0,0.06,0.04,0,0
60,Yukon,Yukon,7/10/21,27,2021,1,458,90,1045.92,5,0,11.42,205.53,0,193,1,440.75,2.28,12.9,29.47,0,0
61,Northwest Territories,Territoires du Nord-Ouest,7/10/21,27,2021,1,128,0,280.67,0,0,0,0,0,0,0,0,0,0,0,0,0
62,Nunavut,Nunavut,7/10/21,27,2021,1,657,0,1621.18,4,0,9.87,0,0,0,0,0,0,0,0,0,0
99,Repatriated travellers,Voyageurs rapatriés,7/10/21,27,2021,,13,0,,0,0,,,,0,0,,,0,,0,
1,Canada,Canada,7/10/21,27,2021,,1415914,3280,3637.09,25990,67,66.76,8.43,0.17,6726,136,17.28,0.35,468.57,1.2,9.57,0.02
59,British Columbia,Colombie-Britannique,7/17/21,28,2021,1,148387,310,2789.58,1761,1,33.11,5.83,0.02,652,5,12.26,0.09,44.29,0.83,0.14,0
48,Alberta,Alberta,7/17/21,28,2021,1,232755,288,5123.25,2315,9,50.96,6.34,0.2,592,11,13.03,0.24,41.14,0.91,1.29,0.03
47,Saskatchewan,Saskatchewan,7/17/21,28,2021,1,49397,157,4134.32,575,3,48.13,13.14,0.25,466,7,39,0.59,22.43,1.88,0.43,0.04
46,Manitoba,Manitoba,7/17/21,28,2021,1,57124,298,4053.58,1164,4,82.6,21.15,0.28,771,16,54.71,1.14,42.57,3.02,0.57,0.04
35,Ontario,Ontario,7/17/21,28,2021,1,548539,1044,3630.44,9401,29,62.22,6.91,0.19,2271,68,15.03,0.45,149.14,0.99,4.14,0.03
24,Quebec,Québec,7/17/21,28,2021,1,371279,537,4269.71,10671,5,122.72,6.18,0.06,1039,10,11.95,0.11,76.71,0.88,0.71,0.01
10,Newfoundland and Labrador,Terre-Neuve-et-Labrador,7/17/21,28,2021,1,1433,31,272.45,7,0,1.33,5.89,0,46,0,8.75,0,4.43,0.84,0,0
13,New Brunswick,Nouveau-Brunswick,7/17/21,28,2021,1,2345,9,288.77,46,0,5.66,1.11,0,10,1,1.23,0.12,1.29,0.16,0,0
12,Nova Scotia,Nouvelle-Écosse,7/17/21,28,2021,1,5872,7,575.84,92,0,9.02,0.69,0,24,0,2.35,0,1.02,0.1,0,0
11,Prince Edward Island,Île-du-Prince-Édouard,7/17/21,28,2021,1,208,0,121.86,0,0,0,0,0,0,0,0,0,0,0,0,0
60,Yukon,Yukon,7/17/21,28,2021,1,499,41,1139.56,6,1,13.7,93.63,2.28,131,1,299.16,2.28,5.86,13.38,0.14,0.33
61,Northwest Territories,Territoires du Nord-Ouest,7/17/21,28,2021,1,128,0,280.67,0,0,0,0,0,0,0,0,0,0,0,0,0
62,Nunavut,Nunavut,7/17/21,28,2021,1,657,0,1621.18,4,0,9.87,0,0,0,0,0,0,0,0,0,0
99,Repatriated travellers,Voyageurs rapatriés,7/17/21,28,2021,,13,0,,0,0,,,,0,0,,,0,,0,
1,Canada,Canada,7/17/21,28,2021,,1418636,2722,3644.08,26042,52,66.89,6.99,0.13,6002,119,15.42,0.31,388.86,1,7.43,0.02
59,British Columbia,Colombie-Britannique,7/24/21,29,2021,1,148936,549,2799.9,1767,6,33.22,10.32,0.11,859,7,16.15,0.13,78.43,1.47,0.86,0.02
48,Alberta,Alberta,7/24/21,29,2021,1,233492,737,5139.47,2320,5,51.07,16.22,0.11,1025,14,22.56,0.31,105.29,2.32,0.71,0.02
47,Saskatchewan,Saskatchewan,7/24/21,29,2021,1,49656,259,4156,578,3,48.38,21.68,0.25,416,6,34.82,0.5,37,3.1,0.43,0.04
46,Manitoba,Manitoba,7/24/21,29,2021,1,57413,289,4074.09,1171,7,83.1,20.51,0.5,587,11,41.65,0.78,41.29,2.93,1,0.07
35,Ontario,Ontario,7/24/21,29,2021,1,549641,1102,3637.74,9416,15,62.32,7.29,0.1,2146,44,14.2,0.29,157.43,1.04,2.14,0.01
24,Quebec,Québec,7/24/21,29,2021,1,371978,699,4277.74,10679,8,122.81,8.04,0.09,1236,13,14.21,0.15,99.86,1.15,1.14,0.01
10,Newfoundland and Labrador,Terre-Neuve-et-Labrador,7/24/21,29,2021,1,1437,4,273.21,7,0,1.33,0.76,0,35,0,6.65,0,0.57,0.11,0,0
13,New Brunswick,Nouveau-Brunswick,7/24/21,29,2021,1,2350,5,289.39,46,0,5.66,0.62,0,14,0,1.72,0,0.71,0.09,0,0
12,Nova Scotia,Nouvelle-Écosse,7/24/21,29,2021,1,5880,8,576.63,93,1,9.12,0.78,0.1,15,1,1.47,0.1,1.18,0.12,0.1,0.01
11,Prince Edward Island,Île-du-Prince-Édouard,7/24/21,29,2021,1,208,0,121.86,0,0,0,0,0,0,0,0,0,0,0,0,0
60,Yukon,Yukon,7/24/21,29,2021,1,551,52,1258.31,6,0,13.7,118.75,0,93,1,212.38,2.28,7.48,17.07,0,0
61,Northwest Territories,Territoires du Nord-Ouest,7/24/21,29,2021,1,128,0,280.67,0,0,0,0,0,0,0,0,0,0,0,0,0
62,Nunavut,Nunavut,7/24/21,29,2021,1,657,0,1621.18,4,0,9.87,0,0,0,0,0,0,0,0,0,0
99,Repatriated travellers,Voyageurs rapatriés,7/24/21,29,2021,,13,0,,0,0,,,,0,0,,,0,,0,
1,Canada,Canada,7/24/21,29,2021,,1422340,3704,3653.59,26087,45,67.01,9.51,0.12,6426,97,16.51,0.25,529.14,1.36,6.43,0.02
59,British Columbia,Colombie-Britannique,7/31/21,30,2021,1,150049,1113,2820.83,1771,4,33.29,20.92,0.08,1662,10,31.24,0.19,159,2.99,0.57,0.01
48,Alberta,Alberta,7/31/21,30,2021,1,234795,1303,5168.15,2324,4,51.15,28.68,0.09,2040,9,44.9,0.2,186.14,4.1,0.57,0.01
47,Saskatchewan,Saskatchewan,7/31/21,30,2021,1,50024,368,4186.8,578,0,48.38,30.8,0,627,3,52.48,0.25,52.57,4.4,0,0
46,Manitoba,Manitoba,7/31/21,30,2021,1,57620,207,4088.78,1178,7,83.59,14.69,0.5,496,14,35.2,0.99,29.57,2.1,1,0.07
35,Ontario,Ontario,7/31/21,30,2021,1,550990,1349,3646.67,9431,15,62.42,8.93,0.1,2451,30,16.22,0.2,192.71,1.28,2.14,0.01
24,Quebec,Québec,7/31/21,30,2021,1,372896,918,4288.3,10682,3,122.84,10.56,0.03,1617,11,18.6,0.13,131.14,1.51,0.43,0
10,Newfoundland and Labrador,Terre-Neuve-et-Labrador,7/31/21,30,2021,1,1437,0,273.21,7,0,1.33,0,0,4,0,0.76,0,0,0,0,0
13,New Brunswick,Nouveau-Brunswick,7/31/21,30,2021,1,2365,15,291.23,46,0,5.66,1.85,0,20,0,2.46,0,2.14,0.26,0,0
12,Nova Scotia,Nouvelle-Écosse,7/31/21,30,2021,1,5886,6,577.21,93,0,9.12,0.59,0,14,1,1.37,0.1,0.82,0.08,0.04,0
11,Prince Edward Island,Île-du-Prince-Édouard,7/31/21,30,2021,1,208,0,121.86,0,0,0,0,0,0,0,0,0,0,0,0,0
60,Yukon,Yukon,7/31/21,30,2021,1,596,45,1361.07,7,1,15.99,102.77,2.28,97,1,221.52,2.28,6.43,14.68,0.14,0.33
61,Northwest Territories,Territoires du Nord-Ouest,7/31/21,30,2021,1,128,0,280.67,0,0,0,0,0,0,0,0,0,0,0,0,0
62,Nunavut,Nunavut,7/31/21,30,2021,1,657,0,1621.18,4,0,9.87,0,0,0,0,0,0,0,0,0,0
99,Repatriated travellers,Voyageurs rapatriés,7/31/21,30,2021,,13,0,,0,0,,,,0,0,,,0,,0,
1,Canada,Canada,7/31/21,30,2021,,1427664,5324,3667.27,26121,34,67.1,13.68,0.09,9028,79,23.19,0.2,760.57,1.95,4.86,0.01
59,British Columbia,Colombie-Britannique,8/7/21,31,2021,1,152261,2212,2862.41,1772,1,33.31,41.58,0.02,3325,5,62.51,0.09,316,5.94,0.14,0
48,Alberta,Alberta,8/7/21,31,2021,1,236790,1995,5212.07,2329,5,51.26,43.91,0.11,3298,9,72.59,0.2,285,6.27,0.71,0.02
47,Saskatchewan,Saskatchewan,8/7/21,31,2021,1,50477,453,4224.71,582,4,48.71,37.91,0.33,821,4,68.71,0.33,64.71,5.42,0.57,0.05
46,Manitoba,Manitoba,8/7/21,31,2021,1,57793,173,4101.05,1183,5,83.95,12.28,0.35,380,12,26.97,0.85,24.71,1.75,0.71,0.05
35,Ontario,Ontario,8/7/21,31,2021,1,552893,1903,3659.26,9443,12,62.5,12.59,0.08,3252,27,21.52,0.18,271.86,1.8,1.71,0.01
24,Quebec,Québec,8/7/21,31,2021,1,374508,1612,4306.84,10684,2,122.87,18.54,0.02,2530,5,29.09,0.06,230.29,2.65,0.29,0
10,Newfoundland and Labrador,Terre-Neuve-et-Labrador,8/7/21,31,2021,1,1443,6,274.35,7,0,1.33,1.14,0,6,0,1.14,0,0.86,0.16,0,0
13,New Brunswick,Nouveau-Brunswick,8/7/21,31,2021,1,2414,49,297.27,46,0,5.66,6.03,0,64,0,7.88,0,7,0.86,0,0
12,Nova Scotia,Nouvelle-Écosse,8/7/21,31,2021,1,5901,15,578.69,93,0,9.12,1.47,0,21,0,2.06,0,2.2,0.22,0,0
11,Prince Edward Island,Île-du-Prince-Édouard,8/7/21,31,2021,1,211,3,123.62,0,0,0,1.76,0,3,0,1.76,0,0.49,0.29,0,0
60,Yukon,Yukon,8/7/21,31,2021,1,623,27,1422.73,8,1,18.27,61.66,2.28,72,2,164.42,4.57,3.9,8.92,0.14,0.33
61,Northwest Territories,Territoires du Nord-Ouest,8/7/21,31,2021,1,129,1,282.86,0,0,0,2.19,0,1,0,2.19,0,0.2,0.45,0,0
62,Nunavut,Nunavut,8/7/21,31,2021,1,657,0,1621.18,4,0,9.87,0,0,0,0,0,0,0,0,0,0
99,Repatriated travellers,Voyageurs rapatriés,8/7/21,31,2021,,13,0,,0,0,,,,0,0,,,0,,0,
1,Canada,Canada,8/7/21,31,2021,,1436113,8449,3688.97,26151,30,67.17,21.7,0.08,13773,64,35.38,0.16,1207,3.1,4.29,0.01
59,British Columbia,Colombie-Britannique,8/14/21,32,2021,1,155611,3350,2925.39,1779,7,33.44,62.98,0.13,5562,8,104.56,0.15,478.57,9,1,0.02
48,Alberta,Alberta,8/14/21,32,2021,1,239963,3173,5281.91,2332,3,51.33,69.84,0.07,5168,8,113.75,0.18,453.29,9.98,0.43,0.01
47,Saskatchewan,Saskatchewan,8/14/21,32,2021,1,51162,685,4282.04,586,4,49.05,57.33,0.33,1138,8,95.25,0.67,97.86,8.19,0.57,0.05
46,Manitoba,Manitoba,8/14/21,32,2021,1,57996,203,4115.46,1184,1,84.02,14.41,0.07,376,6,26.68,0.43,29,2.06,0.14,0.01
35,Ontario,Ontario,8/14/21,32,2021,1,556063,3170,3680.24,9454,11,62.57,20.98,0.07,5073,23,33.58,0.15,452.86,3,1.57,0.01
24,Quebec,Québec,8/14/21,32,2021,1,377017,2509,4335.69,10687,3,122.9,28.85,0.03,4121,5,47.39,0.06,358.43,4.12,0.43,0
10,Newfoundland and Labrador,Terre-Neuve-et-Labrador,8/14/21,32,2021,1,1447,4,275.11,7,0,1.33,0.76,0,10,0,1.9,0,0.57,0.11,0,0
13,New Brunswick,Nouveau-Brunswick,8/14/21,32,2021,1,2490,76,306.63,46,0,5.66,9.36,0,125,0,15.39,0,10.86,1.34,0,0
12,Nova Scotia,Nouvelle-Écosse,8/14/21,32,2021,1,5922,21,580.74,93,0,9.12,2.06,0,36,0,3.53,0,2.96,0.29,0,0
11,Prince Edward Island,Île-du-Prince-Édouard,8/14/21,32,2021,1,218,7,127.72,0,0,0,4.1,0,10,0,5.86,0,0.94,0.55,0,0
60,Yukon,Yukon,8/14/21,32,2021,1,647,24,1477.54,8,0,18.27,54.81,0,51,1,116.47,2.28,3.38,7.72,0,0
61,Northwest Territories,Territoires du Nord-Ouest,8/14/21,32,2021,1,141,12,309.18,0,0,0,26.31,0,13,0,28.51,0,1.71,3.76,0,0
62,Nunavut,Nunavut,8/14/21,32,2021,1,657,0,1621.18,4,0,9.87,0,0,0,0,0,0,0,0,0,0
99,Repatriated travellers,Voyageurs rapatriés,8/14/21,32,2021,,13,0,,0,0,,,,0,0,,,0,,0,
1,Canada,Canada,8/14/21,32,2021,,1449347,13234,3722.97,26180,29,67.25,33.99,0.07,21683,59,55.7,0.15,1890.57,4.86,4.14,0.01
59,British Columbia,Colombie-Britannique,8/21/21,33,2021,1,159643,4032,3001.19,1785,6,33.56,75.8,0.11,7382,13,138.78,0.24,576,10.83,0.86,0.02
48,Alberta,Alberta,8/21/21,33,2021,1,244492,4529,5381.6,2346,14,51.64,99.69,0.31,7702,17,169.53,0.37,647,14.24,2,0.04
47,Saskatchewan,Saskatchewan,8/21/21,33,2021,1,52252,1090,4373.27,586,0,49.05,91.23,0,1775,4,148.56,0.33,155.71,13.03,0,0
46,Manitoba,Manitoba,8/21/21,33,2021,1,58222,226,4131.5,1188,4,84.3,16.04,0.28,429,5,30.44,0.35,32.29,2.29,0.57,0.04
35,Ontario,Ontario,8/21/21,33,2021,1,560206,4143,3707.66,9465,11,62.64,27.42,0.07,7313,22,48.4,0.15,591.86,3.92,1.57,0.01
24,Quebec,Québec,8/21/21,33,2021,1,380186,3169,4372.14,10694,7,122.98,36.44,0.08,5678,10,65.3,0.11,452.71,5.21,1,0.01
10,Newfoundland and Labrador,Terre-Neuve-et-Labrador,8/21/21,33,2021,1,1458,11,277.2,7,0,1.33,2.09,0,15,0,2.85,0,1.57,0.3,0,0
13,New Brunswick,Nouveau-Brunswick,8/21/21,33,2021,1,2614,124,321.9,46,0,5.66,15.27,0,200,0,24.63,0,17.71,2.18,0,0
12,Nova Scotia,Nouvelle-Écosse,8/21/21,33,2021,1,5960,38,584.47,93,0,9.12,3.73,0,59,0,5.79,0,5.45,0.53,0,0
11,Prince Edward Island,Île-du-Prince-Édouard,8/21/21,33,2021,1,223,5,130.65,0,0,0,2.93,0,12,0,7.03,0,0.76,0.44,0,0
60,Yukon,Yukon,8/21/21,33,2021,1,672,25,1534.63,8,0,18.27,57.09,0,49,0,111.9,0,3.57,8.16,0,0
61,Northwest Territories,Territoires du Nord-Ouest,8/21/21,33,2021,1,277,135,607.39,0,0,0,296.02,0,147,0,322.33,0,19.33,42.38,0,0
62,Nunavut,Nunavut,8/21/21,33,2021,1,657,0,1621.18,4,0,9.87,0,0,0,0,0,0,0,0,0,0
99,Repatriated travellers,Voyageurs rapatriés,8/21/21,33,2021,,13,0,,0,0,,,,0,0,,,0,,0,
1,Canada,Canada,8/21/21,33,2021,,1466875,17527,3767.99,26222,42,67.36,45.02,0.11,30761,71,79.02,0.18,2503.86,6.43,6,0.02
59,British Columbia,Colombie-Britannique,8/28/21,34,2021,1,164329,4686,3089.28,1807,22,33.97,88.09,0.41,8718,28,163.89,0.53,669.43,12.58,3.14,0.06
48,Alberta,Alberta,8/28/21,34,2021,1,251137,6645,5527.86,2372,26,52.21,146.27,0.57,11174,40,245.95,0.88,949.29,20.9,3.71,0.08
47,Saskatchewan,Saskatchewan,8/28/21,34,2021,1,53617,1365,4487.52,597,11,49.97,114.24,0.92,2455,11,205.47,0.92,195,16.32,1.57,0.13
46,Manitoba,Manitoba,8/28/21,34,2021,1,58608,386,4158.89,1189,1,84.37,27.39,0.07,612,5,43.43,0.35,55.14,3.91,0.14,0.01
35,Ontario,Ontario,8/28/21,34,2021,1,564971,4765,3739.2,9482,17,62.76,31.54,0.11,8908,28,58.96,0.19,680.71,4.51,2.43,0.02
24,Quebec,Québec,8/28/21,34,2021,1,383764,3578,4413.28,10697,3,123.02,41.15,0.03,6747,10,77.59,0.11,511.14,5.88,0.43,0
10,Newfoundland and Labrador,Terre-Neuve-et-Labrador,8/28/21,34,2021,1,1469,11,279.29,7,0,1.33,2.09,0,22,0,4.18,0,1.57,0.3,0,0
13,New Brunswick,Nouveau-Brunswick,8/28/21,34,2021,1,2738,124,337.17,46,0,5.66,15.27,0,248,0,30.54,0,17.71,2.18,0,0
12,Nova Scotia,Nouvelle-Écosse,8/28/21,34,2021,1,6014,54,589.77,94,1,9.22,5.3,0.1,92,1,9.02,0.1,7.65,0.75,0.1,0.01
11,Prince Edward Island,Île-du-Prince-Édouard,8/28/21,34,2021,1,230,6,134.75,0,0,0,3.52,0,11,0,6.44,0,0.9,0.53,0,0
60,Yukon,Yukon,8/28/21,34,2021,1,684,12,1562.04,8,0,18.27,27.4,0,37,0,84.5,0,1.71,3.91,0,0
61,Northwest Territories,Territoires du Nord-Ouest,8/28/21,34,2021,1,380,103,833.24,1,1,2.19,225.85,2.19,238,1,521.87,2.19,14.71,32.26,0.1,0.22
62,Nunavut,Nunavut,8/28/21,34,2021,1,657,0,1621.18,4,0,9.87,0,0,0,0,0,0,0,0,0,0
99,Repatriated travellers,Voyageurs rapatriés,8/28/21,34,2021,,13,0,,0,0,,,,0,0,,,0,,0,
1,Canada,Canada,8/28/21,34,2021,,1488611,21735,3823.82,26304,82,67.57,55.83,0.21,39262,124,100.85,0.32,3105,7.98,11.71,0.03
59,British Columbia,Colombie-Britannique,9/4/21,35,2021,1,168983,4654,3176.78,1827,20,34.35,87.49,0.38,9340,42,175.59,0.79,664.86,12.5,2.86,0.05
48,Alberta,Alberta,9/4/21,35,2021,1,259773,8636,5717.95,2414,42,53.14,190.09,0.92,15281,68,336.36,1.5,1233.71,27.16,6,0.13
47,Saskatchewan,Saskatchewan,9/4/21,35,2021,1,55750,2133,4666.04,610,13,51.05,178.52,1.09,3498,24,292.77,2.01,304.71,25.5,1.86,0.16
46,Manitoba,Manitoba,9/4/21,35,2021,1,58883,275,4178.4,1192,3,84.59,19.51,0.21,661,4,46.91,0.28,39.29,2.79,0.43,0.03
35,Ontario,Ontario,9/4/21,35,2021,1,570150,5179,3773.47,9512,30,62.95,34.28,0.2,9944,47,65.81,0.31,739.86,4.9,4.29,0.03
24,Quebec,Québec,9/4/21,35,2021,1,388214,4450,4464.46,10711,14,123.18,51.17,0.16,8028,17,92.32,0.2,635.71,7.31,2,0.02
10,Newfoundland and Labrador,Terre-Neuve-et-Labrador,9/4/21,35,2021,1,1491,22,283.48,7,0,1.33,4.18,0,33,0,6.27,0,3.14,0.6,0,0
13,New Brunswick,Nouveau-Brunswick,9/4/21,35,2021,1,2811,73,346.16,46,0,5.66,8.99,0,197,0,24.26,0,10.43,1.28,0,0
12,Nova Scotia,Nouvelle-Écosse,9/4/21,35,2021,1,6060,46,594.28,94,0,9.22,4.51,0,100,1,9.81,0.1,6.61,0.65,0.04,0
11,Prince Edward Island,Île-du-Prince-Édouard,9/4/21,35,2021,1,234,5,137.09,0,0,0,2.93,0,11,0,6.44,0,0.65,0.38,0,0
60,Yukon,Yukon,9/4/21,35,2021,1,694,10,1584.87,8,0,18.27,22.84,0,22,0,50.24,0,1.43,3.26,0,0
61,Northwest Territories,Territoires du Nord-Ouest,9/4/21,35,2021,1,471,91,1032.78,1,0,2.19,199.54,0,194,1,425.39,2.19,13,28.51,0.04,0.09
62,Nunavut,Nunavut,9/4/21,35,2021,1,658,1,1623.65,4,0,9.87,2.47,0,1,0,2.47,0,0.08,0.2,0,0
99,Repatriated travellers,Voyageurs rapatriés,9/4/21,35,2021,,13,0,,0,0,,,,0,0,,,0,,0,
1,Canada,Canada,9/4/21,35,2021,,1514185,25575,3889.52,26426,122,67.88,65.7,0.31,47310,204,121.53,0.52,3653.57,9.39,17.43,0.04
59,British Columbia,Colombie-Britannique,9/11/21,36,2021,1,173981,4998,3270.74,1856,29,34.89,93.96,0.55,9652,49,181.45,0.92,714,13.42,4.14,0.08
48,Alberta,Alberta,9/11/21,36,2021,1,269213,9440,5925.74,2471,57,54.39,207.79,1.25,18076,99,397.88,2.18,1348.57,29.68,8.14,0.18
47,Saskatchewan,Saskatchewan,9/11/21,36,2021,1,58293,2543,4878.88,618,8,51.72,212.84,0.67,4676,21,391.36,1.76,363.29,30.41,1.14,0.1
46,Manitoba,Manitoba,9/11/21,36,2021,1,59275,392,4206.22,1200,8,85.15,27.82,0.57,667,11,47.33,0.78,56,3.97,1.14,0.08
35,Ontario,Ontario,9/11/21,36,2021,1,575207,5057,3806.94,9559,47,63.27,33.47,0.31,10236,77,67.75,0.51,722.43,4.78,6.71,0.04
24,Quebec,Québec,9/11/21,36,2021,1,393191,4977,4521.69,10726,15,123.35,57.24,0.17,9427,29,108.41,0.33,711,8.18,2.14,0.02
10,Newfoundland and Labrador,Terre-Neuve-et-Labrador,9/11/21,36,2021,1,1532,41,291.27,7,0,1.33,7.8,0,63,0,11.98,0,5.86,1.11,0,0
13,New Brunswick,Nouveau-Brunswick,9/11/21,36,2021,1,2960,149,364.5,47,1,5.79,18.35,0.12,222,1,27.34,0.12,21.29,2.62,0.14,0.02
12,Nova Scotia,Nouvelle-Écosse,9/11/21,36,2021,1,6155,95,603.59,94,0,9.22,9.32,0,141,0,13.83,0,13.55,1.33,0,0
11,Prince Edward Island,Île-du-Prince-Édouard,9/11/21,36,2021,1,246,12,144.12,0,0,0,7.03,0,17,0,9.96,0,1.76,1.03,0,0
60,Yukon,Yukon,9/11/21,36,2021,1,701,7,1600.86,9,1,20.55,15.99,2.28,17,1,38.82,2.28,1.05,2.39,0.14,0.33
61,Northwest Territories,Territoires du Nord-Ouest,9/11/21,36,2021,1,565,94,1238.9,1,0,2.19,206.12,0,185,0,405.66,0,13.43,29.45,0,0
62,Nunavut,Nunavut,9/11/21,36,2021,1,659,1,1626.12,4,0,9.87,2.47,0,2,0,4.94,0,0.14,0.35,0,0
99,Repatriated travellers,Voyageurs rapatriés,9/11/21,36,2021,,13,0,,0,0,,,,0,0,,,0,,0,
1,Canada,Canada,9/11/21,36,2021,,1541991,27806,3960.94,26592,166,68.31,71.43,0.43,53381,288,137.12,0.74,3972.29,10.2,23.71,0.06
59,British Columbia,Colombie-Britannique,9/18/21,37,2021,1,178598,4617,3357.53,1888,32,35.49,86.8,0.6,9615,61,180.76,1.15,659.57,12.4,4.57,0.09
48,Alberta,Alberta,9/18/21,37,2021,1,280761,11548,6179.93,2567,96,56.5,254.19,2.11,20988,153,461.97,3.37,1649.71,36.31,13.71,0.3
47,Saskatchewan,Saskatchewan,9/18/21,37,2021,1,61558,3265,5152.15,638,20,53.4,273.27,1.67,5808,28,486.11,2.34,466.43,39.04,2.86,0.24
46,Manitoba,Manitoba,9/18/21,37,2021,1,59666,391,4233.96,1204,4,85.44,27.75,0.28,783,12,55.56,0.85,55.86,3.96,0.57,0.04
35,Ontario,Ontario,9/18/21,37,2021,1,580118,4911,3839.45,9597,38,63.52,32.5,0.25,9968,85,65.97,0.56,701.57,4.64,5.43,0.04
24,Quebec,Québec,9/18/21,37,2021,1,398338,5147,4580.88,10753,27,123.66,59.19,0.31,10124,42,116.43,0.48,735.29,8.46,3.86,0.04
10,Newfoundland and Labrador,Terre-Neuve-et-Labrador,9/18/21,37,2021,1,1555,23,295.64,7,0,1.33,4.37,0,64,0,12.17,0,3.29,0.62,0,0
13,New Brunswick,Nouveau-Brunswick,9/18/21,37,2021,1,3300,340,406.37,48,1,5.91,41.87,0.12,489,2,60.22,0.25,48.57,5.98,0.14,0.02
12,Nova Scotia,Nouvelle-Écosse,9/18/21,37,2021,1,6316,161,619.38,94,0,9.22,15.79,0,256,0,25.1,0,23,2.26,0,0
11,Prince Edward Island,Île-du-Prince-Édouard,9/18/21,37,2021,1,273,27,159.94,0,0,0,15.82,0,39,0,22.85,0,3.84,2.25,0,0
60,Yukon,Yukon,9/18/21,37,2021,1,714,13,1630.55,9,0,20.55,29.69,0,20,1,45.67,2.28,1.81,4.13,0,0
61,Northwest Territories,Territoires du Nord-Ouest,9/18/21,37,2021,1,704,139,1543.69,1,0,2.19,304.79,0,233,0,510.91,0,19.88,43.59,0,0
62,Nunavut,Nunavut,9/18/21,37,2021,1,661,3,1631.05,4,0,9.87,7.4,0,4,0,9.87,0,0.39,0.96,0,0
99,Repatriated travellers,Voyageurs rapatriés,9/18/21,37,2021,,13,0,,0,0,,,,0,0,,,0,,0,
1,Canada,Canada,9/18/21,37,2021,,1572575,30585,4039.5,26810,218,68.87,78.56,0.56,58391,384,149.99,0.99,4369.29,11.22,31.14,0.08
59,British Columbia,Colombie-Britannique,9/25/21,38,2021,1,183417,4819,3448.13,1922,34,36.13,90.59,0.64,9436,66,177.39,1.24,688.43,12.94,4.86,0.09
48,Alberta,Alberta,9/25/21,38,2021,1,291780,11019,6422.47,2670,103,58.77,242.54,2.27,22567,199,496.73,4.38,1574.14,34.65,14.71,0.32
47,Saskatchewan,Saskatchewan,9/25/21,38,2021,1,64949,3391,5435.96,667,29,55.83,283.81,2.43,6656,49,557.08,4.1,484.43,40.54,4.14,0.35
46,Manitoba,Manitoba,9/25/21,38,2021,1,60100,434,4264.76,1208,4,85.72,30.8,0.28,825,8,58.54,0.57,62,4.4,0.57,0.04
35,Ontario,Ontario,9/25/21,38,2021,1,584518,4400,3868.57,9634,37,63.76,29.12,0.24,9311,75,61.62,0.5,628.57,4.16,5.29,0.03
24,Quebec,Québec,9/25/21,38,2021,1,403084,4746,4635.46,10780,27,123.97,54.58,0.31,9893,54,113.77,0.62,678,7.8,3.86,0.04
10,Newfoundland and Labrador,Terre-Neuve-et-Labrador,9/25/21,38,2021,1,1668,113,317.13,7,0,1.33,21.48,0,136,0,25.86,0,16.14,3.07,0.06,0.01
13,New Brunswick,Nouveau-Brunswick,9/25/21,38,2021,1,3768,468,464,54,6,6.65,57.63,0.74,808,7,99.5,0.86,66.86,8.23,0.86,0.11
12,Nova Scotia,Nouvelle-Écosse,9/25/21,38,2021,1,6511,195,638.51,95,1,9.32,19.12,0.1,356,1,34.91,0.1,27.92,2.74,0.2,0.02
11,Prince Edward Island,Île-du-Prince-Édouard,9/25/21,38,2021,1,292,19,171.07,0,0,0,11.13,0,46,0,26.95,0,2.69,1.58,0,0
60,Yukon,Yukon,9/25/21,38,2021,1,747,33,1705.91,9,0,20.55,75.36,0,46,0,105.05,0,4.71,10.77,0,0
61,Northwest Territories,Territoires du Nord-Ouest,9/25/21,38,2021,1,870,166,1907.69,2,1,4.39,364,2.19,305,1,668.79,2.19,23.69,51.95,0.1,0.22
62,Nunavut,Nunavut,9/25/21,38,2021,1,663,2,1635.99,4,0,9.87,4.94,0,5,0,12.34,0,0.24,0.6,0,0
99,Repatriated travellers,Voyageurs rapatriés,9/25/21,38,2021,,13,0,,0,0,,,,0,0,,,0,,0,
1,Canada,Canada,9/25/21,38,2021,,1602380,29805,4116.06,27052,242,69.49,76.56,0.62,60390,460,155.12,1.18,4257.86,10.94,34.57,0.09
59,British Columbia,Colombie-Britannique,10/2/21,39,2021,1,188311,4894,3540.13,1973,51,37.09,92,0.96,9713,85,182.6,1.6,699.14,13.14,7.29,0.14
48,Alberta,Alberta,10/2/21,39,2021,1,302772,10992,6664.42,2785,115,61.3,241.95,2.53,22011,218,484.49,4.8,1570.29,34.56,16.43,0.36
47,Saskatchewan,Saskatchewan,10/2/21,39,2021,1,68290,3341,5715.59,708,41,59.26,279.63,3.43,6732,70,563.44,5.86,477.29,39.95,5.86,0.49
46,Manitoba,Manitoba,10/2/21,39,2021,1,60749,649,4310.82,1211,3,85.93,46.05,0.21,1083,7,76.85,0.5,92.71,6.58,0.43,0.03
35,Ontario,Ontario,10/2/21,39,2021,1,588466,3948,3894.7,9667,33,63.98,26.13,0.22,8348,70,55.25,0.46,564,3.73,4.71,0.03
24,Quebec,Québec,10/2/21,39,2021,1,406959,3875,4680.02,10810,30,124.31,44.56,0.34,8621,57,99.14,0.66,553.57,6.37,4.29,0.05
10,Newfoundland and Labrador,Terre-Neuve-et-Labrador,10/2/21,39,2021,1,1797,129,341.65,9,1,1.71,24.53,0.19,242,1,46.01,0.19,18.43,3.5,0.2,0.04
13,New Brunswick,Nouveau-Brunswick,10/2/21,39,2021,1,4412,644,543.31,64,10,7.88,79.3,1.23,1112,16,136.94,1.97,92,11.33,1.43,0.18
12,Nova Scotia,Nouvelle-Écosse,10/2/21,39,2021,1,6734,223,660.37,97,1,9.51,21.87,0.1,418,2,40.99,0.2,31.82,3.12,0.18,0.02
11,Prince Edward Island,Île-du-Prince-Édouard,10/2/21,39,2021,1,300,8,175.76,0,0,0,4.69,0,27,0,15.82,0,1.12,0.66,0,0
60,Yukon,Yukon,10/2/21,39,2021,1,756,9,1726.46,9,0,20.55,20.55,0,42,0,95.91,0,1.29,2.94,0,0
61,Northwest Territories,Territoires du Nord-Ouest,10/2/21,39,2021,1,1079,209,2365.97,5,3,10.96,458.28,6.58,375,4,822.28,8.77,29.86,65.47,0.45,0.98
62,Nunavut,Nunavut,10/2/21,39,2021,1,664,1,1638.45,4,0,9.87,2.47,0,3,0,7.4,0,0.08,0.2,0,0
99,Repatriated travellers,Voyageurs rapatriés,10/2/21,39,2021,,13,0,,0,0,,,,0,0,,,0,,0,
1,Canada,Canada,10/2/21,39,2021,,1631302,28922,4190.36,27342,288,70.23,74.29,0.74,58727,530,150.85,1.36,4131.71,10.61,41.14,0.11
59,British Columbia,Colombie-Britannique,10/9/21,40,2021,1,193094,4783,3630.05,2001,28,37.62,89.92,0.53,9677,79,181.92,1.49,683.29,12.85,4,0.08
48,Alberta,Alberta,10/9/21,40,2021,1,310498,7726,6834.48,2879,94,63.37,170.06,2.07,18718,209,412.01,4.6,1103.71,24.29,13.43,0.3
47,Saskatchewan,Saskatchewan,10/9/21,40,2021,1,71526,3236,5986.43,746,38,62.44,270.84,3.18,6577,79,550.47,6.61,462.29,38.69,5.43,0.45
46,Manitoba,Manitoba,10/9/21,40,2021,1,61462,713,4361.41,1220,9,86.57,50.6,0.64,1362,12,96.65,0.85,101.86,7.23,1.29,0.09
35,Ontario,Ontario,10/9/21,40,2021,1,592309,3843,3920.13,9704,37,64.22,25.43,0.24,7791,70,51.56,0.46,549,3.63,5.29,0.03
24,Quebec,Québec,10/9/21,40,2021,1,410779,3820,4723.95,10839,29,124.65,43.93,0.33,7695,59,88.49,0.68,545.71,6.28,4.14,0.05
10,Newfoundland and Labrador,Terre-Neuve-et-Labrador,10/9/21,40,2021,1,1848,51,351.35,11,2,2.09,9.7,0.38,180,3,34.22,0.57,7.29,1.39,0.35,0.07
13,New Brunswick,Nouveau-Brunswick,10/9/21,40,2021,1,5087,675,626.43,72,8,8.87,83.12,0.99,1319,18,162.43,2.22,96.43,11.87,1.14,0.14
12,Nova Scotia,Nouvelle-Écosse,10/9/21,40,2021,1,6926,192,679.2,98,1,9.61,18.83,0.1,415,2,40.7,0.2,27.49,2.7,0.14,0.01
11,Prince Edward Island,Île-du-Prince-Édouard,10/9/21,40,2021,1,306,6,179.27,0,0,0,3.52,0,14,0,8.2,0,0.92,0.54,0,0
60,Yukon,Yukon,10/9/21,40,2021,1,794,38,1813.24,10,1,22.84,86.78,2.28,47,1,107.33,2.28,5.43,12.4,0.14,0.33
61,Northwest Territories,Territoires du Nord-Ouest,10/9/21,40,2021,1,1367,288,2997.48,6,1,13.16,631.51,2.19,497,4,1089.79,8.77,41.12,90.17,0.16,0.36
62,Nunavut,Nunavut,10/9/21,40,2021,1,668,4,1648.32,4,0,9.87,9.87,0,5,0,12.34,0,0.63,1.56,0,0
99,Repatriated travellers,Voyageurs rapatriés,10/9/21,40,2021,,13,0,,0,0,,,,0,0,,,0,,0,
1,Canada,Canada,10/9/21,40,2021,,1656677,25375,4255.54,27590,248,70.87,65.18,0.64,54297,536,139.47,1.38,3625,9.31,35.43,0.09
59,British Columbia,Colombie-Britannique,10/16/21,41,2021,1,197186,4092,3706.97,2055,54,38.63,76.93,1.02,8875,82,166.84,1.54,584.57,10.99,7.71,0.15
48,Alberta,Alberta,10/16/21,41,2021,1,315930,5432,6954.05,2984,105,65.68,119.57,2.31,13158,199,289.63,4.38,776,17.08,15,0.33
47,Saskatchewan,Saskatchewan,10/16/21,41,2021,1,74074,2548,6199.68,776,30,64.95,213.26,2.51,5784,68,484.1,5.69,364,30.47,4.29,0.36
46,Manitoba,Manitoba,10/16/21,41,2021,1,62091,629,4406.05,1230,10,87.28,44.63,0.71,1342,19,95.23,1.35,89.86,6.38,1.43,0.1
35,Ontario,Ontario,10/16/21,41,2021,1,595210,2901,3939.33,9725,21,64.36,19.2,0.14,6744,58,44.63,0.38,414.43,2.74,3,0.02
24,Quebec,Québec,10/16/21,41,2021,1,414764,3985,4769.78,10872,33,125.03,45.83,0.38,7805,62,89.76,0.71,569.29,6.55,4.71,0.05
10,Newfoundland and Labrador,Terre-Neuve-et-Labrador,10/16/21,41,2021,1,1881,33,357.62,14,3,2.66,6.27,0.57,84,5,15.97,0.95,4.71,0.9,0.37,0.07
13,New Brunswick,Nouveau-Brunswick,10/16/21,41,2021,1,5735,648,706.23,87,15,10.71,79.8,1.85,1323,23,162.92,2.83,92.57,11.4,2.14,0.26
12,Nova Scotia,Nouvelle-Écosse,10/16/21,41,2021,1,7104,178,696.66,98,0,9.61,17.46,0,370,1,36.28,0.1,25.39,2.49,0.04,0
11,Prince Edward Island,Île-du-Prince-Édouard,10/16/21,41,2021,1,312,6,182.79,0,0,0,3.52,0,12,0,7.03,0,0.86,0.5,0,0
60,Yukon,Yukon,10/16/21,41,2021,1,840,46,1918.29,10,0,22.84,105.05,0,84,1,191.83,2.28,6.57,15.01,0,0
61,Northwest Territories,Territoires du Nord-Ouest,10/16/21,41,2021,1,1586,219,3477.69,8,2,17.54,480.21,4.39,507,3,1111.72,6.58,31.35,68.74,0.31,0.67
62,Nunavut,Nunavut,10/16/21,41,2021,1,673,5,1660.66,4,0,9.87,12.34,0,9,0,22.21,0,0.67,1.66,0,0
99,Repatriated travellers,Voyageurs rapatriés,10/16/21,41,2021,,13,0,,0,0,,,,0,0,,,0,,0,
1,Canada,Canada,10/16/21,41,2021,,1677399,20722,4308.77,27863,273,71.57,53.23,0.7,46097,521,118.41,1.34,2960.29,7.6,39,0.1
59,British Columbia,Colombie-Britannique,10/23/21,42,2021,1,201511,4325,3788.28,2109,54,39.65,81.31,1.02,8417,108,158.23,2.03,617.86,11.62,7.71,0.15
48,Alberta,Alberta,10/23/21,42,2021,1,320541,4611,7055.54,3055,71,67.24,101.49,1.56,10043,176,221.06,3.87,658.71,14.5,10.14,0.22
47,Saskatchewan,Saskatchewan,10/23/21,42,2021,1,76074,2000,6367.07,817,41,68.38,167.39,3.43,4548,71,380.65,5.94,285.71,23.91,5.86,0.49
46,Manitoba,Manitoba,10/23/21,42,2021,1,62695,604,4448.91,1235,5,87.64,42.86,0.35,1233,15,87.5,1.06,86.29,6.12,0.71,0.05
35,Ontario,Ontario,10/23/21,42,2021,1,597833,2623,3956.69,9758,33,64.58,17.36,0.22,5524,54,36.56,0.36,374.71,2.48,4.71,0.03
24,Quebec,Québec,10/23/21,42,2021,1,417679,2915,4803.3,10910,38,125.46,33.52,0.44,6900,71,79.35,0.82,416.43,4.79,5.43,0.06
10,Newfoundland and Labrador,Terre-Neuve-et-Labrador,10/23/21,42,2021,1,1928,47,366.56,15,2,2.85,8.94,0.38,80,5,15.21,0.95,6.71,1.28,0.22,0.04
13,New Brunswick,Nouveau-Brunswick,10/23/21,42,2021,1,6112,377,752.65,107,20,13.18,46.43,2.46,1025,35,126.22,4.31,53.86,6.63,2.86,0.35
12,Nova Scotia,Nouvelle-Écosse,10/23/21,42,2021,1,7234,129,709.41,99,1,9.71,12.65,0.1,307,1,30.11,0.1,18.49,1.81,0.1,0.01
11,Prince Edward Island,Île-du-Prince-Édouard,10/23/21,42,2021,1,315,3,184.55,0,0,0,1.76,0,9,0,5.27,0,0.37,0.22,0,0
60,Yukon,Yukon,10/23/21,42,2021,1,880,40,2009.64,10,0,22.84,91.35,0,86,0,196.4,0,5.67,12.94,0,0
61,Northwest Territories,Territoires du Nord-Ouest,10/23/21,42,2021,1,1744,158,3824.14,9,1,19.73,346.45,2.19,377,3,826.66,6.58,22.53,49.4,0.12,0.27
62,Nunavut,Nunavut,10/23/21,42,2021,1,674,1,1663.13,4,0,9.87,2.47,0,6,0,14.81,0,0.18,0.45,0,0
99,Repatriated travellers,Voyageurs rapatriés,10/23/21,42,2021,,13,0,,0,0,,,,0,0,,,0,,0,
1,Canada,Canada,10/23/21,42,2021,,1695233,17833,4354.58,28128,266,72.25,45.81,0.68,38555,539,99.04,1.38,2547.57,6.54,38,0.1
59,British Columbia,Colombie-Britannique,10/30/21,43,2021,1,205482,3971,3862.93,2156,47,40.53,74.65,0.88,8296,101,155.96,1.9,567.29,10.66,6.71,0.13
48,Alberta,Alberta,10/30/21,43,2021,1,324008,3467,7131.85,3118,63,68.63,76.31,1.39,8078,134,177.81,2.95,495.29,10.9,9,0.2
47,Saskatchewan,Saskatchewan,10/30/21,43,2021,1,77494,1420,6485.92,850,33,71.14,118.85,2.76,3420,74,286.24,6.19,202.86,16.98,4.71,0.39
46,Manitoba,Manitoba,10/30/21,43,2021,1,63450,755,4502.48,1247,12,88.49,53.58,0.85,1359,17,96.44,1.21,107.86,7.65,1.71,0.12
35,Ontario,Ontario,10/30/21,43,2021,1,600338,2505,3973.27,9787,29,64.77,16.58,0.19,5128,62,33.94,0.41,357.86,2.37,4.14,0.03
24,Quebec,Québec,10/30/21,43,2021,1,420963,3284,4841.07,10931,21,125.71,37.77,0.24,6199,59,71.29,0.68,469.14,5.4,3,0.03
10,Newfoundland and Labrador,Terre-Neuve-et-Labrador,10/30/21,43,2021,1,1992,64,378.73,16,1,3.04,12.17,0.19,111,3,21.1,0.57,9.14,1.74,0.08,0.02
13,New Brunswick,Nouveau-Brunswick,10/30/21,43,2021,1,6413,301,789.72,116,9,14.28,37.07,1.11,678,29,83.49,3.57,43,5.3,1.29,0.16
12,Nova Scotia,Nouvelle-Écosse,10/30/21,43,2021,1,7371,137,722.84,100,2,9.81,13.43,0.2,266,3,26.09,0.29,19.59,1.92,0.24,0.02
11,Prince Edward Island,Île-du-Prince-Édouard,10/30/21,43,2021,1,317,2,185.72,0,0,0,1.17,0,5,0,2.93,0,0.33,0.19,0,0
60,Yukon,Yukon,10/30/21,43,2021,1,923,44,2107.84,10,0,22.84,100.48,0,84,0,191.83,0,6.24,14.25,0,0
61,Northwest Territories,Territoires du Nord-Ouest,10/30/21,43,2021,1,1847,103,4049.99,10,1,21.93,225.85,2.19,261,2,572.31,4.39,14.71,32.26,0.2,0.45
62,Nunavut,Nunavut,10/30/21,43,2021,1,674,0,1663.13,4,0,9.87,0,0,1,0,2.47,0,0,0,0,0
99,Repatriated travellers,Voyageurs rapatriés,10/30/21,43,2021,,13,0,,0,0,,,,0,0,,,0,,0,
1,Canada,Canada,10/30/21,43,2021,,1711285,16053,4395.81,28345,218,72.81,41.24,0.56,33886,484,87.04,1.24,2293.29,5.89,31.14,0.08
59,British Columbia,Colombie-Britannique,11/6/21,44,2021,1,208818,3336,3925.65,2201,45,41.38,62.71,0.85,7307,92,137.37,1.73,476.57,8.96,6.43,0.12
48,Alberta,Alberta,11/6/21,44,2021,1,327195,3187,7202,3156,38,69.47,70.15,0.84,6654,101,146.46,2.22,455.29,10.02,5.43,0.12
47,Saskatchewan,Saskatchewan,11/6/21,44,2021,1,78567,1073,6575.73,866,16,72.48,89.81,1.34,2493,49,208.65,4.1,153.29,12.83,2.29,0.19
46,Manitoba,Manitoba,11/6/21,44,2021,1,64390,940,4569.18,1260,13,89.41,66.7,0.92,1695,25,120.28,1.77,134.29,9.53,1.86,0.13
35,Ontario,Ontario,11/6/21,44,2021,1,603629,3291,3995.05,9812,25,64.94,21.78,0.17,5796,54,38.36,0.36,470.14,3.11,3.57,0.02
24,Quebec,Québec,11/6/21,44,2021,1,424964,4001,4887.08,10952,21,125.95,46.01,0.24,7285,42,83.78,0.48,571.57,6.57,3,0.03
10,Newfoundland and Labrador,Terre-Neuve-et-Labrador,11/6/21,44,2021,1,2003,11,380.82,16,0,3.04,2.09,0,75,1,14.26,0.19,1.57,0.3,0,0
13,New Brunswick,Nouveau-Brunswick,11/6/21,44,2021,1,6716,303,827.03,121,5,14.9,37.31,0.62,604,14,74.38,1.72,43.29,5.33,0.71,0.09
12,Nova Scotia,Nouvelle-Écosse,11/6/21,44,2021,1,7590,219,744.32,101,1,9.9,21.48,0.1,356,3,34.91,0.29,31.35,3.07,0.08,0.01
11,Prince Edward Island,Île-du-Prince-Édouard,11/6/21,44,2021,1,322,5,188.65,0,0,0,2.93,0,7,0,4.1,0,0.65,0.38,0,0
60,Yukon,Yukon,11/6/21,44,2021,1,1002,79,2288.25,10,0,22.84,180.41,0,123,0,280.89,0,11.29,25.77,0,0
61,Northwest Territories,Territoires du Nord-Ouest,11/6/21,44,2021,1,1882,35,4126.74,11,1,24.12,76.75,2.19,138,2,302.6,4.39,5,10.96,0.08,0.18
62,Nunavut,Nunavut,11/6/21,44,2021,1,674,0,1663.13,4,0,9.87,0,0,0,0,0,0,0,0,0,0
99,Repatriated travellers,Voyageurs rapatriés,11/6/21,44,2021,,13,0,,0,0,,,,0,0,,,0,,0,
1,Canada,Canada,11/6/21,44,2021,,1727765,16480,4438.14,28510,165,73.23,42.33,0.42,32533,383,83.57,0.98,2354.29,6.05,23.57,0.06
59,British Columbia,Colombie-Britannique,11/13/21,45,2021,1,212252,3434,3990.21,2257,56,42.43,64.56,1.05,6770,101,127.27,1.9,490.57,9.22,8,0.15
48,Alberta,Alberta,11/13/21,45,2021,1,330044,2849,7264.71,3195,39,70.33,62.71,0.86,6036,77,132.86,1.69,407,8.96,5.57,0.12
47,Saskatchewan,Saskatchewan,11/13/21,45,2021,1,79387,820,6644.36,893,27,74.74,68.63,2.26,1893,43,158.44,3.6,117.14,9.8,3.86,0.32
46,Manitoba,Manitoba,11/13/21,45,2021,1,65511,1121,4648.73,1269,9,90.05,79.55,0.64,2061,22,146.25,1.56,160.14,11.36,1.29,0.09
35,Ontario,Ontario,11/13/21,45,2021,1,607612,3983,4021.41,9848,36,65.18,26.36,0.24,7274,61,48.14,0.4,569,3.77,5.14,0.03
24,Quebec,Québec,11/13/21,45,2021,1,429317,4353,4937.14,10976,24,126.22,50.06,0.28,8354,45,96.07,0.52,621.86,7.15,3.43,0.04
10,Newfoundland and Labrador,Terre-Neuve-et-Labrador,11/13/21,45,2021,1,2025,22,385,16,0,3.04,4.18,0,33,0,6.27,0,3.14,0.6,0.06,0.01
13,New Brunswick,Nouveau-Brunswick,11/13/21,45,2021,1,7129,413,877.89,121,0,14.9,50.86,0,716,5,88.17,0.62,59,7.27,0,0
12,Nova Scotia,Nouvelle-Écosse,11/13/21,45,2021,1,7841,251,768.93,104,3,10.2,24.61,0.29,470,4,46.09,0.39,35.84,3.51,0.41,0.04
11,Prince Edward Island,Île-du-Prince-Édouard,11/13/21,45,2021,1,326,4,190.99,0,0,0,2.34,0,9,0,5.27,0,0.63,0.37,0,0
60,Yukon,Yukon,11/13/21,45,2021,1,1195,192,2729,10,0,22.84,438.47,0,271,0,618.88,0,27.48,62.75,0.05,0.11
61,Northwest Territories,Territoires du Nord-Ouest,11/13/21,45,2021,1,1982,101,4346.01,12,1,26.31,221.47,2.19,136,2,298.21,4.39,14.39,31.55,0.1,0.22
62,Nunavut,Nunavut,11/13/21,45,2021,1,674,0,1663.13,4,0,9.87,0,0,0,0,0,0,0,0,0,0
99,Repatriated travellers,Voyageurs rapatriés,11/13/21,45,2021,,13,0,,0,0,,,,0,0,,,0,,0,
1,Canada,Canada,11/13/21,45,2021,,1745308,17543,4483.21,28705,195,73.74,45.06,0.5,34023,360,87.4,0.92,2506.14,6.44,27.86,0.07
59,British Columbia,Colombie-Britannique,11/20/21,46,2021,1,215026,2774,4042.36,2293,36,43.11,52.15,0.68,6208,92,116.71,1.73,396.29,7.45,5.14,0.1
48,Alberta,Alberta,11/20/21,46,2021,1,332726,2682,7323.75,3219,24,70.85,59.03,0.53,5531,63,121.74,1.39,383.14,8.43,3.43,0.08
47,Saskatchewan,Saskatchewan,11/20/21,46,2021,1,80278,891,6718.93,910,17,76.16,74.57,1.42,1711,44,143.2,3.68,127.29,10.65,2.43,0.2
46,Manitoba,Manitoba,11/20/21,46,2021,1,66542,1031,4721.89,1286,17,91.26,73.16,1.21,2152,26,152.71,1.84,147.29,10.45,2.43,0.17
35,Ontario,Ontario,11/20/21,46,2021,1,612189,4577,4051.71,9885,37,65.42,30.29,0.24,8560,73,56.65,0.48,653.86,4.33,5.29,0.03
24,Quebec,Québec,11/20/21,46,2021,1,434162,4845,4992.86,10994,18,126.43,55.72,0.21,9198,42,105.78,0.48,692.14,7.96,2.57,0.03
10,Newfoundland and Labrador,Terre-Neuve-et-Labrador,11/20/21,46,2021,1,2035,10,386.9,17,1,3.23,1.9,0.19,32,1,6.08,0.19,1.43,0.27,0.14,0.03
13,New Brunswick,Nouveau-Brunswick,11/20/21,46,2021,1,7579,450,933.3,122,1,15.02,55.41,0.12,863,1,106.27,0.12,64.29,7.92,0.14,0.02
12,Nova Scotia,Nouvelle-Écosse,11/20/21,46,2021,1,8027,186,787.17,106,3,10.39,18.24,0.29,437,6,42.85,0.59,26.51,2.6,0.37,0.04
11,Prince Edward Island,Île-du-Prince-Édouard,11/20/21,46,2021,1,344,18,201.54,0,0,0,10.55,0,22,0,12.89,0,2.53,1.48,0,0
60,Yukon,Yukon,11/20/21,46,2021,1,1396,201,3188.02,12,2,27.4,459.02,4.57,393,2,897.49,4.57,28.76,65.68,0.24,0.54
61,Northwest Territories,Territoires du Nord-Ouest,11/20/21,46,2021,1,2037,55,4466.62,12,0,26.31,120.6,0,156,1,342.07,2.19,7.86,17.23,0.04,0.09
62,Nunavut,Nunavut,11/20/21,46,2021,1,674,0,1663.13,4,0,9.87,0,0,0,0,0,0,0,0,0,0
99,Repatriated travellers,Voyageurs rapatriés,11/20/21,46,2021,,13,0,,0,0,,,,0,0,,,0,,0,
1,Canada,Canada,11/20/21,46,2021,,1763028,17720,4528.72,28860,156,74.13,45.52,0.4,35263,351,90.58,0.9,2531.43,6.5,22.29,0.06
59,British Columbia,Colombie-Britannique,11/27/21,47,2021,1,217487,2461,4088.62,2322,29,43.65,46.27,0.55,5235,65,98.41,1.22,351.57,6.61,4.14,0.08
48,Alberta,Alberta,11/27/21,47,2021,1,335074,2348,7375.43,3244,25,71.4,51.68,0.55,5030,49,110.72,1.08,335.43,7.38,3.57,0.08
47,Saskatchewan,Saskatchewan,11/27/21,47,2021,1,80848,570,6766.64,921,11,77.08,47.71,0.92,1461,28,122.28,2.34,81.43,6.82,1.57,0.13
46,Manitoba,Manitoba,11/27/21,47,2021,1,67544,1002,4793,1311,25,93.03,71.1,1.77,2033,42,144.26,2.98,143.14,10.16,3.57,0.25
35,Ontario,Ontario,11/27/21,47,2021,1,617624,5435,4087.68,9911,26,65.59,35.97,0.17,10012,63,66.26,0.42,776.43,5.14,3.71,0.02
24,Quebec,Québec,11/27/21,47,2021,1,440435,6273,5065,11009,15,126.6,72.14,0.17,11118,33,127.86,0.38,896.14,10.31,2.14,0.02
10,Newfoundland and Labrador,Terre-Neuve-et-Labrador,11/27/21,47,2021,1,2048,13,389.37,18,1,3.42,2.47,0.19,23,2,4.37,0.38,1.86,0.35,0.08,0.02
13,New Brunswick,Nouveau-Brunswick,11/27/21,47,2021,1,8172,593,1006.33,123,1,15.15,73.02,0.12,1043,2,128.44,0.25,84.71,10.43,0.14,0.02
12,Nova Scotia,Nouvelle-Écosse,11/27/21,47,2021,1,8183,156,802.47,109,3,10.69,15.3,0.29,342,6,33.54,0.59,22.31,2.19,0.39,0.04
11,Prince Edward Island,Île-du-Prince-Édouard,11/27/21,47,2021,1,366,22,214.43,0,0,0,12.89,0,40,0,23.43,0,3.1,1.82,0,0
60,Yukon,Yukon,11/27/21,47,2021,1,1486,90,3393.55,13,1,29.69,205.53,2.28,291,3,664.55,6.85,12.81,29.25,0.14,0.33
61,Northwest Territories,Territoires du Nord-Ouest,11/27/21,47,2021,1,2055,17,4506.08,12,0,26.31,37.28,0,72,0,157.88,0,2.47,5.41,0,0
62,Nunavut,Nunavut,11/27/21,47,2021,1,674,0,1663.13,4,0,9.87,0,0,0,0,0,0,0,0,0,0
99,Repatriated travellers,Voyageurs rapatriés,11/27/21,47,2021,,13,0,,0,0,,,,0,0,,,0,,0,
1,Canada,Canada,11/27/21,47,2021,,1782009,18980,4577.48,28997,137,74.49,48.75,0.35,36700,293,94.27,0.75,2711.43,6.96,19.57,0.05
59,British Columbia,Colombie-Britannique,12/4/21,48,2021,1,219935,2448,4134.64,2351,29,44.2,46.02,0.55,4909,58,92.29,1.09,349.71,6.57,4.14,0.08
48,Alberta,Alberta,12/4/21,48,2021,1,337269,2195,7423.75,3266,22,71.89,48.31,0.48,4543,47,100,1.03,313.57,6.9,3.14,0.07
47,Saskatchewan,Saskatchewan,12/4/21,48,2021,1,81293,445,6803.88,929,8,77.75,37.24,0.67,1015,19,84.95,1.59,63.57,5.32,1.14,0.1
46,Manitoba,Manitoba,12/4/21,48,2021,1,68499,955,4860.76,1330,19,94.38,67.77,1.35,1957,44,138.87,3.12,136.43,9.68,2.71,0.19
35,Ontario,Ontario,12/4/21,48,2021,1,624230,6606,4131.4,9950,39,65.85,43.72,0.26,12041,65,79.69,0.43,943.71,6.25,5.57,0.04
24,Quebec,Québec,12/4/21,48,2021,1,448593,8158,5158.82,11031,22,126.86,93.82,0.25,14431,37,165.96,0.43,1165.43,13.4,3.14,0.04
10,Newfoundland and Labrador,Terre-Neuve-et-Labrador,12/4/21,48,2021,1,2064,16,392.42,18,0,3.42,3.04,0,29,1,5.51,0.19,2.29,0.43,0,0
13,New Brunswick,Nouveau-Brunswick,12/4/21,48,2021,1,8680,508,1068.89,132,9,16.25,62.56,1.11,1101,10,135.58,1.23,72.57,8.94,1.29,0.16
12,Nova Scotia,Nouvelle-Écosse,12/4/21,48,2021,1,8370,187,820.81,110,1,10.79,18.34,0.1,343,4,33.64,0.39,26.73,2.62,0.12,0.01
11,Prince Edward Island,Île-du-Prince-Édouard,12/4/21,48,2021,1,387,21,226.73,0,0,0,12.3,0,43,0,25.19,0,3,1.76,0,0
60,Yukon,Yukon,12/4/21,48,2021,1,1543,57,3523.72,14,1,31.97,130.17,2.28,147,2,335.7,4.57,8.14,18.6,0.14,0.33
61,Northwest Territories,Territoires du Nord-Ouest,12/4/21,48,2021,1,2066,11,4530.21,12,0,26.31,24.12,0,28,0,61.4,0,1.63,3.58,0,0
62,Nunavut,Nunavut,12/4/21,48,2021,1,675,1,1665.6,4,0,9.87,2.47,0,1,0,2.47,0,0.08,0.2,0,0
99,Repatriated travellers,Voyageurs rapatriés,12/4/21,48,2021,,13,0,,0,0,,,,0,0,,,0,,0,
1,Canada,Canada,12/4/21,48,2021,,1803617,21608,4632.99,29147,150,74.87,55.5,0.39,40588,287,104.26,0.74,3086.86,7.93,21.43,0.06
59,British Columbia,Colombie-Britannique,12/11/21,49,2021,1,222428,2493,4181.51,2381,30,44.76,46.87,0.56,4941,59,92.89,1.11,356.14,6.7,4.29,0.08
48,Alberta,Alberta,12/11/21,49,2021,1,339340,2071,7469.33,3278,12,72.15,45.59,0.26,4266,34,93.9,0.75,295.86,6.51,1.71,0.04
47,Saskatchewan,Saskatchewan,12/11/21,49,2021,1,81780,487,6844.64,937,8,78.42,40.76,0.67,932,16,78,1.34,69.57,5.82,1.14,0.1
46,Manitoba,Manitoba,12/11/21,49,2021,1,69670,1171,4943.86,1349,19,95.73,83.1,1.35,2126,38,150.86,2.7,167.29,11.87,2.71,0.19
35,Ontario,Ontario,12/11/21,49,2021,1,633242,9012,4191.04,10001,51,66.19,59.64,0.34,15618,90,103.37,0.6,1287.43,8.52,7.29,0.05
24,Quebec,Québec,12/11/21,49,2021,1,460306,11713,5293.51,11057,26,127.16,134.7,0.3,19871,48,228.52,0.55,1673.29,19.24,3.71,0.04
10,Newfoundland and Labrador,Terre-Neuve-et-Labrador,12/11/21,49,2021,1,2078,14,395.08,18,0,3.42,2.66,0,30,0,5.7,0,2,0.38,0,0
13,New Brunswick,Nouveau-Brunswick,12/11/21,49,2021,1,9492,812,1168.88,140,8,17.24,99.99,0.99,1320,17,162.55,2.09,116,14.28,1.14,0.14
12,Nova Scotia,Nouvelle-Écosse,12/11/21,49,2021,1,8843,473,867.19,110,0,10.79,46.39,0,660,1,64.72,0.1,67.55,6.62,0,0
11,Prince Edward Island,Île-du-Prince-Édouard,12/11/21,49,2021,1,412,25,241.38,0,0,0,14.65,0,46,0,26.95,0,3.59,2.1,0,0
60,Yukon,Yukon,12/11/21,49,2021,1,1586,43,3621.91,14,0,31.97,98.2,0,100,1,228.37,2.28,6.14,14.03,0,0
61,Northwest Territories,Territoires du Nord-Ouest,12/11/21,49,2021,1,2070,4,4538.98,12,0,26.31,8.77,0,15,0,32.89,0,0.61,1.34,0,0
62,Nunavut,Nunavut,12/11/21,49,2021,1,676,1,1668.06,4,0,9.87,2.47,0,2,0,4.94,0,0.14,0.35,0,0
99,Repatriated travellers,Voyageurs rapatriés,12/11/21,49,2021,,13,0,,0,0,,,,0,0,,,0,,0,
1,Canada,Canada,12/11/21,49,2021,,1831936,28319,4705.73,29301,154,75.27,72.74,0.4,49927,304,128.25,0.78,4045.57,10.39,22,0.06
59,British Columbia,Colombie-Britannique,12/18/21,50,2021,1,226696,4268,4261.74,2399,18,45.1,80.24,0.34,6761,48,127.1,0.9,609.71,11.46,2.57,0.05
48,Alberta,Alberta,12/18/21,50,2021,1,342603,3263,7541.15,3293,15,72.48,71.82,0.33,5334,27,117.41,0.59,466.14,10.26,2.14,0.05
47,Saskatchewan,Saskatchewan,12/18/21,50,2021,1,82130,350,6873.94,942,5,78.84,29.29,0.42,837,13,70.05,1.09,50,4.18,0.71,0.06
46,Manitoba,Manitoba,12/18/21,50,2021,1,71061,1391,5042.57,1363,14,96.72,98.71,0.99,2562,33,181.8,2.34,198.71,14.1,2,0.14
35,Ontario,Ontario,12/18/21,50,2021,1,652356,19114,4317.55,10046,45,66.49,126.5,0.3,28126,96,186.15,0.64,2730.57,18.07,6.43,0.04
24,Quebec,Québec,12/18/21,50,2021,1,483212,22906,5556.93,11096,39,127.6,263.42,0.45,34619,65,398.12,0.75,3272.29,37.63,5.57,0.06
10,Newfoundland and Labrador,Terre-Neuve-et-Labrador,12/18/21,50,2021,1,2175,97,413.52,18,0,3.42,18.44,0,111,0,21.1,0,13.86,2.63,0,0
13,New Brunswick,Nouveau-Brunswick,12/18/21,50,2021,1,10446,954,1286.36,148,8,18.23,117.48,0.99,1766,16,217.47,1.97,136.29,16.78,1.14,0.14
12,Nova Scotia,Nouvelle-Écosse,12/18/21,50,2021,1,10704,1861,1049.69,110,0,10.79,182.5,0,2334,0,228.89,0,265.9,26.08,0,0
11,Prince Edward Island,Île-du-Prince-Édouard,12/18/21,50,2021,1,484,72,283.56,0,0,0,42.18,0,97,0,56.83,0,10.24,6,0,0
60,Yukon,Yukon,12/18/21,50,2021,1,1631,45,3724.68,14,0,31.97,102.77,0,88,0,200.96,0,6.43,14.68,0,0
61,Northwest Territories,Territoires du Nord-Ouest,12/18/21,50,2021,1,2079,8,4558.71,12,0,26.31,17.54,0,12,0,26.31,0,1.2,2.64,0,0
62,Nunavut,Nunavut,12/18/21,50,2021,1,676,0,1668.06,4,0,9.87,0,0,1,0,2.47,0,0.06,0.15,0,0
99,Repatriated travellers,Voyageurs rapatriés,12/18/21,50,2021,,13,0,,0,0,,,,0,0,,,0,,0,
1,Canada,Canada,12/18/21,50,2021,,1886266,54329,4845.29,29445,144,75.64,139.56,0.37,82648,298,212.3,0.77,7761.29,19.94,20.57,0.05
59,British Columbia,Colombie-Britannique,12/25/21,51,2021,1,238210,11514,4478.2,2414,15,45.38,216.46,0.28,15782,33,296.69,0.62,1644.86,30.92,2.14,0.04
48,Alberta,Alberta,12/25/21,51,2021,1,352873,10270,7767.21,3303,10,72.7,226.06,0.22,13533,25,297.88,0.55,1467.14,32.29,1.43,0.03
47,Saskatchewan,Saskatchewan,12/25/21,51,2021,1,83086,956,6953.95,945,3,79.09,80.01,0.25,1306,8,109.31,0.67,136.57,11.43,0.43,0.04
46,Manitoba,Manitoba,12/25/21,51,2021,1,74358,3297,5276.52,1370,7,97.22,233.96,0.5,4688,21,332.67,1.49,471,33.42,1,0.07
35,Ontario,Ontario,12/25/21,51,2021,1,705514,53158,4669.37,10099,53,66.84,351.82,0.35,72272,98,478.32,0.65,7594,50.26,7.57,0.05
24,Quebec,Québec,12/25/21,51,2021,1,547900,64688,6300.85,11144,48,128.16,743.91,0.55,87594,87,1007.33,1,9241.14,106.27,6.86,0.08
10,Newfoundland and Labrador,Terre-Neuve-et-Labrador,12/25/21,51,2021,1,2512,337,477.59,18,0,3.42,64.07,0,434,0,82.51,0,48.14,9.15,0,0
13,New Brunswick,Nouveau-Brunswick,12/25/21,51,2021,1,11896,1450,1464.91,152,4,18.72,178.56,0.49,2404,12,296.04,1.48,207.14,25.51,0.57,0.07
12,Nova Scotia,Nouvelle-Écosse,12/25/21,51,2021,1,14301,3597,1402.44,111,1,10.89,352.74,0.1,5458,1,535.24,0.1,513.9,50.4,0.1,0.01
11,Prince Edward Island,Île-du-Prince-Édouard,12/25/21,51,2021,1,737,253,431.78,0,0,0,148.22,0,325,0,190.41,0,36.2,21.21,0,0
60,Yukon,Yukon,12/25/21,51,2021,1,1668,37,3809.18,14,0,31.97,84.5,0,82,0,187.26,0,5.33,12.18,0,0
61,Northwest Territories,Territoires du Nord-Ouest,12/25/21,51,2021,1,2088,9,4578.45,12,0,26.31,19.73,0,17,0,37.28,0,1.27,2.77,0,0
62,Nunavut,Nunavut,12/25/21,51,2021,1,695,19,1714.95,4,0,9.87,46.88,0,19,0,46.88,0,2.78,6.85,0,0
99,Repatriated travellers,Voyageurs rapatriés,12/25/21,51,2021,,13,0,,0,0,,,,0,0,,,0,,0,
1,Canada,Canada,12/25/21,51,2021,,2035851,149585,5229.53,29586,141,76,384.24,0.36,203914,285,523.8,0.73,21369.29,54.89,20.14,0.05
59,British Columbia,Colombie-Britannique,1/1/22,52,2021,1,258882,20672,4866.82,2423,9,45.55,388.62,0.17,32186,24,605.08,0.45,2953.14,55.52,1.29,0.02
48,Alberta,Alberta,1/1/22,52,2021,1,373555,20682,8222.45,3321,18,73.1,455.24,0.4,30952,28,681.3,0.62,2954.57,65.03,2.57,0.06
47,Saskatchewan,Saskatchewan,1/1/22,52,2021,1,85188,2102,7129.88,955,10,79.93,175.93,0.84,3058,13,255.94,1.09,300.29,25.13,1.43,0.12
46,Manitoba,Manitoba,1/1/22,52,2021,1,80096,5738,5683.7,1392,22,98.78,407.17,1.56,9035,29,641.13,2.06,819.71,58.17,3.14,0.22
35,Ontario,Ontario,1/1/22,52,2021,1,807841,102327,5346.61,10188,89,67.43,677.24,0.59,155485,142,1029.06,0.94,14618.14,96.75,12.71,0.08
24,Quebec,Québec,1/1/22,52,2021,1,656571,108671,7550.56,11251,107,129.39,1249.72,1.23,173359,155,1993.63,1.78,15524.43,178.53,15.29,0.18
10,Newfoundland and Labrador,Terre-Neuve-et-Labrador,1/1/22,52,2021,1,4597,2085,874,19,1,3.61,396.41,0.19,2422,1,460.48,0.19,297.86,56.63,0.12,0.02
13,New Brunswick,Nouveau-Brunswick,1/1/22,52,2021,1,15069,3173,1855.65,160,8,19.7,390.73,0.99,4623,12,569.29,1.48,453.29,55.82,1.14,0.14
12,Nova Scotia,Nouvelle-Écosse,1/1/22,52,2021,1,19175,4874,1880.41,111,0,10.89,477.97,0,8471,1,830.71,0.1,696.31,68.28,0.04,0
11,Prince Edward Island,Île-du-Prince-Édouard,1/1/22,52,2021,1,1447,710,847.75,0,0,0,415.96,0,963,0,564.19,0,101.39,59.4,0,0
60,Yukon,Yukon,1/1/22,52,2021,1,1808,140,4128.89,15,1,34.26,319.71,2.28,177,1,404.21,2.28,19.95,45.56,0.14,0.33
61,Northwest Territories,Territoires du Nord-Ouest,1/1/22,52,2021,1,2189,102,4799.91,12,0,26.31,223.66,0,111,0,243.39,0,14.51,31.82,0,0
62,Nunavut,Nunavut,1/1/22,52,2021,1,819,123,2020.92,4,0,9.87,303.51,0,142,0,350.39,0,17.59,43.41,0,0
99,Repatriated travellers,Voyageurs rapatriés,1/1/22,52,2021,,13,0,,0,0,,,,0,0,,,0,,0,
1,Canada,Canada,1/1/22,52,2021,,2307250,271399,5926.68,29851,265,76.68,697.15,0.68,420984,406,1081.39,1.04,38771.29,99.59,37.86,0.1
59,British Columbia,Colombie-Britannique,1/8/22,1,2022,1,279448,20566,5253.45,2439,16,45.85,386.63,0.3,41238,25,775.25,0.47,2938,55.23,2.29,0.04
48,Alberta,Alberta,1/8/22,1,2022,1,406271,32716,8942.57,3348,27,73.69,720.12,0.59,53398,45,1175.36,0.99,4673.71,102.87,3.86,0.08
47,Saskatchewan,Saskatchewan,1/8/22,1,2022,1,90765,5577,7596.65,961,6,80.43,466.77,0.5,7679,16,642.7,1.34,796.71,66.68,0.86,0.07
46,Manitoba,Manitoba,1/8/22,1,2022,1,94850,14754,6730.66,1408,16,99.91,1046.96,1.14,20492,38,1454.13,2.7,2107.71,149.57,2.29,0.16
35,Ontario,Ontario,1/8/22,1,2022,1,899260,91419,5951.65,10378,190,68.69,605.05,1.26,193746,279,1282.29,1.85,13059.86,86.44,27.14,0.18
24,Quebec,Québec,1/8/22,1,2022,1,759800,103229,8737.69,11500,249,132.25,1187.13,2.86,211900,356,2436.85,4.09,14747,169.59,35.57,0.41
10,Newfoundland and Labrador,Terre-Neuve-et-Labrador,1/8/22,1,2022,1,7949,3352,1511.3,21,2,3.99,637.3,0.38,5437,3,1033.71,0.57,478.86,91.04,0.35,0.07
13,New Brunswick,Nouveau-Brunswick,1/8/22,1,2022,1,20278,5209,2497.1,171,11,21.06,641.45,1.35,8382,19,1032.19,2.34,744.14,91.64,1.57,0.19
12,Nova Scotia,Nouvelle-Écosse,1/8/22,1,2022,1,25003,5828,2451.94,113,2,11.08,571.53,0.2,10702,2,1049.5,0.2,832.51,81.64,0.31,0.03
11,Prince Edward Island,Île-du-Prince-Édouard,1/8/22,1,2022,1,2625,1178,1537.89,0,0,0,690.15,0,1888,0,1106.11,0,168.31,98.6,0,0
60,Yukon,Yukon,1/8/22,1,2022,1,2191,383,5003.54,15,0,34.26,874.65,0,523,1,1194.36,2.28,54.71,124.95,0,0
61,Northwest Territories,Territoires du Nord-Ouest,1/8/22,1,2022,1,2856,667,6262.47,12,0,26.31,1462.56,0,769,0,1686.22,0,95.27,208.89,0,0
62,Nunavut,Nunavut,1/8/22,1,2022,1,976,157,2408.33,4,0,9.87,387.41,0,280,0,690.91,0,22.49,55.49,0,0
99,Repatriated travellers,Voyageurs rapatriés,1/8/22,1,2022,,13,0,,0,0,,,,0,0,,,0,,0,
1,Canada,Canada,1/8/22,1,2022,,2592285,285035,6658.85,30370,519,78.01,732.17,1.33,556434,784,1429.32,2.01,40719.29,104.6,74.14,0.19
59,British Columbia,Colombie-Britannique,1/15/22,2,2022,1,295904,16456,5562.81,2468,29,46.4,309.36,0.55,37022,45,695.99,0.85,2350.86,44.19,4.14,0.08
48,Alberta,Alberta,1/15/22,2,2022,1,446494,40223,9827.94,3407,59,74.99,885.36,1.3,72939,86,1605.49,1.89,5746.14,126.48,8.43,0.19
47,Saskatchewan,Saskatchewan,1/15/22,2,2022,1,98699,7934,8260.69,961,0,80.43,664.04,0,13511,6,1130.81,0.5,1133.43,94.86,0,0
46,Manitoba,Manitoba,1/15/22,2,2022,1,107838,12988,7652.3,1445,37,102.54,921.64,2.63,27742,53,1968.6,3.76,1855.43,131.66,5.29,0.38
35,Ontario,Ontario,1/15/22,2,2022,1,973025,73765,6439.86,10723,345,70.97,488.21,2.28,165184,535,1093.25,3.54,10537.86,69.74,49.29,0.33
24,Quebec,Québec,1/15/22,2,2022,1,806896,47096,9279.3,11915,415,137.02,541.6,4.77,150325,664,1728.74,7.64,6728,77.37,59.29,0.68
10,Newfoundland and Labrador,Terre-Neuve-et-Labrador,1/15/22,2,2022,1,12406,4457,2358.68,25,4,4.75,847.38,0.76,7809,6,1484.68,1.14,636.71,121.05,0.55,0.1
13,New Brunswick,Nouveau-Brunswick,1/15/22,2,2022,1,22359,2081,2753.36,183,12,22.54,256.26,1.48,7290,23,897.72,2.83,297.29,36.61,1.71,0.21
12,Nova Scotia,Nouvelle-Écosse,1/15/22,2,2022,1,30101,5098,2951.87,119,6,11.67,499.94,0.59,10926,8,1071.47,0.78,728.29,71.42,0.84,0.08
11,Prince Edward Island,Île-du-Prince-Édouard,1/15/22,2,2022,1,4118,1493,2412.59,1,1,0.59,874.7,0.59,2671,1,1564.84,0.59,213.24,124.93,0.16,0.1
60,Yukon,Yukon,1/15/22,2,2022,1,2665,475,6086,15,0,34.26,1084.75,0,858,0,1959.4,0,67.81,154.86,0,0
61,Northwest Territories,Territoires du Nord-Ouest,1/15/22,2,2022,1,3784,928,8297.34,13,1,28.51,2034.86,2.19,1595,1,3497.42,2.19,132.57,290.69,0.1,0.22
62,Nunavut,Nunavut,1/15/22,2,2022,1,1141,165,2815.48,5,1,12.34,407.15,2.47,322,1,794.55,2.47,23.57,58.16,0.08,0.2
99,Repatriated travellers,Voyageurs rapatriés,1/15/22,2,2022,,13,0,,0,0,,,,0,0,,,0,,0,
1,Canada,Canada,1/15/22,2,2022,,2805443,213159,7206.4,31280,910,80.35,547.55,2.34,498194,1429,1279.72,3.67,30451.29,78.22,130,0.33
59,British Columbia,Colombie-Britannique,1/22/22,3,2022,1,310242,14338,5832.36,2529,61,47.54,269.55,1.15,30794,90,578.91,1.69,2048.29,38.51,8.71,0.16
48,Alberta,Alberta,1/22/22,3,2022,1,471717,25223,10383.13,3488,81,76.78,555.19,1.78,65446,140,1440.55,3.08,3603.29,79.31,11.57,0.25
47,Saskatchewan,Saskatchewan,1/22/22,3,2022,1,107842,9143,9025.92,972,11,81.35,765.23,0.92,17077,11,1429.27,0.92,1306.14,109.32,1.57,0.13
46,Manitoba,Manitoba,1/22/22,3,2022,1,114021,6183,8091.05,1492,47,105.87,438.75,3.34,19171,84,1360.4,5.96,883.29,62.68,6.71,0.48
35,Ontario,Ontario,1/22/22,3,2022,1,1019843,46818,6749.72,11186,463,74.03,309.86,3.06,120583,808,798.07,5.35,6688.29,44.27,66.14,0.44
24,Quebec,Québec,1/22/22,3,2022,1,837680,30784,9633.31,12398,483,142.58,354.02,5.55,77880,898,895.62,10.33,4397.71,50.57,69,0.79
10,Newfoundland and Labrador,Terre-Neuve-et-Labrador,1/22/22,3,2022,1,14805,2399,2814.79,31,5,5.89,456.11,0.95,6856,9,1303.49,1.71,342.71,65.16,0.78,0.15
13,New Brunswick,Nouveau-Brunswick,1/22/22,3,2022,1,25465,3106,3135.85,207,24,25.49,382.48,2.96,5187,36,638.75,4.43,443.71,54.64,3.43,0.42
12,Nova Scotia,Nouvelle-Écosse,1/22/22,3,2022,1,34021,3920,3336.29,128,9,12.55,384.42,0.88,9018,15,884.36,1.47,559.96,54.91,1.31,0.13
11,Prince Edward Island,Île-du-Prince-Édouard,1/22/22,3,2022,1,5807,1690,3402.11,6,5,3.52,990.11,2.93,3183,6,1864.81,3.52,241.41,141.43,0.69,0.41
60,Yukon,Yukon,1/22/22,3,2022,1,2886,220,6590.7,16,1,36.54,502.41,2.28,695,1,1587.16,2.28,31.48,71.88,0.14,0.33
61,Northwest Territories,Territoires du Nord-Ouest,1/22/22,3,2022,1,4703,919,10312.47,14,2,30.7,2015.13,4.39,1847,3,4049.99,6.58,131.24,287.79,0.24,0.54
62,Nunavut,Nunavut,1/22/22,3,2022,1,1346,205,3321.32,5,0,12.34,505.85,0,370,1,912.99,2.47,29.29,72.26,0.06,0.15
99,Repatriated travellers,Voyageurs rapatriés,1/22/22,3,2022,,13,0,,0,0,,,,0,0,,,0,,0,
1,Canada,Canada,1/22/22,3,2022,,2950391,144948,7578.73,32472,1192,83.41,372.33,3.06,358107,2102,919.88,5.4,20706.86,53.19,170.29,0.44
59,British Columbia,Colombie-Britannique,1/29/22,4,2022,1,322265,12023,6058.38,2597,68,48.82,226.02,1.28,26361,129,495.57,2.43,1717.57,32.29,9.71,0.18
48,Alberta,Alberta,1/29/22,4,2022,1,490661,18944,10800.11,3578,90,78.76,416.98,1.98,44167,171,972.18,3.76,2706.29,59.57,12.86,0.28
47,Saskatchewan,Saskatchewan,1/29/22,4,2022,1,116511,8669,9751.48,989,17,82.78,725.56,1.42,17812,28,1490.79,2.34,1238.43,103.65,2.43,0.2
46,Manitoba,Manitoba,1/29/22,4,2022,1,118862,4841,8434.58,1543,51,109.49,343.52,3.62,11024,98,782.28,6.95,691.57,49.07,7.29,0.52
35,Ontario,Ontario,1/29/22,4,2022,1,1051964,32121,6962.31,11634,448,77,212.59,2.97,78939,911,522.45,6.03,4588.71,30.37,64,0.42
24,Quebec,Québec,1/29/22,4,2022,1,861291,23611,9904.84,12779,381,146.96,271.53,4.38,54395,864,625.54,9.94,3373,38.79,54.43,0.63
10,Newfoundland and Labrador,Terre-Neuve-et-Labrador,1/29/22,4,2022,1,16966,2161,3225.65,38,8,7.22,410.86,1.52,4560,13,866.97,2.47,308.71,58.69,1.1,0.21
13,New Brunswick,Nouveau-Brunswick,1/29/22,4,2022,1,28442,2977,3502.45,228,21,28.08,366.6,2.59,6083,45,749.08,5.54,425.29,52.37,3,0.37
12,Nova Scotia,Nouvelle-Écosse,1/29/22,4,2022,1,37200,3179,3648.04,142,14,13.93,311.75,1.37,7099,23,696.17,2.26,454.12,44.53,1.94,0.19
11,Prince Edward Island,Île-du-Prince-Édouard,1/29/22,4,2022,1,7462,1655,4371.72,10,4,5.86,969.61,2.34,3345,9,1959.72,5.27,236.39,138.49,0.59,0.35
60,Yukon,Yukon,1/29/22,4,2022,1,3076,190,7024.6,16,0,36.54,433.9,0,410,1,936.31,2.28,27.19,62.09,0,0
61,Northwest Territories,Territoires du Nord-Ouest,1/29/22,4,2022,1,5607,904,12294.7,15,1,32.89,1982.24,2.19,1823,3,3997.37,6.58,129.16,283.22,0.08,0.18
62,Nunavut,Nunavut,1/29/22,4,2022,1,1657,311,4088.73,5,0,12.34,767.41,0,516,0,1273.26,0,44.39,109.53,0,0
99,Repatriated travellers,Voyageurs rapatriés,1/29/22,4,2022,,13,0,,0,0,,,,0,0,,,0,,0,
1,Canada,Canada,1/29/22,4,2022,,3061977,111586,7865.36,33574,1103,86.24,286.63,2.83,256534,2295,658.96,5.9,15940.86,40.95,157.57,0.4
59,British Columbia,Colombie-Britannique,2/5/22,5,2022,1,331964,9699,6240.72,2675,78,50.29,182.34,1.47,21722,146,408.36,2.74,1385.57,26.05,11.14,0.21
48,Alberta,Alberta,2/5/22,5,2022,1,505406,14745,11124.67,3684,106,81.09,324.56,2.33,33689,196,741.54,4.31,2106.43,46.37,15.14,0.33
47,Saskatchewan,Saskatchewan,2/5/22,5,2022,1,122525,6014,10254.83,1006,17,84.2,503.35,1.42,14683,34,1228.91,2.85,859.14,71.91,2.43,0.2
46,Manitoba,Manitoba,2/5/22,5,2022,1,122632,3770,8702.1,1585,42,112.47,267.52,2.98,8611,93,611.05,6.6,538.57,38.22,6,0.43
35,Ontario,Ontario,2/5/22,5,2022,1,1074251,22287,7109.81,11991,357,79.36,147.5,2.36,54408,805,360.09,5.33,3183.86,21.07,51,0.34
24,Quebec,Québec,2/5/22,5,2022,1,882335,21044,10146.84,13063,284,150.22,242.01,3.27,44655,665,513.53,7.65,3006.29,34.57,40.57,0.47
10,Newfoundland and Labrador,Terre-Neuve-et-Labrador,2/5/22,5,2022,1,18464,1498,3510.45,47,8,8.94,284.81,1.52,3659,16,695.66,3.04,214,40.69,1.18,0.23
13,New Brunswick,Nouveau-Brunswick,2/5/22,5,2022,1,30602,2160,3768.44,258,30,31.77,265.99,3.69,5137,51,632.59,6.28,308.57,38,4.29,0.53
12,Nova Scotia,Nouvelle-Écosse,2/5/22,5,2022,1,39993,2794,3921.94,157,15,15.4,274,1.47,5973,29,585.75,2.84,399.1,39.14,2.14,0.21
11,Prince Edward Island,Île-du-Prince-Édouard,2/5/22,5,2022,1,8842,1380,5180.21,12,2,7.03,808.49,1.17,3035,6,1778.1,3.52,197.14,115.5,0.29,0.17
60,Yukon,Yukon,2/5/22,5,2022,1,3202,126,7312.34,19,3,43.39,287.74,6.85,316,3,721.64,6.85,18.05,41.21,0.38,0.87
61,Northwest Territories,Territoires du Nord-Ouest,2/5/22,5,2022,1,6566,959,14397.54,16,1,35.08,2102.84,2.19,1863,2,4085.08,4.39,136.96,300.32,0.2,0.45
62,Nunavut,Nunavut,2/5/22,5,2022,1,1929,272,4759.91,5,0,12.34,671.17,0,583,0,1438.58,0,38.92,96.03,0,0
99,Repatriated travellers,Voyageurs rapatriés,2/5/22,5,2022,,13,0,,0,0,,,,0,0,,,0,,0,
1,Canada,Canada,2/5/22,5,2022,,3148724,86748,8088.19,34518,943,88.67,222.83,2.42,198334,2046,509.46,5.26,12392.57,31.83,134.71,0.35
59,British Columbia,Colombie-Britannique,2/12/22,6,2022,1,339736,7772,6386.83,2747,72,51.64,146.11,1.35,17471,150,328.44,2.82,1110.29,20.87,10.29,0.19
48,Alberta,Alberta,2/12/22,6,2022,1,514690,9284,11329.02,3780,96,83.2,204.35,2.11,24029,202,528.91,4.45,1326.29,29.19,13.71,0.3
47,Saskatchewan,Saskatchewan,2/12/22,6,2022,1,125756,3231,10525.25,1056,50,88.38,270.42,4.18,9245,67,773.77,5.61,461.57,38.63,7.14,0.6
46,Manitoba,Manitoba,2/12/22,6,2022,1,125844,3212,8930.03,1619,34,114.89,227.93,2.41,6982,76,495.45,5.39,458.86,32.56,4.86,0.34
35,Ontario,Ontario,2/12/22,6,2022,1,1092008,17757,7227.33,12219,228,80.87,117.52,1.51,40044,585,265.03,3.87,2536.71,16.79,32.57,0.22
24,Quebec,Québec,2/12/22,6,2022,1,899234,16899,10341.18,13294,231,152.88,194.34,2.66,37943,515,436.34,5.92,2414.14,27.76,33,0.38
10,Newfoundland and Labrador,Terre-Neuve-et-Labrador,2/12/22,6,2022,1,19954,1490,3793.74,54,8,10.27,283.29,1.52,2988,16,568.09,3.04,212.86,40.47,1.1,0.21
13,New Brunswick,Nouveau-Brunswick,2/12/22,6,2022,1,32610,2008,4015.71,286,28,35.22,247.27,3.45,4168,58,513.26,7.14,286.86,35.32,4,0.49
12,Nova Scotia,Nouvelle-Écosse,2/12/22,6,2022,1,42230,2237,4141.31,172,15,16.87,219.37,1.47,5031,30,493.37,2.94,319.51,31.33,2.14,0.21
11,Prince Edward Island,Île-du-Prince-Édouard,2/12/22,6,2022,1,10105,1263,5920.16,14,1,8.2,739.95,0.59,2643,3,1548.44,1.76,180.43,105.71,0.2,0.12
60,Yukon,Yukon,2/12/22,6,2022,1,3314,112,7568.11,20,1,45.67,255.77,2.28,238,4,543.52,9.13,16,36.54,0.19,0.43
61,Northwest Territories,Territoires du Nord-Ouest,2/12/22,6,2022,1,7440,875,16314,17,1,37.28,1918.65,2.19,1834,2,4021.49,4.39,124.94,273.96,0.08,0.18
62,Nunavut,Nunavut,2/12/22,6,2022,1,2155,226,5317.57,5,0,12.34,557.67,0,498,0,1228.84,0,32.27,79.62,0,0
99,Repatriated travellers,Voyageurs rapatriés,2/12/22,6,2022,,13,0,,0,0,,,,0,0,,,0,,0,
1,Canada,Canada,2/12/22,6,2022,,3215089,66366,8258.66,35283,765,90.63,170.48,1.97,153114,1708,393.31,4.39,9480.86,24.35,109.29,0.28
59,British Columbia,Colombie-Britannique,2/19/22,7,2022,1,344262,4526,6471.91,2786,39,52.38,85.09,0.73,12298,111,231.19,2.09,646.57,12.16,5.57,0.1
48,Alberta,Alberta,2/19/22,7,2022,1,520200,5510,11450.3,3854,74,84.83,121.28,1.63,14794,170,325.64,3.74,787.14,17.33,10.57,0.23
47,Saskatchewan,Saskatchewan,2/19/22,7,2022,1,127162,1406,10642.93,1093,37,91.48,117.68,3.1,4637,87,388.1,7.28,200.86,16.81,5.29,0.44
46,Manitoba,Manitoba,2/19/22,7,2022,1,128486,2642,9117.51,1649,30,117.01,187.48,2.13,5854,64,415.41,4.54,377.43,26.78,4.29,0.3
35,Ontario,Ontario,2/19/22,7,2022,1,1105523,13515,7316.78,12394,175,82.03,89.45,1.16,31272,403,206.97,2.67,1930.71,12.78,25,0.17
24,Quebec,Québec,2/19/22,7,2022,1,910976,11742,10476.22,13450,156,154.67,135.03,1.79,28641,387,329.37,4.45,1677.43,19.29,22.29,0.26
10,Newfoundland and Labrador,Terre-Neuve-et-Labrador,2/19/22,7,2022,1,21613,1659,4109.15,62,7,11.79,315.42,1.33,3149,15,598.7,2.85,237,45.06,1.06,0.2
13,New Brunswick,Nouveau-Brunswick,2/19/22,7,2022,1,34222,1612,4214.22,298,12,36.7,198.51,1.48,3620,40,445.78,4.93,230.29,28.36,1.71,0.21
12,Nova Scotia,Nouvelle-Écosse,2/19/22,7,2022,1,43833,1603,4298.51,185,13,18.14,157.2,1.27,3840,28,376.57,2.75,229,22.46,1.84,0.18
11,Prince Edward Island,Île-du-Prince-Édouard,2/19/22,7,2022,1,11484,1379,6728.07,15,1,8.79,807.91,0.59,2642,2,1547.85,1.17,196.94,115.38,0.14,0.08
60,Yukon,Yukon,2/19/22,7,2022,1,3369,55,7693.71,20,0,45.67,125.6,0,167,1,381.37,2.28,7.81,17.83,0,0
61,Northwest Territories,Territoires du Nord-Ouest,2/19/22,7,2022,1,8124,683,17813.84,18,1,39.47,1497.64,2.19,1558,2,3416.29,4.39,97.63,214.08,0.1,0.22
62,Nunavut,Nunavut,2/19/22,7,2022,1,2414,259,5956.67,5,0,12.34,639.1,0,485,0,1196.76,0,36.98,91.25,0,0
99,Repatriated travellers,Voyageurs rapatriés,2/19/22,7,2022,,13,0,,0,0,,,,0,0,,,0,,0,
1,Canada,Canada,2/19/22,7,2022,,3261681,46591,8378.34,35829,545,92.03,119.68,1.4,112957,1310,290.15,3.37,6655.86,17.1,77.86,0.2
59,British Columbia,Colombie-Britannique,2/26/22,8,2022,1,347729,3467,6537.09,2851,65,53.6,65.18,1.22,7993,104,150.26,1.96,495.29,9.31,9.29,0.17
48,Alberta,Alberta,2/26/22,8,2022,1,524329,4129,11541.19,3916,62,86.2,90.88,1.36,9639,136,212.17,2.99,589.86,12.98,8.86,0.19
47,Saskatchewan,Saskatchewan,2/26/22,8,2022,1,128263,1101,10735.08,1137,44,95.16,92.15,3.68,2507,81,209.83,6.78,157.29,13.16,6.29,0.53
46,Manitoba,Manitoba,2/26/22,8,2022,1,130277,1791,9244.6,1675,26,118.86,127.09,1.84,4433,56,314.57,3.97,255.86,18.16,3.71,0.26
35,Ontario,Ontario,2/26/22,8,2022,1,1117883,12360,7398.59,12519,125,82.86,81.8,0.83,25875,300,171.25,1.99,1765.71,11.69,17.86,0.12
24,Quebec,Québec,2/26/22,8,2022,1,920173,9197,10581.98,13556,106,155.89,105.77,1.22,20939,262,240.8,3.01,1313.86,15.11,15.14,0.17
10,Newfoundland and Labrador,Terre-Neuve-et-Labrador,2/26/22,8,2022,1,23443,1830,4457.08,65,3,12.36,347.93,0.57,3489,10,663.34,1.9,261.43,49.7,0.45,0.09
13,New Brunswick,Nouveau-Brunswick,2/26/22,8,2022,1,36417,2195,4484.52,301,3,37.07,270.3,0.37,3807,15,468.81,1.85,313.57,38.61,0.43,0.05
12,Nova Scotia,Nouvelle-Écosse,2/26/22,8,2022,1,45351,1518,4447.38,192,7,18.83,148.86,0.69,3121,20,306.06,1.96,216.84,21.26,1,0.1
11,Prince Edward Island,Île-du-Prince-Édouard,2/26/22,8,2022,1,13361,1878,7827.73,16,1,9.37,1100.25,0.59,3257,2,1908.16,1.17,268.22,157.14,0.14,0.08
60,Yukon,Yukon,2/26/22,8,2022,1,3438,69,7851.29,21,1,47.96,157.57,2.28,124,1,283.18,2.28,9.9,22.62,0.14,0.33
61,Northwest Territories,Territoires du Nord-Ouest,2/26/22,8,2022,1,8656,532,18980.37,19,1,41.66,1166.54,2.19,1215,2,2664.18,4.39,75.98,166.6,0.14,0.31
62,Nunavut,Nunavut,2/26/22,8,2022,1,2690,277,6637.71,5,0,12.34,683.51,0,536,0,1322.61,0,39.51,97.49,0,0
99,Repatriated travellers,Voyageurs rapatriés,2/26/22,8,2022,,13,0,,0,0,,,,0,0,,,0,,0,
1,Canada,Canada,2/26/22,8,2022,,3302023,40344,8481.97,36273,444,93.18,103.63,1.14,86935,989,223.31,2.54,5763.43,14.8,63.43,0.16
59,British Columbia,Colombie-Britannique,3/5/22,9,2022,1,350329,2600,6585.97,2903,52,54.57,48.88,0.98,6067,117,114.06,2.2,371.43,6.98,7.43,0.14
48,Alberta,Alberta,3/5/22,9,2022,1,527723,3394,11615.89,3970,54,87.39,74.71,1.19,7523,116,165.59,2.55,484.86,10.67,7.71,0.17
47,Saskatchewan,Saskatchewan,3/5/22,9,2022,1,129251,988,10817.77,1151,14,96.33,82.69,1.17,2089,58,174.84,4.85,141.14,11.81,2,0.17
46,Manitoba,Manitoba,3/5/22,9,2022,1,131526,1249,9333.23,1690,15,119.92,88.63,1.06,3040,41,215.72,2.91,178.43,12.66,2.14,0.15
35,Ontario,Ontario,3/5/22,9,2022,1,1129245,11362,7473.78,12611,92,83.46,75.2,0.61,23722,217,157,1.44,1623.14,10.74,13.14,0.09
24,Quebec,Québec,3/5/22,9,2022,1,927785,7612,10669.52,13669,113,157.19,87.54,1.3,16809,219,193.3,2.52,1087.43,12.51,16.14,0.19
10,Newfoundland and Labrador,Terre-Neuve-et-Labrador,3/5/22,9,2022,1,26197,2754,4980.68,69,4,13.12,523.6,0.76,4584,7,871.53,1.33,393.43,74.8,0.53,0.1
13,New Brunswick,Nouveau-Brunswick,3/5/22,9,2022,1,38937,2520,4794.84,309,8,38.05,310.32,0.99,4715,11,580.62,1.35,360,44.33,1.14,0.14
12,Nova Scotia,Nouvelle-Écosse,3/5/22,9,2022,1,46719,1369,4581.53,207,16,20.3,134.25,1.57,2887,23,283.12,2.26,195.51,19.17,2.24,0.22
11,Prince Edward Island,Île-du-Prince-Édouard,3/5/22,9,2022,1,16604,3243,9727.69,16,0,9.37,1899.96,0,5121,1,3000.21,0.59,463.22,271.39,0.06,0.04
60,Yukon,Yukon,3/5/22,9,2022,1,3495,57,7981.46,22,1,50.24,130.17,2.28,126,2,287.74,4.57,8.1,18.49,0.14,0.33
61,Northwest Territories,Territoires du Nord-Ouest,3/5/22,9,2022,1,9107,451,19969.3,19,0,41.66,988.93,0,983,1,2155.47,2.19,64.49,141.41,0.04,0.09
62,Nunavut,Nunavut,3/5/22,9,2022,1,3017,327,7444.6,5,0,12.34,806.89,0,604,0,1490.4,0,46.65,115.12,0,0
99,Repatriated travellers,Voyageurs rapatriés,3/5/22,9,2022,,13,0,,0,0,,,,0,0,,,0,,0,
1,Canada,Canada,3/5/22,9,2022,,3339948,37926,8579.39,36641,369,94.12,97.42,0.95,78270,813,201.05,2.09,5418,13.92,52.71,0.14
59,British Columbia,Colombie-Britannique,3/12/22,10,2022,1,352319,1990,6623.38,2932,29,55.12,37.41,0.55,4590,81,86.29,1.52,284.29,5.34,4.14,0.08
48,Alberta,Alberta,3/12/22,10,2022,1,530967,3244,11687.3,4006,36,88.18,71.4,0.79,6638,90,146.11,1.98,463.43,10.2,5.14,0.11
47,Saskatchewan,Saskatchewan,3/12/22,10,2022,1,130082,831,10887.32,1179,28,98.68,69.55,2.34,1819,42,152.24,3.52,118.71,9.94,4,0.33
46,Manitoba,Manitoba,3/12/22,10,2022,1,132681,1155,9415.19,1710,20,121.34,81.96,1.42,2404,35,170.59,2.48,165,11.71,2.86,0.2
35,Ontario,Ontario,3/12/22,10,2022,1,1140607,11362,7548.98,12674,63,83.88,75.2,0.42,22724,155,150.4,1.03,1623.14,10.74,9,0.06
24,Quebec,Québec,3/12/22,10,2022,1,935273,7488,10755.63,13757,88,158.21,86.11,1.01,15100,201,173.65,2.31,1069.71,12.3,12.57,0.14
10,Newfoundland and Labrador,Terre-Neuve-et-Labrador,3/12/22,10,2022,1,30100,3903,5722.74,76,8,14.45,742.05,1.52,6657,12,1265.66,2.28,557.57,106.01,1.1,0.21
13,New Brunswick,Nouveau-Brunswick,3/12/22,10,2022,1,42320,3383,5211.43,320,11,39.41,416.59,1.35,5903,19,726.92,2.34,483.29,59.51,1.57,0.19
12,Nova Scotia,Nouvelle-Écosse,3/12/22,10,2022,1,48076,1357,4714.6,217,9,21.28,133.08,0.88,2726,25,267.33,2.45,193.84,19.01,1.33,0.13
11,Prince Edward Island,Île-du-Prince-Édouard,3/12/22,10,2022,1,19603,3000,11484.7,16,0,9.37,1757.59,0,6243,0,3657.55,0,428.51,251.05,0,0
60,Yukon,Yukon,3/12/22,10,2022,1,3562,67,8134.46,23,1,52.52,153.01,2.28,124,2,283.18,4.57,9.57,21.86,0.14,0.33
61,Northwest Territories,Territoires du Nord-Ouest,3/12/22,10,2022,1,9487,380,20802.54,20,1,43.85,833.24,2.19,831,1,1822.17,2.19,54.35,119.17,0.1,0.22
62,Nunavut,Nunavut,3/12/22,10,2022,1,3262,245,8049.15,5,0,12.34,604.55,0,572,0,1411.44,0,35,86.36,0,0
99,Repatriated travellers,Voyageurs rapatriés,3/12/22,10,2022,,13,0,,0,0,,,,0,0,,,0,,0,
1,Canada,Canada,3/12/22,10,2022,,3378352,38405,8678.04,36935,294,94.88,98.65,0.76,76331,663,196.07,1.7,5486.43,14.09,42,0.11
59,British Columbia,Colombie-Britannique,3/19/22,11,2022,1,353778,1459,6650.81,2966,34,55.76,27.43,0.64,3449,63,64.84,1.18,208.43,3.92,4.86,0.09
48,Alberta,Alberta,3/19/22,11,2022,1,534675,3708,11768.92,4036,30,88.84,81.62,0.66,6952,66,153.02,1.45,529.71,11.66,4.29,0.09
47,Saskatchewan,Saskatchewan,3/19/22,11,2022,1,130977,895,10962.23,1211,32,101.36,74.91,2.68,1726,60,144.46,5.02,127.86,10.7,4.57,0.38
46,Manitoba,Manitoba,3/19/22,11,2022,1,133928,1247,9503.68,1726,16,122.48,88.49,1.14,2402,36,170.45,2.55,178.14,12.64,2.29,0.16
35,Ontario,Ontario,3/19/22,11,2022,1,1151936,11329,7623.96,12738,64,84.31,74.98,0.42,22691,127,150.18,0.84,1618.43,10.71,9.14,0.06
24,Quebec,Québec,3/19/22,11,2022,1,943731,8458,10852.9,13832,75,159.07,97.27,0.86,15946,163,183.38,1.87,1208.29,13.9,10.71,0.12
10,Newfoundland and Labrador,Terre-Neuve-et-Labrador,3/19/22,11,2022,1,33834,3734,6432.66,86,10,16.35,709.92,1.9,7637,18,1451.98,3.42,533.43,101.42,1.43,0.27
13,New Brunswick,Nouveau-Brunswick,3/19/22,11,2022,1,45101,2781,5553.89,336,16,41.38,342.46,1.97,6164,27,759.06,3.32,397.29,48.92,2.29,0.28
12,Nova Scotia,Nouvelle-Écosse,3/19/22,11,2022,1,50534,2458,4955.65,228,11,22.36,241.05,1.08,3815,20,374.12,1.96,351.1,34.43,1.63,0.16
11,Prince Edward Island,Île-du-Prince-Édouard,3/19/22,11,2022,1,22151,2548,12977.48,16,0,9.37,1492.78,0,5548,0,3250.37,0,364,213.25,0,0
60,Yukon,Yukon,3/19/22,11,2022,1,3640,78,8312.59,23,0,52.52,178.13,0,145,1,331.13,2.28,11.19,25.56,0,0
61,Northwest Territories,Territoires du Nord-Ouest,3/19/22,11,2022,1,9841,354,21578.77,21,1,46.05,776.23,2.19,734,2,1609.47,4.39,50.57,110.89,0.14,0.31
62,Nunavut,Nunavut,3/19/22,11,2022,1,3370,108,8315.65,5,0,12.34,266.5,0,353,0,871.05,0,15.49,38.22,0,0
99,Repatriated travellers,Voyageurs rapatriés,3/19/22,11,2022,,13,0,,0,0,,,,0,0,,,0,,0,
1,Canada,Canada,3/19/22,11,2022,,3417509,39157,8778.62,37224,289,95.62,100.58,0.74,77562,583,199.24,1.5,5593.86,14.37,41.29,0.11
59,British Columbia,Colombie-Britannique,3/26/22,12,2022,1,355299,1521,6679.4,2983,17,56.08,28.59,0.32,2980,51,56.02,0.96,217.29,4.08,2.43,0.05
48,Alberta,Alberta,3/26/22,12,2022,1,539053,4378,11865.28,4066,30,89.5,96.37,0.66,8086,60,177.98,1.32,625.43,13.77,4.29,0.09
47,Saskatchewan,Saskatchewan,3/26/22,12,2022,1,132172,1195,11062.24,1232,21,103.11,100.02,1.76,2090,53,174.92,4.44,170.71,14.29,3,0.25
46,Manitoba,Manitoba,3/26/22,12,2022,1,135214,1286,9594.93,1744,18,123.76,91.26,1.28,2533,34,179.74,2.41,183.71,13.04,2.57,0.18
35,Ontario,Ontario,3/26/22,12,2022,1,1166299,14363,7719.02,12795,57,84.68,95.06,0.38,25692,121,170.04,0.8,2051.86,13.58,8.14,0.05
24,Quebec,Québec,3/26/22,12,2022,1,957151,13420,11007.23,13902,70,159.87,154.33,0.8,21878,145,251.6,1.67,1917.14,22.05,10,0.11
10,Newfoundland and Labrador,Terre-Neuve-et-Labrador,3/26/22,12,2022,1,36624,2790,6963.11,100,13,19.01,530.45,2.47,6524,23,1240.37,4.37,398.57,75.78,1.92,0.36
13,New Brunswick,Nouveau-Brunswick,3/26/22,12,2022,1,48197,3096,5935.15,349,13,42.98,381.25,1.6,5877,29,723.71,3.57,442.29,54.46,1.86,0.23
12,Nova Scotia,Nouvelle-Écosse,3/26/22,12,2022,1,53825,3292,5278.38,241,13,23.63,322.83,1.27,5750,24,563.88,2.35,470.22,46.11,1.9,0.19
11,Prince Edward Island,Île-du-Prince-Édouard,3/26/22,12,2022,1,24747,2596,14498.38,17,1,9.96,1520.9,0.59,5144,1,3013.69,0.59,370.84,217.26,0.16,0.1
60,Yukon,Yukon,3/26/22,12,2022,1,3737,97,8534.11,24,1,54.81,221.52,2.28,175,1,399.64,2.28,13.86,31.65,0.14,0.33
61,Northwest Territories,Territoires du Nord-Ouest,3/26/22,12,2022,1,10374,533,22747.51,21,0,46.05,1168.73,0,887,1,1944.96,2.19,76.1,166.87,0.04,0.09
62,Nunavut,Nunavut,3/26/22,12,2022,1,3441,71,8490.85,6,1,14.81,175.2,2.47,179,1,441.69,2.47,10.1,24.93,0.08,0.2
99,Repatriated travellers,Voyageurs rapatriés,3/26/22,12,2022,,13,0,,0,0,,,,0,0,,,0,,0,
1,Canada,Canada,3/26/22,12,2022,,3466146,48638,8903.56,37480,255,96.28,124.94,0.66,87795,544,225.52,1.4,6948.29,17.85,36.43,0.09
59,British Columbia,Colombie-Britannique,4/2/22,13,2022,1,357242,1943,6715.93,3004,21,56.47,36.53,0.39,3464,38,65.12,0.71,277.57,5.22,3,0.06
48,Alberta,Alberta,4/2/22,13,2022,1,544254,5201,11979.76,4098,32,90.2,114.48,0.7,9579,62,210.85,1.36,743,16.35,4.57,0.1
47,Saskatchewan,Saskatchewan,4/2/22,13,2022,1,133204,1032,11148.62,1255,23,105.04,86.37,1.93,2227,44,186.39,3.68,147.43,12.34,3.29,0.28
46,Manitoba,Manitoba,4/2/22,13,2022,1,136573,1359,9691.37,1751,7,124.25,96.44,0.5,2645,25,187.69,1.77,194.14,13.78,1,0.07
35,Ontario,Ontario,4/2/22,13,2022,1,1184369,18070,7838.62,12856,61,85.09,119.59,0.4,32433,118,214.65,0.78,2581.43,17.08,8.71,0.06
24,Quebec,Québec,4/2/22,13,2022,1,977010,19859,11235.61,13977,75,160.74,228.38,0.86,33279,145,382.71,1.67,2837,32.63,10.71,0.12
10,Newfoundland and Labrador,Terre-Neuve-et-Labrador,4/2/22,13,2022,1,39312,2688,7474.16,115,15,21.86,511.05,2.85,5478,28,1041.5,5.32,384,73.01,2.2,0.42
13,New Brunswick,Nouveau-Brunswick,4/2/22,13,2022,1,51854,3657,6385.48,358,9,44.09,450.34,1.11,6753,22,831.59,2.71,522.43,64.33,1.29,0.16
12,Nova Scotia,Nouvelle-Écosse,4/2/22,13,2022,1,58398,4572,5726.84,252,11,24.71,448.36,1.08,7864,24,771.19,2.35,653.18,64.05,1.55,0.15
11,Prince Edward Island,Île-du-Prince-Édouard,4/2/22,13,2022,1,27271,2524,15977.1,19,1,11.13,1478.72,0.59,5120,2,2999.63,1.17,360.53,211.22,0.2,0.12
60,Yukon,Yukon,4/2/22,13,2022,1,3855,117,8803.58,24,0,54.81,267.19,0,214,1,488.71,2.28,16.76,38.28,0,0
61,Northwest Territories,Territoires du Nord-Ouest,4/2/22,13,2022,1,10873,499,23841.68,21,0,46.05,1094.18,0,1032,0,2262.91,0,71.33,156.4,0,0
62,Nunavut,Nunavut,4/2/22,13,2022,1,3506,65,8651.24,7,1,17.27,160.39,2.47,136,2,335.59,4.94,9.22,22.76,0.14,0.35
99,Repatriated travellers,Voyageurs rapatriés,4/2/22,13,2022,,13,0,,0,0,,,,0,0,,,0,,0,
1,Canada,Canada,4/2/22,13,2022,,3527734,61586,9061.76,37737,256,96.94,158.2,0.66,110224,511,283.13,1.31,8798,22.6,36.57,0.09
59,British Columbia,Colombie-Britannique,4/9/22,14,2022,1,359002,1760,6749.02,3036,32,57.07,33.09,0.6,3703,53,69.61,1,251.43,4.73,4.57,0.09
48,Alberta,Alberta,4/9/22,14,2022,1,550313,6059,12113.13,4137,39,91.06,133.37,0.86,11260,71,247.85,1.56,865.57,19.05,5.57,0.12
47,Saskatchewan,Saskatchewan,4/9/22,14,2022,1,134252,1048,11236.33,1275,20,106.71,87.71,1.67,2080,43,174.09,3.6,149.71,12.53,2.86,0.24
46,Manitoba,Manitoba,4/9/22,14,2022,1,138271,1698,9811.86,1759,8,124.82,120.49,0.57,3057,15,216.93,1.06,242.57,17.21,1.14,0.08
35,Ontario,Ontario,4/9/22,14,2022,1,1206931,22562,7987.94,12922,66,85.52,149.32,0.44,40632,127,268.92,0.84,3223.14,21.33,9.43,0.06
24,Quebec,Québec,4/9/22,14,2022,1,999275,22265,11491.65,14106,129,162.22,256.05,1.48,42124,204,484.43,2.35,3180.71,36.58,18.43,0.21
10,Newfoundland and Labrador,Terre-Neuve-et-Labrador,4/9/22,14,2022,1,41255,1943,7843.57,128,13,24.34,369.41,2.47,4631,28,880.47,5.32,277.57,52.77,1.9,0.36
13,New Brunswick,Nouveau-Brunswick,4/9/22,14,2022,1,55812,3958,6872.88,368,10,45.32,487.4,1.23,7615,19,937.74,2.34,565.43,69.63,1.43,0.18
12,Nova Scotia,Nouvelle-Écosse,4/9/22,14,2022,1,69899,11501,6854.69,271,19,26.58,1127.85,1.86,16073,30,1576.21,2.94,1643.06,161.13,2.65,0.26
11,Prince Edward Island,Île-du-Prince-Édouard,4/9/22,14,2022,1,29649,2378,17370.29,20,2,11.72,1393.19,1.17,4902,3,2871.91,1.76,339.67,199,0.22,0.13
60,Yukon,Yukon,4/9/22,14,2022,1,3953,98,9027.38,24,0,54.81,223.8,0,215,0,490.99,0,14.05,32.08,0,0
61,Northwest Territories,Territoires du Nord-Ouest,4/9/22,14,2022,1,11098,225,24335.05,21,0,46.05,493.37,0,724,0,1587.55,0,32.12,70.44,0,0
62,Nunavut,Nunavut,4/9/22,14,2022,1,3531,,8712.93,7,,17.27,,,,,,,,,,
99,Repatriated travellers,Voyageurs rapatriés,4/9/22,14,2022,,13,0,,0,0,,,,0,0,,,0,,0,
1,Canada,Canada,4/9/22,14,2022,,3603254,75495,9255.75,38074,338,97.8,193.93,0.87,137081,594,352.12,1.53,10785,27.7,48.29,0.12
59,British Columbia,Colombie-Britannique,4/16/22,15,2022,1,361034,2032,6787.22,3077,41,57.85,38.2,0.77,3792,73,71.29,1.37,290.29,5.46,5.86,0.11
48,Alberta,Alberta,4/16/22,15,2022,1,556387,6074,12246.83,4186,49,92.14,133.7,1.08,12133,88,267.06,1.94,867.71,19.1,7,0.15
47,Saskatchewan,Saskatchewan,4/16/22,15,2022,1,135099,847,11307.22,1295,20,108.39,70.89,1.67,1895,40,158.6,3.35,121,10.13,2.86,0.24
46,Manitoba,Manitoba,4/16/22,15,2022,1,139465,1194,9896.59,1774,15,125.88,84.73,1.06,2892,23,205.22,1.63,170.57,12.1,2.14,0.15
35,Ontario,Ontario,4/16/22,15,2022,1,1230037,23106,8140.86,13035,113,86.27,152.92,0.75,45668,179,302.25,1.18,3300.86,21.85,16.14,0.11
24,Quebec,Québec,4/16/22,15,2022,1,1018811,19536,11716.32,14268,162,164.08,224.66,1.86,41801,291,480.71,3.35,2790.86,32.09,23.14,0.27
10,Newfoundland and Labrador,Terre-Neuve-et-Labrador,4/16/22,15,2022,1,42576,1321,8094.73,143,15,27.19,251.15,2.85,3264,28,620.57,5.32,188.71,35.88,2.14,0.41
13,New Brunswick,Nouveau-Brunswick,4/16/22,15,2022,1,58768,2956,7236.89,378,10,46.55,364.01,1.23,6914,20,851.41,2.46,422.29,52,1.43,0.18
12,Nova Scotia,Nouvelle-Écosse,4/16/22,15,2022,1,79289,9390,7775.53,286,16,28.05,920.84,1.57,20891,35,2048.69,3.43,1341.39,131.54,2.22,0.22
11,Prince Edward Island,Île-du-Prince-Édouard,4/16/22,15,2022,1,31706,2057,18575.41,22,2,12.89,1205.12,1.17,4435,4,2598.31,2.34,293.86,172.16,0.29,0.17
60,Yukon,Yukon,4/16/22,15,2022,1,4015,62,9168.97,24,0,54.81,141.59,0,160,0,365.39,0,8.86,20.23,0,0
61,Northwest Territories,Territoires du Nord-Ouest,4/16/22,15,2022,1,11136,38,24418.38,21,0,46.05,83.32,0,263,0,576.69,0,5.39,11.81,0,0
62,Nunavut,Nunavut,4/16/22,15,2022,0,3531,,8712.93,7,,17.27,,,,,,,,,,
99,Repatriated travellers,Voyageurs rapatriés,4/16/22,15,2022,,13,0,,0,0,,,,0,0,,,0,,0,
1,Canada,Canada,4/16/22,15,2022,,3671867,68613,9432,38516,443,98.94,176.25,1.14,144108,781,370.17,2.01,9801.86,25.18,63.29,0.16
59,British Columbia,Colombie-Britannique,4/23/22,16,2022,1,363302,2268,6829.85,3147,70,59.16,42.64,1.32,4300,111,80.84,2.09,324,6.09,10,0.19
48,Alberta,Alberta,4/23/22,16,2022,1,563032,6645,12393.09,4248,62,93.5,146.27,1.36,12719,111,279.96,2.44,949.29,20.9,8.86,0.19
47,Saskatchewan,Saskatchewan,4/23/22,16,2022,1,135926,827,11376.44,1310,15,109.64,69.22,1.26,1674,35,140.11,2.93,118.14,9.89,2.14,0.18
46,Manitoba,Manitoba,4/23/22,16,2022,1,140931,1466,10000.62,1792,18,127.16,104.03,1.28,2660,33,188.76,2.34,209.43,14.86,2.57,0.18
35,Ontario,Ontario,4/23/22,16,2022,1,1251990,21953,8286.16,13144,109,86.99,145.29,0.72,45059,222,298.22,1.47,3136.14,20.76,15.57,0.1
24,Quebec,Québec,4/23/22,16,2022,1,1034269,15458,11894.08,14438,170,166.04,177.77,1.95,34994,332,402.43,3.82,2208.29,25.4,24.29,0.28
10,Newfoundland and Labrador,Terre-Neuve-et-Labrador,4/23/22,16,2022,1,43538,962,8277.63,156,13,29.66,182.9,2.47,2283,28,434.05,5.32,137.43,26.13,1.84,0.35
13,New Brunswick,Nouveau-Brunswick,4/23/22,16,2022,1,60756,1988,7481.7,384,6,47.29,244.81,0.74,4944,16,608.82,1.97,284,34.97,0.86,0.11
12,Nova Scotia,Nouvelle-Écosse,4/23/22,16,2022,1,85123,5834,8347.64,307,21,30.11,572.12,2.06,15224,37,1492.95,3.63,833.49,81.74,2.98,0.29
11,Prince Edward Island,Île-du-Prince-Édouard,4/23/22,16,2022,1,33525,1819,19641.1,24,2,14.06,1065.69,1.17,3876,4,2270.81,2.34,259.92,152.28,0.29,0.17
60,Yukon,Yukon,4/23/22,16,2022,1,4125,110,9420.17,24,0,54.81,251.2,0,172,0,392.79,0,15.67,35.78,0,0
61,Northwest Territories,Territoires du Nord-Ouest,4/23/22,16,2022,1,11243,107,24653,22,1,48.24,234.62,2.19,145,1,317.95,2.19,15.31,33.56,0.1,0.22
62,Nunavut,Nunavut,4/23/22,16,2022,0,3531,,8712.93,7,,17.27,,,,,,,,,,
99,Repatriated travellers,Voyageurs rapatriés,4/23/22,16,2022,,13,0,,0,0,,,,0,0,,,0,,0,
1,Canada,Canada,4/23/22,16,2022,,3731304,59437,9584.67,39003,487,100.19,152.68,1.25,128050,930,328.92,2.39,8491,21.81,69.57,0.18
59,British Columbia,Colombie-Britannique,4/30/22,17,2022,1,365577,2275,6872.62,3226,79,60.65,42.77,1.49,4543,149,85.41,2.8,325,6.11,11.29,0.21
48,Alberta,Alberta,4/30/22,17,2022,1,568829,5797,12520.69,4311,63,94.89,127.6,1.39,12442,125,273.87,2.75,828.14,18.23,9,0.2
47,Saskatchewan,Saskatchewan,4/30/22,17,2022,1,136667,741,11438.45,1324,14,110.81,62.02,1.17,1568,29,131.24,2.43,105.86,8.86,2,0.17
46,Manitoba,Manitoba,4/30/22,17,2022,1,141973,1042,10074.56,1819,27,129.08,73.94,1.92,2508,45,177.97,3.19,148.86,10.56,3.86,0.27
35,Ontario,Ontario,4/30/22,17,2022,1,1269166,17176,8399.83,13256,112,87.73,113.68,0.74,39129,221,258.97,1.46,2453.71,16.24,16,0.11
24,Quebec,Québec,4/30/22,17,2022,1,1045746,11477,12026.07,14605,167,167.96,131.99,1.92,26935,337,309.75,3.88,1639.57,18.86,23.86,0.27
10,Newfoundland and Labrador,Terre-Neuve-et-Labrador,4/30/22,17,2022,1,44251,713,8413.19,165,8,31.37,135.56,1.52,1675,21,318.46,3.99,101.86,19.37,1.18,0.23
13,New Brunswick,Nouveau-Brunswick,4/30/22,17,2022,1,62148,1392,7653.12,399,15,49.13,171.42,1.85,3380,21,416.22,2.59,198.86,24.49,2.14,0.26
12,Nova Scotia,Nouvelle-Écosse,4/30/22,17,2022,1,89225,4101,8749.91,330,23,32.36,402.17,2.26,9935,44,974.28,4.31,585.92,57.46,3.22,0.32
11,Prince Edward Island,Île-du-Prince-Édouard,4/30/22,17,2022,1,34935,1409,20467.17,26,1,15.23,825.48,0.59,3228,3,1891.17,1.76,201.35,117.96,0.2,0.12
60,Yukon,Yukon,4/30/22,17,2022,1,4203,78,9598.3,25,1,57.09,178.13,2.28,188,1,429.33,2.28,11.19,25.56,0.14,0.33
61,Northwest Territories,Territoires du Nord-Ouest,4/30/22,17,2022,1,11348,105,24883.24,22,0,48.24,230.24,0,212,1,464.86,2.19,15,32.89,0.04,0.09
62,Nunavut,Nunavut,4/30/22,17,2022,0,3531,,8712.93,7,,17.27,,,,,,,,,,
99,Repatriated travellers,Voyageurs rapatriés,4/30/22,17,2022,,13,0,,0,0,,,,0,0,,,0,,0,
1,Canada,Canada,4/30/22,17,2022,,3777612,46306,9703.63,39515,510,101.5,118.95,1.31,105743,997,271.62,2.56,6615.14,16.99,72.86,0.19
59,British Columbia,Colombie-Britannique,5/7/22,18,2022,1,367559,1982,6909.88,3307,81,62.17,37.26,1.52,4257,160,80.03,3.01,283.14,5.32,11.57,0.22
48,Alberta,Alberta,5/7/22,18,2022,1,573694,4865,12627.78,4373,62,96.26,107.09,1.36,10662,125,234.68,2.75,695,15.3,8.86,0.19
47,Saskatchewan,Saskatchewan,5/7/22,18,2022,1,137376,709,11497.8,1343,19,112.4,59.34,1.59,1450,33,121.36,2.76,101.29,8.48,2.71,0.23
46,Manitoba,Manitoba,5/7/22,18,2022,1,142875,902,10138.57,1847,28,131.07,64.01,1.99,1944,55,137.95,3.9,128.86,9.14,4,0.28
35,Ontario,Ontario,5/7/22,18,2022,1,1283281,14115,8493.25,13395,139,88.65,93.42,0.92,31291,251,207.1,1.66,2016.43,13.35,19.86,0.13
24,Quebec,Québec,5/7/22,18,2022,1,1054157,8411,12122.8,14722,117,169.3,96.73,1.35,19888,284,228.71,3.27,1201.57,13.82,16.71,0.19
10,Newfoundland and Labrador,Terre-Neuve-et-Labrador,5/7/22,18,2022,1,44788,537,8515.28,171,7,32.51,102.1,1.33,1250,15,237.66,2.85,76.71,14.59,0.98,0.19
13,New Brunswick,Nouveau-Brunswick,5/7/22,18,2022,1,63486,1338,7817.89,406,7,50,164.77,0.86,2730,22,336.18,2.71,191.14,23.54,1,0.12
12,Nova Scotia,Nouvelle-Écosse,5/7/22,18,2022,1,92781,3556,9098.63,349,19,34.22,348.72,1.86,7657,42,750.89,4.12,508,49.82,2.73,0.27
11,Prince Edward Island,Île-du-Prince-Édouard,5/7/22,18,2022,1,35947,1012,21060.06,29,4,16.99,592.89,2.34,2421,5,1418.38,2.93,144.59,84.71,0.55,0.32
60,Yukon,Yukon,5/7/22,18,2022,1,4271,68,9753.59,25,0,57.09,155.29,0,146,1,333.42,2.28,9.76,22.29,0,0
61,Northwest Territories,Territoires du Nord-Ouest,5/7/22,18,2022,1,11411,63,25021.38,22,0,48.24,138.14,0,168,0,368.38,0,8.96,19.65,0,0
62,Nunavut,Nunavut,5/7/22,18,2022,0,3531,,8712.93,7,,17.27,,,,,,,,,,
99,Repatriated travellers,Voyageurs rapatriés,5/7/22,18,2022,,13,0,,0,0,,,,0,0,,,0,,0,
1,Canada,Canada,5/7/22,18,2022,,3815170,37558,9800.1,39996,483,102.74,96.48,1.24,83864,993,215.42,2.55,5365.43,13.78,69,0.18
59,British Columbia,Colombie-Britannique,5/14/22,19,2022,1,369202,1643,6940.77,3398,91,63.88,30.89,1.71,3625,172,68.15,3.23,234.71,4.41,13,0.24
48,Alberta,Alberta,5/14/22,19,2022,1,577412,3718,12709.62,4432,59,97.55,81.84,1.3,8583,121,188.92,2.66,531.14,11.69,8.43,0.19
47,Saskatchewan,Saskatchewan,5/14/22,19,2022,1,137840,464,11536.63,1364,21,114.16,38.83,1.76,1173,40,98.18,3.35,66.29,5.55,3,0.25
46,Manitoba,Manitoba,5/14/22,19,2022,1,143603,728,10190.23,1913,66,135.75,51.66,4.68,1630,94,115.67,6.67,104,7.38,9.43,0.67
35,Ontario,Ontario,5/14/22,19,2022,1,1294614,11333,8568.26,13493,98,89.3,75.01,0.65,25448,237,168.42,1.57,1619,10.72,14,0.09
24,Quebec,Québec,5/14/22,19,2022,1,1060154,5997,12191.76,14834,112,170.59,68.97,1.29,14408,229,165.69,2.63,856.71,9.85,16,0.18
10,Newfoundland and Labrador,Terre-Neuve-et-Labrador,5/14/22,19,2022,1,45196,408,8592.85,176,5,33.46,77.57,0.95,945,12,179.67,2.28,58.29,11.08,0.71,0.14
13,New Brunswick,Nouveau-Brunswick,5/14/22,19,2022,1,64490,1004,7941.52,411,5,50.61,123.64,0.62,2342,12,288.4,1.48,143.43,17.66,0.71,0.09
12,Nova Scotia,Nouvelle-Écosse,5/14/22,19,2022,1,95802,3021,9394.89,371,22,36.38,296.26,2.16,6577,41,644.98,4.02,431.55,42.32,3.18,0.31
11,Prince Edward Island,Île-du-Prince-Édouard,5/14/22,19,2022,1,36785,838,21551.02,33,3,19.33,490.95,1.76,1850,7,1083.85,4.1,119.69,70.12,0.45,0.26
60,Yukon,Yukon,5/14/22,19,2022,1,4321,50,9867.78,25,0,57.09,114.18,0,118,0,269.47,0,7.14,16.31,0,0
61,Northwest Territories,Territoires du Nord-Ouest,5/14/22,19,2022,1,11426,15,25054.27,22,0,48.24,32.89,0,78,0,171.03,0,2.16,4.74,0,0
62,Nunavut,Nunavut,5/14/22,19,2022,0,3531,,8712.93,7,,17.27,,,,,,,,,,
99,Repatriated travellers,Voyageurs rapatriés,5/14/22,19,2022,,13,0,,0,0,,,,0,0,,,0,,0,
1,Canada,Canada,5/14/22,19,2022,,3844389,29219,9875.16,40479,482,103.98,75.06,1.24,66777,965,171.53,2.48,4174.14,10.72,68.86,0.18
59,British Columbia,Colombie-Britannique,5/21/22,20,2022,1,370559,1357,6966.28,3469,71,65.22,25.51,1.33,3000,162,56.4,3.05,193.86,3.64,10.14,0.19
48,Alberta,Alberta,5/21/22,20,2022,1,580399,2987,12775.36,4485,53,98.72,65.75,1.17,6705,112,147.59,2.47,426.71,9.39,7.57,0.17
47,Saskatchewan,Saskatchewan,5/21/22,20,2022,1,138193,353,11566.17,1376,12,115.17,29.54,1,817,33,68.38,2.76,50.43,4.22,1.71,0.14
46,Manitoba,Manitoba,5/21/22,20,2022,1,144140,537,10228.33,1928,15,136.81,38.11,1.06,1265,81,89.77,5.75,76.71,5.44,2.14,0.15
35,Ontario,Ontario,5/21/22,20,2022,1,1303135,8521,8624.65,13566,73,89.79,56.4,0.48,19854,171,131.4,1.13,1217.29,8.06,10.43,0.07
24,Quebec,Québec,5/21/22,20,2022,1,1064264,4110,12239.03,14890,56,171.23,47.26,0.64,10107,168,116.23,1.93,587.14,6.75,8,0.09
10,Newfoundland and Labrador,Terre-Neuve-et-Labrador,5/21/22,20,2022,1,45573,377,8664.53,179,3,34.03,71.68,0.57,785,8,149.25,1.52,53.86,10.24,0.39,0.07
13,New Brunswick,Nouveau-Brunswick,5/21/22,20,2022,1,65258,768,8036.1,416,5,51.23,94.57,0.62,1772,10,218.21,1.23,109.71,13.51,0.71,0.09
12,Nova Scotia,Nouvelle-Écosse,5/21/22,20,2022,1,97938,2136,9604.35,387,16,37.95,209.47,1.57,5157,38,505.72,3.73,305.14,29.92,2.31,0.23
11,Prince Edward Island,Île-du-Prince-Édouard,5/21/22,20,2022,1,37383,599,21901.36,33,0,19.33,350.93,0,1437,3,841.89,1.76,85.55,50.12,0.06,0.04
60,Yukon,Yukon,5/21/22,20,2022,1,4349,28,9931.72,25,0,57.09,63.94,0,78,0,178.13,0,3.95,9.03,0,0
61,Northwest Territories,Territoires du Nord-Ouest,5/21/22,20,2022,1,11433,7,25069.62,22,0,48.24,15.35,0,22,0,48.24,0,1.02,2.24,0,0
62,Nunavut,Nunavut,5/21/22,20,2022,0,3531,,8712.93,7,,17.27,,,,,,,,,,
99,Repatriated travellers,Voyageurs rapatriés,5/21/22,20,2022,,13,0,,0,0,,,,0,0,,,0,,0,
1,Canada,Canada,5/21/22,20,2022,,3866168,21780,9931.1,40783,304,104.76,55.95,0.78,50999,786,131,2.02,3111.43,7.99,43.43,0.11
59,British Columbia,Colombie-Britannique,5/28/22,21,2022,1,371720,1161,6988.11,3547,78,66.68,21.83,1.47,2518,149,47.34,2.8,165.86,3.12,11.14,0.21
48,Alberta,Alberta,5/28/22,21,2022,1,582755,2356,12827.22,4522,37,99.54,51.86,0.81,5343,90,117.61,1.98,336.57,7.41,5.29,0.12
47,Saskatchewan,Saskatchewan,5/28/22,21,2022,1,138558,365,11596.72,1386,10,116,30.55,0.84,718,22,60.09,1.84,52.14,4.36,1.43,0.12
46,Manitoba,Manitoba,5/28/22,21,2022,1,144556,416,10257.85,1980,52,140.5,29.52,3.69,953,67,67.63,4.75,59.43,4.22,7.43,0.53
35,Ontario,Ontario,5/28/22,21,2022,1,1309194,6059,8664.76,13625,59,90.18,40.1,0.39,14580,132,96.5,0.87,865.57,5.73,8.43,0.06
24,Quebec,Québec,5/28/22,21,2022,1,1068184,3920,12284.11,14939,49,171.8,45.08,0.56,8030,105,92.34,1.21,560,6.44,7,0.08
10,Newfoundland and Labrador,Terre-Neuve-et-Labrador,5/28/22,21,2022,1,45964,391,8738.87,183,4,34.79,74.34,0.76,768,7,146.02,1.33,55.86,10.62,0.53,0.1
13,New Brunswick,Nouveau-Brunswick,5/28/22,21,2022,1,65812,554,8104.32,419,3,51.6,68.22,0.37,1322,8,162.8,0.99,79.14,9.75,0.43,0.05
12,Nova Scotia,Nouvelle-Écosse,5/28/22,21,2022,1,99688,1751,9775.97,397,10,38.93,171.71,0.98,3887,26,381.18,2.55,250.1,24.53,1.45,0.14
11,Prince Edward Island,Île-du-Prince-Édouard,5/28/22,21,2022,1,37850,467,22174.96,33,0,19.33,273.6,0,1066,0,624.53,0,66.65,39.05,0,0
60,Yukon,Yukon,5/28/22,21,2022,1,4381,32,10004.8,26,1,59.38,73.08,2.28,60,1,137.02,2.28,4.52,10.33,0.14,0.33
61,Northwest Territories,Territoires du Nord-Ouest,5/28/22,21,2022,1,11466,33,25141.98,22,0,48.24,72.36,0,40,0,87.71,0,4.69,10.29,0,0
62,Nunavut,Nunavut,5/28/22,21,2022,0,3531,,8712.93,7,,17.27,,,,,,,,,,
99,Repatriated travellers,Voyageurs rapatriés,5/28/22,21,2022,,13,0,,0,0,,,,0,0,,,0,,0,
1,Canada,Canada,5/28/22,21,2022,,3883672,17505,9976.06,41086,303,105.54,44.97,0.78,39285,607,100.91,1.56,2500.71,6.42,43.29,0.11
59,British Columbia,Colombie-Britannique,6/4/22,22,2022,1,372611,891,7004.86,3614,67,67.94,16.75,1.26,2052,145,38.58,2.73,127.29,2.39,9.57,0.18
48,Alberta,Alberta,6/4/22,22,2022,1,584668,1913,12869.33,4559,37,100.35,42.11,0.81,4269,74,93.97,1.63,273.29,6.02,5.29,0.12
47,Saskatchewan,Saskatchewan,6/4/22,22,2022,1,138830,272,11619.49,1396,10,116.84,22.77,0.84,637,20,53.31,1.67,38.86,3.25,1.43,0.12
46,Manitoba,Manitoba,6/4/22,22,2022,1,144895,339,10281.91,2004,24,142.21,24.06,1.7,755,76,53.58,5.39,48.43,3.44,3.43,0.24
35,Ontario,Ontario,6/4/22,22,2022,1,1314537,5343,8700.12,13678,53,90.53,35.36,0.35,11402,112,75.46,0.74,763.29,5.05,7.57,0.05
24,Quebec,Québec,6/4/22,22,2022,1,1072372,4188,12332.27,14975,36,172.21,48.16,0.41,8108,85,93.24,0.98,598.29,6.88,5.14,0.06
10,Newfoundland and Labrador,Terre-Neuve-et-Labrador,6/4/22,22,2022,1,46424,460,8826.33,185,2,35.17,87.46,0.38,851,6,161.8,1.14,65.71,12.49,0.35,0.07
13,New Brunswick,Nouveau-Brunswick,6/4/22,22,2022,1,66345,533,8169.95,421,2,51.84,65.64,0.25,1087,5,133.86,0.62,76.14,9.38,0.29,0.04
12,Nova Scotia,Nouvelle-Écosse,6/4/22,22,2022,1,101330,1642,9936.99,415,18,40.7,161.02,1.77,3393,28,332.74,2.75,234.57,23,2.51,0.25
11,Prince Edward Island,Île-du-Prince-Édouard,6/4/22,22,2022,1,38415,565,22505.98,34,1,19.92,331.01,0.59,1032,1,604.61,0.59,80.73,47.3,0.16,0.1
60,Yukon,Yukon,6/4/22,22,2022,1,4399,18,10045.9,26,0,59.38,41.11,0,50,1,114.18,2.28,2.62,5.98,0,0
61,Northwest Territories,Territoires du Nord-Ouest,6/4/22,22,2022,1,11495,29,25205.57,22,0,48.24,63.59,0,62,0,135.95,0,4.16,9.13,0,0
62,Nunavut,Nunavut,6/4/22,22,2022,0,3531,,8712.93,7,,17.27,,,,,,,,,,
99,Repatriated travellers,Voyageurs rapatriés,6/4/22,22,2022,,13,0,,0,0,,,,0,0,,,0,,0,
1,Canada,Canada,6/4/22,22,2022,,3899865,16193,10017.66,41336,250,106.18,41.6,0.64,33698,553,86.56,1.42,2313.29,5.94,35.71,0.09
59,British Columbia,Colombie-Britannique,6/11/22,23,2022,1,373336,725,7018.49,3682,68,69.22,13.63,1.28,1616,135,30.38,2.54,103.57,1.95,9.71,0.18
48,Alberta,Alberta,6/11/22,23,2022,1,586211,1543,12903.29,4576,17,100.72,33.96,0.37,3456,54,76.07,1.19,220.43,4.85,2.43,0.05
47,Saskatchewan,Saskatchewan,6/11/22,23,2022,1,139224,394,11652.46,1412,16,118.18,32.98,1.34,666,26,55.74,2.18,56.29,4.71,2.29,0.19
46,Manitoba,Manitoba,6/11/22,23,2022,1,145123,228,10298.09,2015,11,142.99,16.18,0.78,567,35,40.23,2.48,32.57,2.31,1.57,0.11
35,Ontario,Ontario,6/11/22,23,2022,1,1319596,5059,8733.6,13718,40,90.79,33.48,0.26,10402,93,68.84,0.62,722.71,4.78,5.71,0.04
24,Quebec,Québec,6/11/22,23,2022,1,1077078,4706,12386.39,15005,30,172.56,54.12,0.34,8894,66,102.28,0.76,672.29,7.73,4.29,0.05
10,Newfoundland and Labrador,Terre-Neuve-et-Labrador,6/11/22,23,2022,1,46891,467,8915.11,188,3,35.74,88.79,0.57,927,5,176.25,0.95,66.71,12.68,0.43,0.08
13,New Brunswick,Nouveau-Brunswick,6/11/22,23,2022,1,66816,471,8227.95,422,1,51.97,58,0.12,1004,3,123.64,0.37,67.29,8.29,0.14,0.02
12,Nova Scotia,Nouvelle-Écosse,6/11/22,23,2022,1,103258,1928,10126.06,428,13,41.97,189.07,1.27,3570,31,350.09,3.04,275.45,27.01,1.88,0.18
11,Prince Edward Island,Île-du-Prince-Édouard,6/11/22,23,2022,1,39081,666,22896.16,40,6,23.43,390.19,3.52,1231,7,721.2,4.1,95.1,55.72,0.86,0.5
60,Yukon,Yukon,6/11/22,23,2022,1,4412,13,10075.59,26,0,59.38,29.69,0,31,0,70.79,0,1.81,4.13,0,0
61,Northwest Territories,Territoires du Nord-Ouest,6/11/22,23,2022,1,11508,13,25234.08,22,0,48.24,28.51,0,42,0,92.1,0,1.9,4.16,0,0
62,Nunavut,Nunavut,6/11/22,23,2022,0,3531,,8712.93,7,,17.27,,,,,,,,,,
99,Repatriated travellers,Voyageurs rapatriés,6/11/22,23,2022,,13,0,,0,0,,,,0,0,,,0,,0,
1,Canada,Canada,6/11/22,23,2022,,3916078,16213,10059.31,41541,205,106.71,41.65,0.53,32406,455,83.24,1.17,2316.14,5.95,29.29,0.08
59,British Columbia,Colombie-Britannique,6/18/22,24,2022,1,373974,638,7030.48,3722,40,69.97,11.99,0.75,1363,108,25.62,2.03,91.14,1.71,5.71,0.11
48,Alberta,Alberta,6/18/22,24,2022,1,587394,1183,12929.33,4589,13,101.01,26.04,0.29,2726,30,60,0.66,169,3.72,1.86,0.04
47,Saskatchewan,Saskatchewan,6/18/22,24,2022,1,139453,229,11671.63,1424,12,119.18,19.17,1,623,28,52.14,2.34,32.71,2.74,1.71,0.14
46,Manitoba,Manitoba,6/18/22,24,2022,1,145326,203,10312.49,2025,10,143.7,14.41,0.71,431,21,30.58,1.49,29,2.06,1.43,0.1
35,Ontario,Ontario,6/18/22,24,2022,1,1323982,4386,8762.63,13744,26,90.96,29.03,0.17,9445,66,62.51,0.44,626.57,4.15,3.71,0.02
24,Quebec,Québec,6/18/22,24,2022,1,1082624,5546,12450.17,15030,25,172.84,63.78,0.29,10252,55,117.9,0.63,792.29,9.11,3.57,0.04
10,Newfoundland and Labrador,Terre-Neuve-et-Labrador,6/18/22,24,2022,1,47353,462,9002.95,191,3,36.31,87.84,0.57,929,6,176.63,1.14,66,12.55,0.37,0.07
13,New Brunswick,Nouveau-Brunswick,6/18/22,24,2022,1,67241,425,8280.29,422,0,51.97,52.34,0,896,1,110.34,0.12,60.71,7.48,0,0
12,Nova Scotia,Nouvelle-Écosse,6/18/22,24,2022,1,104971,1713,10294.05,436,8,42.76,167.99,0.78,3641,21,357.06,2.06,244.71,24,1.12,0.11
11,Prince Edward Island,Île-du-Prince-Édouard,6/18/22,24,2022,1,39732,651,23277.56,45,4,26.36,381.4,2.34,1317,10,771.58,5.86,93,54.49,0.63,0.37
60,Yukon,Yukon,6/18/22,24,2022,1,4432,20,10121.26,26,0,59.38,45.67,0,33,0,75.36,0,2.9,6.63,0,0
61,Northwest Territories,Territoires du Nord-Ouest,6/18/22,24,2022,1,11511,,25240.65,22,,48.24,,,,,,,,,,
62,Nunavut,Nunavut,6/18/22,24,2022,0,3531,,8712.93,7,,17.27,,,,,,,,,,
99,Repatriated travellers,Voyageurs rapatriés,6/18/22,24,2022,,13,0,,0,0,,,,0,0,,,0,,0,
1,Canada,Canada,6/18/22,24,2022,,3931537,15456,10099.02,41683,141,107.07,39.7,0.36,31669,346,81.35,0.89,2208,5.67,20.14,0.05
59,British Columbia,Colombie-Britannique,6/25/22,25,2022,1,374594,620,7042.14,3747,25,70.44,11.66,0.47,1258,65,23.65,1.22,88.57,1.67,3.57,0.07
48,Alberta,Alberta,6/25/22,25,2022,1,588311,917,12949.52,4610,21,101.47,20.18,0.46,2100,34,46.22,0.75,131,2.88,3,0.07
47,Saskatchewan,Saskatchewan,6/25/22,25,2022,1,139661,208,11689.04,1427,3,119.43,17.41,0.25,437,15,36.58,1.26,29.71,2.49,0.43,0.04
46,Manitoba,Manitoba,6/25/22,25,2022,1,145498,172,10324.7,2043,18,144.97,12.21,1.28,375,28,26.61,1.99,24.57,1.74,2.57,0.18
35,Ontario,Ontario,6/25/22,25,2022,1,1329416,5434,8798.59,13774,30,91.16,35.96,0.2,9820,56,64.99,0.37,776.29,5.14,4.29,0.03
24,Quebec,Québec,6/25/22,25,2022,1,1089709,7085,12531.64,15063,33,173.22,81.48,0.38,12631,58,145.26,0.67,1012.14,11.64,4.71,0.05
10,Newfoundland and Labrador,Terre-Neuve-et-Labrador,6/25/22,25,2022,1,47773,420,9082.8,193,2,36.69,79.85,0.38,882,5,167.69,0.95,60,11.41,0.29,0.05
13,New Brunswick,Nouveau-Brunswick,6/25/22,25,2022,1,67725,484,8339.89,425,3,52.34,59.6,0.37,909,3,111.94,0.37,69.14,8.51,0.43,0.05
12,Nova Scotia,Nouvelle-Écosse,6/25/22,25,2022,1,106633,1661,10457.03,441,5,43.25,162.89,0.49,3374,13,330.87,1.27,237.33,23.27,0.69,0.07
11,Prince Edward Island,Île-du-Prince-Édouard,6/25/22,25,2022,1,40460,728,23704.07,45,0,26.36,426.51,0,1379,4,807.91,2.34,103.98,60.92,0.06,0.04
60,Yukon,Yukon,6/25/22,25,2022,1,4456,24,10176.07,26,0,59.38,54.81,0,44,0,100.48,0,3.48,7.94,0,0
61,Northwest Territories,Territoires du Nord-Ouest,6/25/22,25,2022,0,11511,,25240.65,22,,48.24,,,,,,,,,,
62,Nunavut,Nunavut,6/25/22,25,2022,0,3531,,8712.93,7,,17.27,,,,,,,,,,
99,Repatriated travellers,Voyageurs rapatriés,6/25/22,25,2022,,13,0,,0,0,,,,0,0,,,0,,0,
1,Canada,Canada,6/25/22,25,2022,,3949291,17753,10144.62,41823,140,107.43,45.6,0.36,33209,281,85.3,0.72,2536.14,6.51,20,0.05
59,British Columbia,Colombie-Britannique,7/2/22,26,2022,1,375357,763,7056.48,3788,41,71.21,14.34,0.77,1383,66,26,1.24,109,2.05,5.86,0.11
48,Alberta,Alberta,7/2/22,26,2022,1,589351,1040,12972.41,4621,11,101.71,22.89,0.24,1957,32,43.08,0.7,148.57,3.27,1.57,0.03
47,Saskatchewan,Saskatchewan,7/2/22,26,2022,1,139871,210,11706.62,1431,4,119.77,17.58,0.33,418,7,34.98,0.59,30,2.51,0.57,0.05
46,Manitoba,Manitoba,7/2/22,26,2022,1,145623,125,10333.57,2047,4,145.26,8.87,0.28,297,22,21.08,1.56,17.86,1.27,0.57,0.04
35,Ontario,Ontario,7/2/22,26,2022,1,1336059,6643,8842.56,13812,38,91.41,43.97,0.25,12077,68,79.93,0.45,949,6.28,5.43,0.04
24,Quebec,Québec,7/2/22,26,2022,1,1099701,9992,12646.55,15110,47,173.76,114.91,0.54,17077,80,196.39,0.92,1427.43,16.42,6.71,0.08
10,Newfoundland and Labrador,Terre-Neuve-et-Labrador,7/2/22,26,2022,1,48179,406,9159.99,194,1,36.88,77.19,0.19,826,3,157.04,0.57,58,11.03,0.16,0.03
13,New Brunswick,Nouveau-Brunswick,7/2/22,26,2022,1,68493,768,8434.46,429,4,52.83,94.57,0.49,1252,7,154.18,0.86,109.71,13.51,0.57,0.07
12,Nova Scotia,Nouvelle-Écosse,7/2/22,26,2022,1,108366,1734,10626.98,448,8,43.93,170.05,0.78,3395,13,332.93,1.27,247.65,24.29,1.08,0.11
11,Prince Edward Island,Île-du-Prince-Édouard,7/2/22,26,2022,1,41417,958,24264.74,45,0,26.36,561.26,0,1686,0,987.77,0,136.82,80.16,0,0
60,Yukon,Yukon,7/2/22,26,2022,1,4482,26,10235.45,26,0,59.38,59.38,0,50,0,114.18,0,3.67,8.37,0,0
61,Northwest Territories,Territoires du Nord-Ouest,7/2/22,26,2022,0,11511,,25240.65,22,,48.24,,,,,,,,,,
62,Nunavut,Nunavut,7/2/22,26,2022,0,3531,,8712.93,7,,17.27,,,,,,,,,,
99,Repatriated travellers,Voyageurs rapatriés,7/2/22,26,2022,,13,0,,0,0,,,,0,0,,,0,,0,
1,Canada,Canada,7/2/22,26,2022,,3971954,22665,10202.84,41980,158,107.83,58.22,0.41,40418,298,103.82,0.77,3237.86,8.32,22.57,0.06
59,British Columbia,Colombie-Britannique,7/9/22,27,2022,1,376329,972,7074.75,3823,35,71.87,18.27,0.66,1735,76,32.62,1.43,138.86,2.61,5,0.09
48,Alberta,Alberta,7/9/22,27,2022,1,590691,1340,13001.91,4639,18,102.11,29.5,0.4,2380,29,52.39,0.64,191.43,4.21,2.57,0.06
47,Saskatchewan,Saskatchewan,7/9/22,27,2022,1,140080,209,11724.11,1434,3,120.02,17.49,0.25,419,7,35.07,0.59,29.86,2.5,0.43,0.04
46,Manitoba,Manitoba,7/9/22,27,2022,1,145853,230,10349.89,2053,6,145.68,16.32,0.43,355,10,25.19,0.71,32.86,2.33,0.86,0.06
35,Ontario,Ontario,7/9/22,27,2022,1,1344883,8824,8900.96,13855,43,91.7,58.4,0.28,15467,81,102.37,0.54,1260.57,8.34,6.14,0.04
24,Quebec,Québec,7/9/22,27,2022,1,1111394,11693,12781.02,15166,56,174.41,134.47,0.64,21685,103,249.38,1.18,1670.43,19.21,8,0.09
10,Newfoundland and Labrador,Terre-Neuve-et-Labrador,7/9/22,27,2022,1,48593,414,9238.7,196,2,37.26,78.71,0.38,820,3,155.9,0.57,59.14,11.24,0.24,0.05
13,New Brunswick,Nouveau-Brunswick,7/9/22,27,2022,1,69537,1044,8563.03,433,4,53.32,128.56,0.49,1812,8,223.14,0.99,149.14,18.37,0.57,0.07
12,Nova Scotia,Nouvelle-Écosse,7/9/22,27,2022,1,109982,1615,10785.46,455,6,44.62,158.38,0.59,3349,14,328.42,1.37,230.78,22.63,0.88,0.09
11,Prince Edward Island,Île-du-Prince-Édouard,7/9/22,27,2022,1,42602,1184,24958.99,46,1,26.95,693.66,0.59,2142,1,1254.92,0.59,169.18,99.12,0.08,0.05
60,Yukon,Yukon,7/9/22,27,2022,1,4510,28,10299.39,26,0,59.38,63.94,0,54,0,123.32,0,3.95,9.03,0,0
61,Northwest Territories,Territoires du Nord-Ouest,7/9/22,27,2022,0,11511,,25240.65,22,,48.24,,,,,,,,,,
62,Nunavut,Nunavut,7/9/22,27,2022,0,3531,,8712.93,7,,17.27,,,,,,,,,,
99,Repatriated travellers,Voyageurs rapatriés,7/9/22,27,2022,,13,0,,0,0,,,,0,0,,,0,,0,
1,Canada,Canada,7/9/22,27,2022,,3999509,27553,10273.62,42155,174,108.28,70.78,0.45,50218,332,129,0.85,3936.14,10.11,24.86,0.06
59,British Columbia,Colombie-Britannique,7/16/22,28,2022,1,377372,1043,7094.36,3855,32,72.47,19.61,0.6,2015,67,37.88,1.26,149,2.8,4.57,0.09
48,Alberta,Alberta,7/16/22,28,2022,1,592197,1506,13035.05,4652,13,102.4,33.15,0.29,2846,31,62.64,0.68,215.14,4.74,1.86,0.04
47,Saskatchewan,Saskatchewan,7/16/22,28,2022,1,140289,209,11741.6,1438,4,120.35,17.49,0.33,418,7,34.98,0.59,29.86,2.5,0.57,0.05
46,Manitoba,Manitoba,7/16/22,28,2022,1,146024,171,10362.02,2056,3,145.9,12.13,0.21,401,9,28.46,0.64,24.43,1.73,0.43,0.03
35,Ontario,Ontario,7/16/22,28,2022,1,1356422,11539,8977.33,13911,56,92.07,76.37,0.37,20363,99,134.77,0.66,1648.43,10.91,8,0.05
24,Quebec,Québec,7/16/22,28,2022,1,1124637,13243,12933.32,15289,123,175.82,152.29,1.41,24936,179,286.76,2.06,1891.86,21.76,17.57,0.2
10,Newfoundland and Labrador,Terre-Neuve-et-Labrador,7/16/22,28,2022,1,48954,361,9307.34,200,4,38.02,68.63,0.76,775,6,147.35,1.14,51.57,9.8,0.57,0.11
13,New Brunswick,Nouveau-Brunswick,7/16/22,28,2022,1,70541,1004,8686.66,438,5,53.94,123.64,0.62,2048,9,252.2,1.11,143.43,17.66,0.71,0.09
12,Nova Scotia,Nouvelle-Écosse,7/16/22,28,2022,1,111769,1787,10960.7,461,6,45.21,175.24,0.59,3402,12,333.62,1.18,255.29,25.03,0.92,0.09
11,Prince Edward Island,Île-du-Prince-Édouard,7/16/22,28,2022,1,44121,1519,25848.92,48,2,28.12,889.93,1.17,2703,3,1583.59,1.76,217.02,127.14,0.31,0.18
60,Yukon,Yukon,7/16/22,28,2022,1,4566,57,10427.28,26,0,59.38,130.17,0,85,0,194.11,0,8.1,18.49,0,0
61,Northwest Territories,Territoires du Nord-Ouest,7/16/22,28,2022,0,11511,,25240.65,22,,48.24,,,,,,,,,,
62,Nunavut,Nunavut,7/16/22,28,2022,0,3531,,8712.93,7,,17.27,,,,,,,,,,
99,Repatriated travellers,Voyageurs rapatriés,7/16/22,28,2022,,13,0,,0,0,,,,0,0,,,0,,0,
1,Canada,Canada,7/16/22,28,2022,,4031947,32439,10356.94,42403,248,108.92,83.33,0.64,59992,422,154.1,1.08,4634.14,11.9,35.43,0.09
59,British Columbia,Colombie-Britannique,7/23/22,29,2022,1,378291,919,7111.64,3908,53,73.47,17.28,1,1962,85,36.88,1.6,131.29,2.47,7.57,0.14
48,Alberta,Alberta,7/23/22,29,2022,1,593988,1791,13074.48,4666,14,102.7,39.42,0.31,3297,27,72.57,0.59,255.86,5.63,2,0.04
47,Saskatchewan,Saskatchewan,7/23/22,29,2022,1,140670,381,11773.49,1448,10,121.19,31.89,0.84,590,14,49.38,1.17,54.43,4.56,1.43,0.12
46,Manitoba,Manitoba,7/23/22,29,2022,1,146266,242,10379.19,2061,5,146.25,17.17,0.35,413,8,29.31,0.57,34.57,2.45,0.71,0.05
35,Ontario,Ontario,7/23/22,29,2022,1,1368682,12260,9058.47,14009,98,92.72,81.14,0.65,23799,154,157.51,1.02,1751.43,11.59,14,0.09
24,Quebec,Québec,7/23/22,29,2022,1,1137507,12870,13081.32,15392,103,177.01,148,1.18,26113,226,300.3,2.6,1838.57,21.14,14.71,0.17
10,Newfoundland and Labrador,Terre-Neuve-et-Labrador,7/23/22,29,2022,1,49412,458,9394.42,203,4,38.6,87.08,0.76,819,8,155.71,1.52,65.43,12.44,0.51,0.1
13,New Brunswick,Nouveau-Brunswick,7/23/22,29,2022,1,71479,938,8802.17,443,5,54.55,115.51,0.62,1942,10,239.14,1.23,134,16.5,0.71,0.09
12,Nova Scotia,Nouvelle-Écosse,7/23/22,29,2022,1,113669,1901,11147.02,467,6,45.8,186.42,0.59,3688,12,361.67,1.18,271.51,26.63,0.8,0.08
11,Prince Edward Island,Île-du-Prince-Édouard,7/23/22,29,2022,1,45645,1524,26741.77,49,1,28.71,892.86,0.59,3043,3,1782.78,1.76,217.76,127.57,0.18,0.11
60,Yukon,Yukon,7/23/22,29,2022,1,4603,36,10511.77,26,0,59.38,82.21,0,93,0,212.38,0,5.19,11.85,0,0
61,Northwest Territories,Territoires du Nord-Ouest,7/23/22,29,2022,0,11511,,25240.65,22,,48.24,,,,,,,,,,
62,Nunavut,Nunavut,7/23/22,29,2022,0,3531,,8712.93,7,,17.27,,,,,,,,,,
99,Repatriated travellers,Voyageurs rapatriés,7/23/22,29,2022,,13,0,,0,0,,,,0,0,,,0,,0,
1,Canada,Canada,7/23/22,29,2022,,4065267,33320,10442.53,42701,299,109.69,85.59,0.77,65759,547,168.92,1.41,4760,12.23,42.71,0.11
59,British Columbia,Colombie-Britannique,7/30/22,30,2022,1,379274,983,7130.12,3940,32,74.07,18.48,0.6,1902,85,35.76,1.6,140.43,2.64,4.57,0.09
48,Alberta,Alberta,7/30/22,30,2022,1,595659,1671,13111.26,4687,21,103.17,36.78,0.46,3462,35,76.2,0.77,238.71,5.25,3,0.07
47,Saskatchewan,Saskatchewan,7/30/22,30,2022,1,141051,381,11805.38,1459,11,122.11,31.89,0.92,762,21,63.78,1.76,54.43,4.56,1.57,0.13
46,Manitoba,Manitoba,7/30/22,30,2022,1,146524,258,10397.5,2067,6,146.68,18.31,0.43,500,11,35.48,0.78,36.86,2.62,0.86,0.06
35,Ontario,Ontario,7/30/22,30,2022,1,1379922,11240,9132.86,14106,97,93.36,74.39,0.64,23500,195,155.53,1.29,1605.71,10.63,13.86,0.09
24,Quebec,Québec,7/30/22,30,2022,1,1147743,10236,13199.03,15483,91,178.05,117.71,1.05,23106,194,265.72,2.23,1462.29,16.82,13,0.15
10,Newfoundland and Labrador,Terre-Neuve-et-Labrador,7/30/22,30,2022,1,49748,336,9458.3,207,3,39.36,63.88,0.57,794,7,150.96,1.33,48,9.13,0.49,0.09
13,New Brunswick,Nouveau-Brunswick,7/30/22,30,2022,1,72226,747,8894.16,447,4,55.05,91.99,0.49,1685,9,207.5,1.11,106.71,13.14,0.57,0.07
12,Nova Scotia,Nouvelle-Écosse,7/30/22,30,2022,1,115417,1748,11318.44,468,1,45.89,171.42,0.1,3649,7,357.84,0.69,249.69,24.49,0.2,0.02
11,Prince Edward Island,Île-du-Prince-Édouard,7/30/22,30,2022,1,46818,1173,27428.99,49,0,28.71,687.22,0,2697,1,1580.08,0.59,167.51,98.14,0,0
60,Yukon,Yukon,7/30/22,30,2022,1,4682,79,10692.18,26,0,59.38,180.41,0,115,0,262.62,0,11.29,25.77,0,0
61,Northwest Territories,Territoires du Nord-Ouest,7/30/22,30,2022,0,11511,,25240.65,22,,48.24,,,,,,,,,,
62,Nunavut,Nunavut,7/30/22,30,2022,0,3531,,8712.93,7,,17.27,,,,,,,,,,
99,Repatriated travellers,Voyageurs rapatriés,7/30/22,30,2022,,13,0,,0,0,,,,0,0,,,0,,0,
1,Canada,Canada,7/30/22,30,2022,,4094119,28852,10516.64,42968,266,110.37,74.11,0.68,62172,565,159.7,1.45,4121.71,10.59,38,0.1
59,British Columbia,Colombie-Britannique,8/6/22,31,2022,1,380174,900,7147.04,3995,55,75.1,16.92,1.03,1883,87,35.4,1.64,128.57,2.42,7.86,0.15
48,Alberta,Alberta,8/6/22,31,2022,1,597367,1708,13148.85,4718,31,103.85,37.6,0.68,3379,52,74.38,1.14,244,5.37,4.43,0.1
47,Saskatchewan,Saskatchewan,8/6/22,31,2022,1,141432,381,11837.27,1469,10,122.95,31.89,0.84,762,21,63.78,1.76,54.43,4.56,1.43,0.12
46,Manitoba,Manitoba,8/6/22,31,2022,1,146874,350,10422.34,2079,12,147.53,24.84,0.85,608,18,43.14,1.28,50,3.55,1.71,0.12
35,Ontario,Ontario,8/6/22,31,2022,1,1390463,10541,9202.63,14224,118,94.14,69.76,0.78,21781,215,144.16,1.42,1505.86,9.97,16.86,0.11
24,Quebec,Québec,8/6/22,31,2022,1,1155812,8069,13291.83,15587,104,179.25,92.79,1.2,18305,195,210.51,2.24,1152.71,13.26,14.86,0.17
10,Newfoundland and Labrador,Terre-Neuve-et-Labrador,8/6/22,31,2022,1,50091,343,9523.51,212,6,40.31,65.21,1.14,679,9,129.09,1.71,49,9.32,0.82,0.16
13,New Brunswick,Nouveau-Brunswick,8/6/22,31,2022,1,72968,742,8985.53,451,4,55.54,91.37,0.49,1489,8,183.36,0.99,106,13.05,0.57,0.07
12,Nova Scotia,Nouvelle-Écosse,8/6/22,31,2022,1,117142,1724,11487.61,472,4,46.29,169.07,0.39,3472,5,340.48,0.49,246.35,24.16,0.51,0.05
11,Prince Edward Island,Île-du-Prince-Édouard,8/6/22,31,2022,1,47694,877,27942.21,51,2,29.88,513.8,1.17,2050,2,1201.02,1.17,125.24,73.38,0.24,0.14
60,Yukon,Yukon,8/6/22,31,2022,1,4738,56,10820.07,29,3,66.23,127.89,6.85,135,3,308.3,6.85,8.05,18.38,0.48,1.09
61,Northwest Territories,Territoires du Nord-Ouest,8/6/22,31,2022,0,11511,,25240.65,22,,48.24,,,,,,,,,,
62,Nunavut,Nunavut,8/6/22,31,2022,0,3531,,8712.93,7,,17.27,,,,,,,,,,
99,Repatriated travellers,Voyageurs rapatriés,8/6/22,31,2022,,13,0,,0,0,,,,0,0,,,0,,0,
1,Canada,Canada,8/6/22,31,2022,,4119810,25691,10582.64,43316,349,111.27,65.99,0.9,54543,615,140.11,1.58,3670.14,9.43,49.86,0.13
59,British Columbia,Colombie-Britannique,8/13/22,32,2022,1,381049,875,7163.49,4037,42,75.89,16.45,0.79,1775,97,33.37,1.82,125,2.35,6,0.11
48,Alberta,Alberta,8/13/22,32,2022,1,599100,1733,13187,4737,19,104.27,38.15,0.42,3441,50,75.74,1.1,247.57,5.45,2.71,0.06
47,Saskatchewan,Saskatchewan,8/13/22,32,2022,1,141815,383,11869.32,1479,10,123.79,32.06,0.84,764,20,63.94,1.67,54.71,4.58,1.43,0.12
46,Manitoba,Manitoba,8/13/22,32,2022,1,147329,455,10454.63,2093,14,148.52,32.29,0.99,805,26,57.12,1.84,65,4.61,2,0.14
35,Ontario,Ontario,8/13/22,32,2022,1,1400429,9966,9268.58,14300,76,94.64,65.96,0.5,20507,194,135.72,1.28,1423.71,9.42,10.86,0.07
24,Quebec,Québec,8/13/22,32,2022,1,1163069,7257,13375.28,15666,79,180.16,83.46,0.91,15326,183,176.25,2.1,1036.71,11.92,11.29,0.13
10,Newfoundland and Labrador,Terre-Neuve-et-Labrador,8/13/22,32,2022,1,50430,339,9587.96,219,6,41.64,64.45,1.14,682,12,129.66,2.28,48.43,9.21,0.9,0.17
13,New Brunswick,Nouveau-Brunswick,8/13/22,32,2022,1,73643,675,9068.65,456,5,56.15,83.12,0.62,1417,9,174.49,1.11,96.43,11.87,0.71,0.09
12,Nova Scotia,Nouvelle-Écosse,8/13/22,32,2022,1,118671,1530,11637.55,481,9,47.17,150.04,0.88,3254,13,319.11,1.27,218.51,21.43,1.33,0.13
11,Prince Edward Island,Île-du-Prince-Édouard,8/13/22,32,2022,1,48353,659,28328.29,52,1,30.46,386.08,0.59,1536,3,899.89,1.76,94.12,55.14,0.18,0.11
60,Yukon,Yukon,8/13/22,32,2022,1,4771,33,10895.43,30,1,68.51,75.36,2.28,89,4,203.25,9.13,4.71,10.77,0.1,0.22
61,Northwest Territories,Territoires du Nord-Ouest,8/13/22,32,2022,0,11511,,25240.65,22,,48.24,,,,,,,,,,
62,Nunavut,Nunavut,8/13/22,32,2022,0,3531,,8712.93,7,,17.27,,,,,,,,,,
99,Repatriated travellers,Voyageurs rapatriés,8/13/22,32,2022,,13,0,,0,0,,,,0,0,,,0,,0,
1,Canada,Canada,8/13/22,32,2022,,4143714,23905,10644.04,43579,262,111.94,61.41,0.67,49596,611,127.4,1.57,3415,8.77,37.43,0.1
59,British Columbia,Colombie-Britannique,8/20/22,33,2022,1,381788,739,7177.38,4097,60,77.02,13.89,1.13,1614,102,30.34,1.92,105.57,1.98,8.57,0.16
48,Alberta,Alberta,8/20/22,33,2022,1,600629,1529,13220.65,4772,35,105.04,33.66,0.77,3262,54,71.8,1.19,218.43,4.81,5,0.11
47,Saskatchewan,Saskatchewan,8/20/22,33,2022,1,142298,483,11909.75,1491,12,124.79,40.43,1,866,22,72.48,1.84,69,5.78,1.71,0.14
46,Manitoba,Manitoba,8/20/22,33,2022,1,147806,477,10488.47,2105,12,149.37,33.85,0.85,932,26,66.14,1.84,68.14,4.84,1.71,0.12
35,Ontario,Ontario,8/20/22,33,2022,1,1410118,9689,9332.71,14390,90,95.24,64.13,0.6,19655,166,130.08,1.1,1384.14,9.16,12.86,0.09
24,Quebec,Québec,8/20/22,33,2022,1,1169943,6874,13454.33,15748,82,181.1,79.05,0.94,14131,161,162.51,1.85,982,11.29,11.71,0.13
10,Newfoundland and Labrador,Terre-Neuve-et-Labrador,8/20/22,33,2022,1,50810,380,9660.21,223,4,42.4,72.25,0.76,719,10,136.7,1.9,54.29,10.32,0.57,0.11
13,New Brunswick,Nouveau-Brunswick,8/20/22,33,2022,1,74440,797,9166.8,462,6,56.89,98.15,0.74,1472,11,181.27,1.35,113.86,14.02,0.86,0.11
12,Nova Scotia,Nouvelle-Écosse,8/20/22,33,2022,1,120055,1384,11773.27,490,9,48.05,135.72,0.88,2914,18,285.76,1.77,197.76,19.39,1.27,0.12
11,Prince Edward Island,Île-du-Prince-Édouard,8/20/22,33,2022,1,49063,709,28744.26,53,1,31.05,415.38,0.59,1368,2,801.46,1.17,101.33,59.36,0.08,0.05
60,Yukon,Yukon,8/20/22,33,2022,1,4798,27,10957.09,30,0,68.51,61.66,0,60,1,137.02,2.28,3.86,8.81,0,0
61,Northwest Territories,Territoires du Nord-Ouest,8/20/22,33,2022,0,11511,,25240.65,22,,48.24,,,,,,,,,,
62,Nunavut,Nunavut,8/20/22,33,2022,0,3531,,8712.93,7,,17.27,,,,,,,,,,
99,Repatriated travellers,Voyageurs rapatriés,8/20/22,33,2022,,13,0,,0,0,,,,0,0,,,0,,0,
1,Canada,Canada,8/20/22,33,2022,,4166803,23088,10703.35,43890,311,112.74,59.31,0.8,46993,573,120.71,1.47,3298.29,8.47,44.43,0.11
59,British Columbia,Colombie-Britannique,8/27/22,34,2022,1,382436,648,7189.56,4145,48,77.92,12.18,0.9,1387,108,26.07,2.03,92.57,1.74,6.86,0.13
48,Alberta,Alberta,8/27/22,34,2022,1,602028,1399,13251.45,4799,27,105.63,30.79,0.59,2928,62,64.45,1.36,199.86,4.4,3.86,0.08
47,Saskatchewan,Saskatchewan,8/27/22,34,2022,1,142781,483,11950.17,1503,12,125.79,40.43,1,966,24,80.85,2.01,69,5.78,1.71,0.14
46,Manitoba,Manitoba,8/27/22,34,2022,1,148428,622,10532.61,2115,10,150.08,44.14,0.71,1099,22,77.99,1.56,88.86,6.31,1.43,0.1
35,Ontario,Ontario,8/27/22,34,2022,1,1419317,9199,9393.59,14496,106,95.94,60.88,0.7,18888,196,125.01,1.3,1314.14,8.7,15.14,0.1
24,Quebec,Québec,8/27/22,34,2022,1,1175569,5626,13519.03,15840,92,182.16,64.7,1.06,12500,174,143.75,2,803.71,9.24,13.14,0.15
10,Newfoundland and Labrador,Terre-Neuve-et-Labrador,8/27/22,34,2022,1,51111,301,9717.44,227,4,43.16,57.23,0.76,681,8,129.47,1.52,43,8.18,0.57,0.11
13,New Brunswick,Nouveau-Brunswick,8/27/22,34,2022,1,75152,712,9254.48,466,4,57.38,87.68,0.49,1509,10,185.82,1.23,101.71,12.53,0.57,0.07
12,Nova Scotia,Nouvelle-Écosse,8/27/22,34,2022,1,121380,1324,11903.21,496,6,48.64,129.84,0.59,2708,15,265.56,1.47,189.18,18.55,0.84,0.08
11,Prince Edward Island,Île-du-Prince-Édouard,8/27/22,34,2022,1,49834,771,29195.96,54,2,31.64,451.7,1.17,1480,3,867.08,1.76,110.18,64.55,0.22,0.13
60,Yukon,Yukon,8/27/22,34,2022,1,4817,19,11000.48,30,0,68.51,43.39,0,46,0,105.05,0,2.76,6.31,0,0
61,Northwest Territories,Territoires du Nord-Ouest,8/27/22,34,2022,0,11511,,25240.65,22,,48.24,,,,,,,,,,
62,Nunavut,Nunavut,8/27/22,34,2022,0,3531,,8712.93,7,,17.27,,,,,,,,,,
99,Repatriated travellers,Voyageurs rapatriés,8/27/22,34,2022,,13,0,,0,0,,,,0,0,,,0,,0,
1,Canada,Canada,8/27/22,34,2022,,4187908,21104,10757.56,44200,311,113.54,54.21,0.8,44192,622,113.52,1.6,3014.86,7.74,44.43,0.11
59,British Columbia,Colombie-Britannique,9/3/22,35,2022,1,383054,618,7201.18,4183,38,78.64,11.62,0.71,1266,86,23.8,1.62,88.29,1.66,5.43,0.1
48,Alberta,Alberta,9/3/22,35,2022,1,603165,1137,13276.48,4836,37,106.45,25.03,0.81,2536,64,55.82,1.41,162.43,3.58,5.29,0.12
47,Saskatchewan,Saskatchewan,9/3/22,35,2022,1,143264,483,11990.6,1515,12,126.8,40.43,1,966,24,80.85,2.01,69,5.78,1.71,0.14
46,Manitoba,Manitoba,9/3/22,35,2022,1,148903,475,10566.32,2118,3,150.3,33.71,0.21,1097,13,77.84,0.92,67.86,4.82,0.43,0.03
35,Ontario,Ontario,9/3/22,35,2022,1,1427570,8253,9448.21,14582,86,96.51,54.62,0.57,17452,192,115.5,1.27,1179,7.8,12.29,0.08
24,Quebec,Québec,9/3/22,35,2022,1,1180606,5037,13576.96,15900,60,182.85,57.93,0.69,10663,152,122.62,1.75,719.57,8.28,8.57,0.1
10,Newfoundland and Labrador,Terre-Neuve-et-Labrador,9/3/22,35,2022,1,51329,218,9758.88,231,4,43.92,41.45,0.76,519,8,98.67,1.52,31.14,5.92,0.63,0.12
13,New Brunswick,Nouveau-Brunswick,9/3/22,35,2022,1,75741,589,9327.01,472,6,58.12,72.53,0.74,1301,10,160.21,1.23,84.14,10.36,0.86,0.11
12,Nova Scotia,Nouvelle-Écosse,9/3/22,35,2022,1,122458,1079,12008.92,504,9,49.43,105.81,0.88,2403,15,235.65,1.47,154.08,15.11,1.22,0.12
11,Prince Edward Island,Île-du-Prince-Édouard,9/3/22,35,2022,1,50404,570,29529.9,56,2,32.81,333.94,1.17,1341,4,785.64,2.34,81.47,47.73,0.29,0.17
60,Yukon,Yukon,9/3/22,35,2022,1,4839,22,11050.72,30,0,68.51,50.24,0,41,0,93.63,0,3.1,7.07,0,0
61,Northwest Territories,Territoires du Nord-Ouest,9/3/22,35,2022,0,11511,,25240.65,22,,48.24,,,,,,,,,,
62,Nunavut,Nunavut,9/3/22,35,2022,0,3531,,8712.93,7,,17.27,,,,,,,,,,
99,Repatriated travellers,Voyageurs rapatriés,9/3/22,35,2022,,13,0,,0,0,,,,0,0,,,0,,0,
1,Canada,Canada,9/3/22,35,2022,,4206388,18481,10805.03,44456,257,114.19,47.47,0.66,39585,568,101.68,1.46,2640.14,6.78,36.71,0.09
59,British Columbia,Colombie-Britannique,9/10/22,36,2022,1,383628,574,7211.97,4216,33,79.26,10.79,0.62,1192,71,22.41,1.33,82,1.54,4.71,0.09
48,Alberta,Alberta,9/10/22,36,2022,1,604210,1045,13299.48,4857,21,106.91,23,0.46,2182,58,48.03,1.28,149.29,3.29,3,0.07
47,Saskatchewan,Saskatchewan,9/10/22,36,2022,1,143747,483,12031.02,1527,12,127.8,40.43,1,966,24,80.85,2.01,69,5.78,1.71,0.14
46,Manitoba,Manitoba,9/10/22,36,2022,1,149245,342,10590.59,2137,19,151.64,24.27,1.35,817,22,57.98,1.56,48.86,3.47,2.71,0.19
35,Ontario,Ontario,9/10/22,36,2022,1,1434645,7075,9495.04,14657,75,97.01,46.83,0.5,15328,161,101.45,1.07,1010.71,6.69,10.71,0.07
24,Quebec,Québec,9/10/22,36,2022,1,1185561,4955,13633.94,15947,47,183.39,56.98,0.54,9992,107,114.91,1.23,707.86,8.14,6.71,0.08
10,Newfoundland and Labrador,Terre-Neuve-et-Labrador,9/10/22,36,2022,1,51446,117,9781.13,235,4,44.68,22.24,0.76,335,8,63.69,1.52,16.71,3.18,0.53,0.1
13,New Brunswick,Nouveau-Brunswick,9/10/22,36,2022,1,76316,575,9397.82,476,4,58.62,70.81,0.49,1164,10,143.34,1.23,82.14,10.12,0.57,0.07
12,Nova Scotia,Nouvelle-Écosse,9/10/22,36,2022,1,123549,1091,12115.91,518,14,50.8,106.99,1.37,2170,23,212.8,2.26,155.86,15.28,1.94,0.19
11,Prince Edward Island,Île-du-Prince-Édouard,9/10/22,36,2022,1,50855,450,29794.13,57,1,33.39,263.64,0.59,1020,3,597.58,1.76,64.35,37.7,0.12,0.07
60,Yukon,Yukon,9/10/22,36,2022,1,4859,20,11096.39,30,0,68.51,45.67,0,42,0,95.91,0,2.81,6.42,0.05,0.11
61,Northwest Territories,Territoires du Nord-Ouest,9/10/22,36,2022,0,11511,,25240.65,22,,48.24,,,,,,,,,,
62,Nunavut,Nunavut,9/10/22,36,2022,0,3531,,8712.93,7,,17.27,,,,,,,,,,
99,Repatriated travellers,Voyageurs rapatriés,9/10/22,36,2022,,13,0,,0,0,,,,0,0,,,0,,0,
1,Canada,Canada,9/10/22,36,2022,,4223116,16727,10848,44686,230,114.79,42.97,0.59,35208,487,90.44,1.25,2389.57,6.14,32.86,0.08
59,British Columbia,Colombie-Britannique,9/17/22,37,2022,1,384266,638,7223.96,4253,37,79.95,11.99,0.7,1212,70,22.78,1.32,91.14,1.71,5.29,0.1
48,Alberta,Alberta,9/17/22,37,2022,1,605457,1247,13326.93,4884,27,107.5,27.45,0.59,2292,48,50.45,1.06,178.14,3.92,3.86,0.08
47,Saskatchewan,Saskatchewan,9/17/22,37,2022,1,144235,488,12071.86,1543,16,129.14,40.84,1.34,971,28,81.27,2.34,69.71,5.83,2.29,0.19
46,Manitoba,Manitoba,9/17/22,37,2022,1,149622,377,10617.34,2143,6,152.07,26.75,0.43,719,25,51.02,1.77,53.86,3.82,0.86,0.06
35,Ontario,Ontario,9/17/22,37,2022,1,1442405,7760,9546.4,14734,77,97.52,51.36,0.51,14835,152,98.18,1.01,1108.57,7.34,11,0.07
24,Quebec,Québec,9/17/22,37,2022,1,1190519,4958,13690.96,15992,45,183.91,57.02,0.52,9913,92,114,1.06,708.29,8.15,6.43,0.07
10,Newfoundland and Labrador,Terre-Neuve-et-Labrador,9/17/22,37,2022,1,51580,134,9806.61,236,2,44.87,25.48,0.38,251,6,47.72,1.14,19.14,3.64,0.22,0.04
13,New Brunswick,Nouveau-Brunswick,9/17/22,37,2022,1,76902,586,9469.98,480,4,59.11,72.16,0.49,1161,8,142.97,0.99,83.71,10.31,0.57,0.07
12,Nova Scotia,Nouvelle-Écosse,9/17/22,37,2022,1,124511,962,12210.25,531,13,52.07,94.34,1.27,2053,27,201.33,2.65,137.37,13.47,1.84,0.18
11,Prince Edward Island,Île-du-Prince-Édouard,9/17/22,37,2022,1,51256,401,30029.06,59,2,34.57,234.93,1.17,851,3,498.57,1.76,57.31,33.57,0.24,0.14
60,Yukon,Yukon,9/17/22,37,2022,1,4867,8,11114.66,31,1,70.79,18.27,2.28,28,1,63.94,2.28,1.19,2.72,0.1,0.22
61,Northwest Territories,Territoires du Nord-Ouest,9/17/22,37,2022,0,11511,,25240.65,22,,48.24,,,,,,,,,,
62,Nunavut,Nunavut,9/17/22,37,2022,0,3531,,8712.93,7,,17.27,,,,,,,,,,
99,Repatriated travellers,Voyageurs rapatriés,9/17/22,37,2022,,13,0,,0,0,,,,0,0,,,0,,0,
1,Canada,Canada,9/17/22,37,2022,,4240675,17559,10893.1,44915,230,115.37,45.1,0.59,34286,460,88.07,1.18,2508.43,6.44,32.86,0.08
59,British Columbia,Colombie-Britannique,9/24/22,38,2022,1,384900,634,7235.88,4283,30,80.52,11.92,0.56,1272,67,23.91,1.26,90.57,1.7,4.29,0.08
48,Alberta,Alberta,9/24/22,38,2022,1,606866,1409,13357.94,4913,29,108.14,31.01,0.64,2656,56,58.46,1.23,201.29,4.43,4.14,0.09
47,Saskatchewan,Saskatchewan,9/24/22,38,2022,1,144704,469,12111.12,1550,7,129.73,39.25,0.59,957,23,80.1,1.93,67,5.61,1,0.08
46,Manitoba,Manitoba,9/24/22,38,2022,1,149908,286,10637.64,2160,17,153.28,20.29,1.21,663,23,47.05,1.63,40.86,2.9,2.43,0.17
35,Ontario,Ontario,9/24/22,38,2022,1,1450630,8225,9600.83,14810,76,98.02,54.44,0.5,15985,153,105.79,1.01,1175,7.78,10.86,0.07
24,Quebec,Québec,9/24/22,38,2022,1,1196086,5567,13754.98,16029,37,184.33,64.02,0.43,10525,82,121.04,0.94,795.29,9.15,5.29,0.06
10,Newfoundland and Labrador,Terre-Neuve-et-Labrador,9/24/22,38,2022,1,51743,163,9837.6,239,2,45.44,30.99,0.38,297,4,56.47,0.76,23.29,4.43,0.33,0.06
13,New Brunswick,Nouveau-Brunswick,9/24/22,38,2022,1,77460,558,9538.69,485,5,59.72,68.71,0.62,1144,9,140.88,1.11,79.71,9.82,0.71,0.09
12,Nova Scotia,Nouvelle-Écosse,9/24/22,38,2022,1,125474,963,12304.69,541,11,53.05,94.44,1.08,1925,24,188.78,2.35,137.57,13.49,1.51,0.15
11,Prince Edward Island,Île-du-Prince-Édouard,9/24/22,38,2022,1,51604,348,30232.94,60,1,35.15,203.88,0.59,749,3,438.81,1.76,49.71,29.13,0.18,0.11
60,Yukon,Yukon,9/24/22,38,2022,1,4891,24,11169.47,31,0,70.79,54.81,0,32,1,73.08,2.28,3.38,7.72,0,0
61,Northwest Territories,Territoires du Nord-Ouest,9/24/22,38,2022,0,11511,,25240.65,22,,48.24,,,,,,,,,,
62,Nunavut,Nunavut,9/24/22,38,2022,0,3531,,8712.93,7,,17.27,,,,,,,,,,
99,Repatriated travellers,Voyageurs rapatriés,9/24/22,38,2022,,13,0,,0,0,,,,0,0,,,0,,0,
1,Canada,Canada,9/24/22,38,2022,,4259321,18646,10941,45130,215,115.93,47.9,0.55,36205,445,93,1.14,2663.71,6.84,30.71,0.08
59,British Columbia,Colombie-Britannique,10/1/22,39,2022,1,385599,699,7249.02,4321,38,81.23,13.14,0.71,1333,68,25.06,1.28,99.86,1.88,5.43,0.1
48,Alberta,Alberta,10/1/22,39,2022,1,608256,1390,13388.53,4944,31,108.82,30.6,0.68,2799,60,61.61,1.32,198.57,4.37,4.43,0.1
47,Saskatchewan,Saskatchewan,10/1/22,39,2022,1,145260,556,12157.65,1565,15,130.98,46.53,1.26,1025,22,85.79,1.84,79.43,6.65,2.14,0.18
46,Manitoba,Manitoba,10/1/22,39,2022,1,150213,305,10659.28,2177,17,154.48,21.64,1.21,591,34,41.94,2.41,43.57,3.09,2.43,0.17
35,Ontario,Ontario,10/1/22,39,2022,1,1458984,8354,9656.12,14883,73,98.5,55.29,0.48,16579,149,109.73,0.99,1193.43,7.9,10.43,0.07
24,Quebec,Québec,10/1/22,39,2022,1,1202150,6064,13824.71,16079,50,184.91,69.74,0.57,11631,87,133.76,1,866.29,9.96,7.14,0.08
10,Newfoundland and Labrador,Terre-Neuve-et-Labrador,10/1/22,39,2022,1,51955,212,9877.9,243,4,46.2,40.31,0.76,375,6,71.3,1.14,30.29,5.76,0.57,0.11
13,New Brunswick,Nouveau-Brunswick,10/1/22,39,2022,1,78056,596,9612.09,490,5,60.34,73.39,0.62,1154,10,142.11,1.23,85.14,10.48,0.71,0.09
12,Nova Scotia,Nouvelle-Écosse,10/1/22,39,2022,1,126598,1125,12414.92,544,3,53.35,110.32,0.29,2088,14,204.76,1.37,160.65,15.75,0.41,0.04
11,Prince Edward Island,Île-du-Prince-Édouard,10/1/22,39,2022,1,51919,316,30417.49,61,1,35.74,185.13,0.59,664,2,389.01,1.17,45.08,26.41,0.16,0.1
60,Yukon,Yukon,10/1/22,39,2022,1,4908,18,11208.29,31,0,70.79,41.11,0,42,0,95.91,0,2.52,5.76,0,0
61,Northwest Territories,Territoires du Nord-Ouest,10/1/22,39,2022,0,11511,,25240.65,22,,48.24,,,,,,,,,,
62,Nunavut,Nunavut,10/1/22,39,2022,0,3531,,8712.93,7,,17.27,,,,,,,,,,
99,Repatriated travellers,Voyageurs rapatriés,10/1/22,39,2022,,13,0,,0,0,,,,0,0,,,0,,0,
1,Canada,Canada,10/1/22,39,2022,,4278953,19635,10991.43,45367,237,116.54,50.44,0.61,38281,452,98.33,1.16,2805,7.21,33.86,0.09
59,British Columbia,Colombie-Britannique,10/8/22,40,2022,1,386293,694,7262.07,4370,49,82.15,13.05,0.92,1393,87,26.19,1.64,99.14,1.86,7,0.13
48,Alberta,Alberta,10/8/22,40,2022,1,609624,1368,13418.65,4978,34,109.57,30.11,0.75,2758,65,60.71,1.43,195.43,4.3,4.86,0.11
47,Saskatchewan,Saskatchewan,10/8/22,40,2022,1,145734,474,12197.32,1586,21,132.74,39.67,1.76,1030,36,86.21,3.01,67.71,5.67,3,0.25
46,Manitoba,Manitoba,10/8/22,40,2022,1,150554,341,10683.48,2190,13,155.4,24.2,0.92,646,30,45.84,2.13,48.71,3.46,1.86,0.13
35,Ontario,Ontario,10/8/22,40,2022,1,1468042,9058,9716.07,14982,99,99.16,59.95,0.66,17412,172,115.24,1.14,1294,8.56,14.14,0.09
24,Quebec,Québec,10/8/22,40,2022,1,1208501,6351,13897.75,16141,62,185.62,73.04,0.71,12415,112,142.77,1.29,907.29,10.43,8.86,0.1
10,Newfoundland and Labrador,Terre-Neuve-et-Labrador,10/8/22,40,2022,1,52111,156,9907.56,246,4,46.77,29.66,0.76,368,8,69.97,1.52,22.29,4.24,0.51,0.1
13,New Brunswick,Nouveau-Brunswick,10/8/22,40,2022,1,78687,631,9689.79,493,3,60.71,77.7,0.37,1227,8,151.1,0.99,90.14,11.1,0.43,0.05
12,Nova Scotia,Nouvelle-Écosse,10/8/22,40,2022,1,127608,1009,12513.96,552,8,54.13,98.95,0.78,2134,11,209.27,1.08,144.2,14.14,1.12,0.11
11,Prince Edward Island,Île-du-Prince-Édouard,10/8/22,40,2022,1,52229,310,30599.1,63,1,36.91,181.62,0.59,626,2,366.75,1.17,44.29,25.95,0.2,0.12
60,Yukon,Yukon,10/8/22,40,2022,1,4923,15,11242.55,31,0,70.79,34.26,0,33,0,75.36,0,2.1,4.78,0,0
61,Northwest Territories,Territoires du Nord-Ouest,10/8/22,40,2022,0,11511,,25240.65,22,,48.24,,,,,,,,,,
62,Nunavut,Nunavut,10/8/22,40,2022,0,3531,,8712.93,7,,17.27,,,,,,,,,,
99,Repatriated travellers,Voyageurs rapatriés,10/8/22,40,2022,,13,0,,0,0,,,,0,0,,,0,,0,
1,Canada,Canada,10/8/22,40,2022,,4299361,20407,11043.85,45661,294,117.29,52.42,0.76,40042,531,102.86,1.36,2915.29,7.49,42,0.11
59,British Columbia,Colombie-Britannique,10/15/22,41,2022,1,386920,627,7273.86,4423,53,83.15,11.79,1,1321,102,24.83,1.92,89.57,1.68,7.57,0.14
48,Alberta,Alberta,10/15/22,41,2022,1,610942,1318,13447.66,5011,33,110.3,29.01,0.73,2686,67,59.12,1.47,188.29,4.14,4.71,0.1
47,Saskatchewan,Saskatchewan,10/15/22,41,2022,1,146222,488,12238.17,1599,13,133.83,40.84,1.09,962,34,80.52,2.85,69.71,5.83,1.86,0.16
46,Manitoba,Manitoba,10/15/22,41,2022,1,150957,403,10712.07,2199,9,156.04,28.6,0.64,744,22,52.8,1.56,57.57,4.09,1.29,0.09
35,Ontario,Ontario,10/15/22,41,2022,1,1477525,9483,9778.84,15102,120,99.95,62.76,0.79,18541,219,122.71,1.45,1354.71,8.97,17.14,0.11
24,Quebec,Québec,10/15/22,41,2022,1,1215108,6607,13973.73,16200,59,186.3,75.98,0.68,12958,121,149.02,1.39,943.86,10.85,8.43,0.1
10,Newfoundland and Labrador,Terre-Neuve-et-Labrador,10/15/22,41,2022,1,52335,224,9950.15,250,4,47.53,42.59,0.76,380,8,72.25,1.52,32,6.08,0.55,0.1
13,New Brunswick,Nouveau-Brunswick,10/15/22,41,2022,1,79434,747,9781.78,576,83,70.93,91.99,10.22,1378,86,169.69,10.59,106.71,13.14,11.86,1.46
12,Nova Scotia,Nouvelle-Écosse,10/15/22,41,2022,1,128714,1106,12622.42,567,15,55.6,108.46,1.47,2115,23,207.41,2.26,158.04,15.5,2.18,0.21
11,Prince Edward Island,Île-du-Prince-Édouard,10/15/22,41,2022,1,52683,453,30865.09,64,1,37.5,265.4,0.59,763,2,447.01,1.17,64.76,37.94,0.14,0.08
60,Yukon,Yukon,10/15/22,41,2022,1,4929,6,11256.25,31,0,70.79,13.7,0,21,0,47.96,0,0.9,2.07,0,0
61,Northwest Territories,Territoires du Nord-Ouest,10/15/22,41,2022,0,11511,,25240.65,22,,48.24,,,,,,,,,,
62,Nunavut,Nunavut,10/15/22,41,2022,0,3531,,8712.93,7,,17.27,,,,,,,,,,
99,Repatriated travellers,Voyageurs rapatriés,10/15/22,41,2022,,13,0,,0,0,,,,0,0,,,0,,0,
1,Canada,Canada,10/15/22,41,2022,,4320824,21462,11098.99,46051,390,118.29,55.13,1,41869,684,107.55,1.76,3066,7.88,55.71,0.14
59,British Columbia,Colombie-Britannique,10/22/22,42,2022,1,387451,531,7283.84,4485,62,84.32,9.98,1.17,1158,115,21.77,2.16,75.86,1.43,8.86,0.17
48,Alberta,Alberta,10/22/22,42,2022,1,612350,1408,13478.65,5050,39,111.16,30.99,0.86,2726,72,60,1.58,201.14,4.43,5.57,0.12
47,Saskatchewan,Saskatchewan,10/22/22,42,2022,1,146888,666,12293.91,1628,29,136.26,55.74,2.43,1154,42,96.58,3.52,95.14,7.96,4.14,0.35
46,Manitoba,Manitoba,10/22/22,42,2022,1,151319,362,10737.76,2211,12,156.89,25.69,0.85,765,21,54.29,1.49,51.71,3.67,1.71,0.12
35,Ontario,Ontario,10/22/22,42,2022,1,1487428,9903,9844.38,15243,141,100.88,65.54,0.93,19386,261,128.3,1.73,1414.71,9.36,20.14,0.13
24,Quebec,Québec,10/22/22,42,2022,1,1221175,6067,14043.5,16275,75,187.16,69.77,0.86,12674,134,145.75,1.54,866.71,9.97,10.71,0.12
10,Newfoundland and Labrador,Terre-Neuve-et-Labrador,10/22/22,42,2022,1,52552,217,9991.41,254,4,48.29,41.26,0.76,441,8,83.84,1.52,31,5.89,0.59,0.11
13,New Brunswick,Nouveau-Brunswick,10/22/22,42,2022,1,80126,692,9866.99,585,9,72.04,85.22,1.11,1439,92,177.2,11.33,98.86,12.17,1.29,0.16
12,Nova Scotia,Nouvelle-Écosse,10/22/22,42,2022,1,129705,991,12719.61,583,16,57.17,97.18,1.57,2097,31,205.64,3.04,141.61,13.89,2.33,0.23
11,Prince Edward Island,Île-du-Prince-Édouard,10/22/22,42,2022,1,53199,516,31167.39,66,2,38.67,302.31,1.17,969,3,567.7,1.76,73.76,43.21,0.31,0.18
60,Yukon,Yukon,10/22/22,42,2022,1,4941,11,11283.66,31,0,70.79,25.12,0,17,0,38.82,0,1.62,3.7,0.05,0.11
61,Northwest Territories,Territoires du Nord-Ouest,10/22/22,42,2022,0,11511,,25240.65,22,,48.24,,,,,,,,,,
62,Nunavut,Nunavut,10/22/22,42,2022,0,3531,,8712.93,7,,17.27,,,,,,,,,,
99,Repatriated travellers,Voyageurs rapatriés,10/22/22,42,2022,,13,0,,0,0,,,,0,0,,,0,,0,
1,Canada,Canada,10/22/22,42,2022,,4342189,21364,11153.87,46440,389,119.29,54.88,1,42826,779,110.01,2,3052,7.84,55.57,0.14
59,British Columbia,Colombie-Britannique,10/29/22,43,2022,1,387936,485,7292.96,4525,40,85.07,9.12,0.75,1016,102,19.1,1.92,69.29,1.3,5.71,0.11
48,Alberta,Alberta,10/29/22,43,2022,1,613692,1342,13508.19,5093,43,112.1,29.54,0.95,2750,82,60.53,1.8,191.71,4.22,6.14,0.14
47,Saskatchewan,Saskatchewan,10/29/22,43,2022,1,147688,800,12360.87,1648,20,137.93,66.96,1.67,1466,49,122.7,4.1,114.29,9.57,2.86,0.24
46,Manitoba,Manitoba,10/29/22,43,2022,1,151730,411,10766.93,2232,21,158.39,29.17,1.49,773,33,54.85,2.34,58.71,4.17,3,0.21
35,Ontario,Ontario,10/29/22,43,2022,1,1497336,9908,9909.95,15392,149,101.87,65.58,0.99,19811,290,131.12,1.92,1415.43,9.37,21.29,0.14
24,Quebec,Québec,10/29/22,43,2022,1,1227155,5980,14112.27,16358,83,188.12,68.77,0.95,12047,158,138.54,1.82,854.29,9.82,11.86,0.14
10,Newfoundland and Labrador,Terre-Neuve-et-Labrador,10/29/22,43,2022,1,52802,250,10038.94,257,3,48.86,47.53,0.57,467,7,88.79,1.33,35.71,6.79,0.37,0.07
13,New Brunswick,Nouveau-Brunswick,10/29/22,43,2022,1,80715,589,9939.52,592,7,72.9,72.53,0.86,1281,16,157.75,1.97,84.14,10.36,1,0.12
12,Nova Scotia,Nouvelle-Écosse,10/29/22,43,2022,1,130534,828,12800.9,598,15,58.64,81.2,1.47,1819,31,178.38,3.04,118.33,11.6,2.08,0.2
11,Prince Edward Island,Île-du-Prince-Édouard,10/29/22,43,2022,1,53561,362,31379.48,69,4,40.42,212.08,2.34,878,6,514.39,3.52,51.67,30.27,0.51,0.3
60,Yukon,Yukon,10/29/22,43,2022,1,4954,13,11313.34,32,1,73.08,29.69,2.28,24,1,54.81,2.28,1.9,4.35,0.1,0.22
61,Northwest Territories,Territoires du Nord-Ouest,10/29/22,43,2022,0,11511,,25240.65,22,,48.24,,,,,,,,,,
62,Nunavut,Nunavut,10/29/22,43,2022,0,3531,,8712.93,7,,17.27,,,,,,,,,,
99,Repatriated travellers,Voyageurs rapatriés,10/29/22,43,2022,,13,0,,0,0,,,,0,0,,,0,,0,
1,Canada,Canada,10/29/22,43,2022,,4363158,20968,11207.73,46825,386,120.28,53.86,0.99,42332,775,108.74,1.99,2995.43,7.69,55.14,0.14
59,British Columbia,Colombie-Britannique,11/5/22,44,2022,1,388497,561,7303.5,4552,27,85.57,10.55,0.51,1046,67,19.66,1.26,80.14,1.51,3.86,0.07
48,Alberta,Alberta,11/5/22,44,2022,1,615087,1395,13538.89,5129,36,112.9,30.71,0.79,2737,79,60.25,1.74,199.29,4.39,5.14,0.11
47,Saskatchewan,Saskatchewan,11/5/22,44,2022,1,148288,600,12411.08,1678,30,140.44,50.22,2.51,1400,50,117.17,4.18,85.71,7.17,4.29,0.36
46,Manitoba,Manitoba,11/5/22,44,2022,1,152072,342,10791.19,2256,24,160.09,24.27,1.7,753,45,53.43,3.19,48.86,3.47,3.43,0.24
35,Ontario,Ontario,11/5/22,44,2022,1,1505444,8108,9963.61,15519,127,102.71,53.66,0.84,18016,276,119.24,1.83,1158.29,7.67,18.14,0.12
24,Quebec,Québec,11/5/22,44,2022,1,1232861,5706,14177.89,16440,82,189.06,65.62,0.94,11686,165,134.39,1.9,815.14,9.37,11.71,0.13
10,Newfoundland and Labrador,Terre-Neuve-et-Labrador,11/5/22,44,2022,1,52973,171,10071.45,262,5,49.81,32.51,0.95,421,8,80.04,1.52,24.43,4.64,0.71,0.14
13,New Brunswick,Nouveau-Brunswick,11/5/22,44,2022,1,81269,554,10007.75,599,7,73.76,68.22,0.86,1143,14,140.75,1.72,79.14,9.75,1,0.12
12,Nova Scotia,Nouvelle-Écosse,11/5/22,44,2022,1,131239,706,12870.04,613,15,60.11,69.23,1.47,1534,30,150.43,2.94,100.8,9.88,2.1,0.21
11,Prince Edward Island,Île-du-Prince-Édouard,11/5/22,44,2022,1,53797,236,31517.74,72,3,42.18,138.26,1.76,598,7,350.35,4.1,33.73,19.76,0.41,0.24
60,Yukon,Yukon,11/5/22,44,2022,1,4974,20,11359.02,32,0,73.08,45.67,0,33,1,75.36,2.28,2.86,6.52,0,0
61,Northwest Territories,Territoires du Nord-Ouest,11/5/22,44,2022,0,11511,,25240.65,22,,48.24,,,,,,,,,,
62,Nunavut,Nunavut,11/5/22,44,2022,0,3531,,8712.93,7,,17.27,,,,,,,,,,
99,Repatriated travellers,Voyageurs rapatriés,11/5/22,44,2022,,13,0,,0,0,,,,0,0,,,0,,0,
1,Canada,Canada,11/5/22,44,2022,,4381556,18399,11254.99,47181,356,121.19,47.26,0.91,39367,742,101.12,1.91,2628.43,6.75,50.86,0.13
59,British Columbia,Colombie-Britannique,11/12/22,45,2022,1,388984,487,7312.66,4607,55,86.61,9.16,1.03,1048,82,19.7,1.54,69.57,1.31,7.86,0.15
48,Alberta,Alberta,11/12/22,45,2022,1,616398,1311,13567.75,5169,40,113.78,28.86,0.88,2706,76,59.56,1.67,187.29,4.12,5.71,0.13
47,Saskatchewan,Saskatchewan,11/12/22,45,2022,1,148736,448,12448.58,1691,13,141.53,37.5,1.09,1048,43,87.71,3.6,64,5.36,1.86,0.16
46,Manitoba,Manitoba,11/12/22,45,2022,1,152345,273,10810.57,2261,5,160.44,19.37,0.35,615,29,43.64,2.06,39,2.77,0.71,0.05
35,Ontario,Ontario,11/12/22,45,2022,1,1511448,6004,10003.35,15621,102,103.39,39.74,0.68,14112,229,93.4,1.52,857.71,5.68,14.57,0.1
24,Quebec,Québec,11/12/22,45,2022,1,1238142,5281,14238.62,16504,64,189.8,60.73,0.74,10987,146,126.35,1.68,754.43,8.68,9.14,0.11
10,Newfoundland and Labrador,Terre-Neuve-et-Labrador,11/12/22,45,2022,1,53150,177,10105.1,268,6,50.95,33.65,1.14,348,11,66.16,2.09,25.29,4.81,0.92,0.17
13,New Brunswick,Nouveau-Brunswick,11/12/22,45,2022,1,81787,518,10071.53,603,4,74.26,63.79,0.49,1072,11,132.01,1.35,74,9.11,0.57,0.07
12,Nova Scotia,Nouvelle-Écosse,11/12/22,45,2022,1,131825,586,12927.5,628,15,61.59,57.47,1.47,1292,30,126.7,2.94,83.71,8.21,2.14,0.21
11,Prince Edward Island,Île-du-Prince-Édouard,11/12/22,45,2022,1,53977,180,31623.2,74,2,43.35,105.46,1.17,416,5,243.72,2.93,25.69,15.05,0.29,0.17
60,Yukon,Yukon,11/12/22,45,2022,1,4989,,11393.27,32,,73.08,,,,,,,,,,
61,Northwest Territories,Territoires du Nord-Ouest,11/12/22,45,2022,0,11511,,25240.65,22,,48.24,,,,,,,,,,
62,Nunavut,Nunavut,11/12/22,45,2022,0,3531,,8712.93,7,,17.27,,,,,,,,,,
99,Repatriated travellers,Voyageurs rapatriés,11/12/22,45,2022,,13,0,,0,0,,,,0,0,,,0,,0,
1,Canada,Canada,11/12/22,45,2022,,4396836,15265,11294.24,47487,306,121.98,39.21,0.79,33664,662,86.47,1.7,2180.71,5.6,43.71,0.11
59,British Columbia,Colombie-Britannique,11/19/22,46,2022,1,389479,495,7321.96,4642,35,87.27,9.31,0.66,982,90,18.46,1.69,70.71,1.33,5,0.09
48,Alberta,Alberta,11/19/22,46,2022,1,617774,1376,13598.04,5225,56,115.01,30.29,1.23,2687,96,59.14,2.11,196.57,4.33,8,0.18
47,Saskatchewan,Saskatchewan,11/19/22,46,2022,1,149189,453,12486.49,1719,28,143.87,37.91,2.34,901,41,75.41,3.43,64.71,5.42,4,0.33
46,Manitoba,Manitoba,11/19/22,46,2022,1,152659,314,10832.85,2277,16,161.58,22.28,1.14,587,21,41.65,1.49,44.86,3.18,2.29,0.16
35,Ontario,Ontario,11/19/22,46,2022,1,1516685,5237,10038.01,15722,101,104.05,34.66,0.67,11241,203,74.4,1.34,748.14,4.95,14.43,0.1
24,Quebec,Québec,11/19/22,46,2022,1,1243466,5324,14299.85,16571,67,190.57,61.23,0.77,10605,131,121.96,1.51,760.57,8.75,9.57,0.11
10,Newfoundland and Labrador,Terre-Neuve-et-Labrador,11/19/22,46,2022,1,53299,149,10133.43,271,3,51.52,28.33,0.57,326,9,61.98,1.71,21.29,4.05,0.43,0.08
13,New Brunswick,Nouveau-Brunswick,11/19/22,46,2022,1,82223,436,10125.22,609,6,74.99,53.69,0.74,954,10,117.48,1.23,62.29,7.67,0.86,0.11
12,Nova Scotia,Nouvelle-Écosse,11/19/22,46,2022,1,132351,526,12979.09,639,11,62.66,51.58,1.08,1112,26,109.05,2.55,75.08,7.36,1.63,0.16
11,Prince Edward Island,Île-du-Prince-Édouard,11/19/22,46,2022,1,54257,280,31787.24,76,2,44.53,164.04,1.17,460,4,269.5,2.34,40.06,23.47,0.27,0.16
60,Yukon,Yukon,11/19/22,46,2022,0,4989,,11393.27,32,,73.08,,,,,,,,,,
61,Northwest Territories,Territoires du Nord-Ouest,11/19/22,46,2022,0,11511,,25240.65,22,,48.24,,,,,,,,,,
62,Nunavut,Nunavut,11/19/22,46,2022,0,3531,,8712.93,7,,17.27,,,,,,,,,,
99,Repatriated travellers,Voyageurs rapatriés,11/19/22,46,2022,,13,0,,0,0,,,,0,0,,,0,,0,
1,Canada,Canada,11/19/22,46,2022,,4411426,14590,11331.72,47812,325,122.82,37.48,0.83,29855,631,76.69,1.62,2084.29,5.35,46.43,0.12
59,British Columbia,Colombie-Britannique,11/26/22,47,2022,1,390087,608,7333.39,4680,38,87.98,11.43,0.71,1103,73,20.74,1.37,86.86,1.63,5.43,0.1
48,Alberta,Alberta,11/26/22,47,2022,1,619138,1364,13628.06,5266,41,115.91,30.02,0.9,2740,97,60.31,2.14,194.86,4.29,5.86,0.13
47,Saskatchewan,Saskatchewan,11/26/22,47,2022,1,149678,489,12527.42,1740,21,145.63,40.93,1.76,942,49,78.84,4.1,69.86,5.85,3,0.25
46,Manitoba,Manitoba,11/26/22,47,2022,1,152940,281,10852.79,2293,16,162.71,19.94,1.14,595,32,42.22,2.27,40.14,2.85,2.29,0.16
35,Ontario,Ontario,11/26/22,47,2022,1,1521296,4611,10068.53,15809,87,104.63,30.52,0.58,9848,188,65.18,1.24,658.71,4.36,12.43,0.08
24,Quebec,Québec,11/26/22,47,2022,1,1249655,6189,14371.02,16655,84,191.53,71.17,0.97,11513,151,132.4,1.74,884.14,10.17,12,0.14
10,Newfoundland and Labrador,Terre-Neuve-et-Labrador,11/26/22,47,2022,1,53465,166,10164.99,275,4,52.28,31.56,0.76,315,7,59.89,1.33,23.71,4.51,0.55,0.1
13,New Brunswick,Nouveau-Brunswick,11/26/22,47,2022,1,82819,596,10198.62,615,6,75.73,73.39,0.74,1032,12,127.08,1.48,85.14,10.48,0.86,0.11
12,Nova Scotia,Nouvelle-Écosse,11/26/22,47,2022,1,132887,536,13031.65,653,14,64.04,52.56,1.37,1062,25,104.15,2.45,76.53,7.51,1.94,0.19
11,Prince Edward Island,Île-du-Prince-Édouard,11/26/22,47,2022,1,54559,302,31964.17,79,3,46.28,176.93,1.76,582,5,340.97,2.93,43.14,25.28,0.43,0.25
60,Yukon,Yukon,11/26/22,47,2022,0,4989,,11393.27,32,,73.08,,,,,,,,,,
61,Northwest Territories,Territoires du Nord-Ouest,11/26/22,47,2022,0,11511,,25240.65,22,,48.24,,,,,,,,,,
62,Nunavut,Nunavut,11/26/22,47,2022,0,3531,,8712.93,7,,17.27,,,,,,,,,,
99,Repatriated travellers,Voyageurs rapatriés,11/26/22,47,2022,,13,0,,0,0,,,,0,0,,,0,,0,
1,Canada,Canada,11/26/22,47,2022,,4426568,15142,11370.61,48126,314,123.62,38.9,0.81,29732,639,76.37,1.64,2163.14,5.56,44.86,0.12
59,British Columbia,Colombie-Britannique,12/3/22,48,2022,1,390626,539,7343.53,4715,35,88.64,10.13,0.66,1147,73,21.56,1.37,77,1.45,5,0.09
48,Alberta,Alberta,12/3/22,48,2022,1,620291,1153,13653.44,5308,42,116.84,25.38,0.92,2517,83,55.4,1.83,164.71,3.63,6,0.13
47,Saskatchewan,Saskatchewan,12/3/22,48,2022,1,150139,461,12566,1763,23,147.56,38.58,1.93,950,44,79.51,3.68,65.86,5.51,3.29,0.28
46,Manitoba,Manitoba,12/3/22,48,2022,1,153194,254,10870.81,2301,8,163.28,18.02,0.57,535,24,37.96,1.7,36.29,2.57,1.14,0.08
35,Ontario,Ontario,12/3/22,48,2022,1,1526202,4906,10101,15886,77,105.14,32.47,0.51,9517,164,62.99,1.09,700.86,4.64,11,0.07
24,Quebec,Québec,12/3/22,48,2022,1,1256947,7292,14454.88,16731,76,192.41,83.86,0.87,13481,160,155.03,1.84,1041.71,11.98,10.86,0.12
10,Newfoundland and Labrador,Terre-Neuve-et-Labrador,12/3/22,48,2022,1,53635,170,10197.31,278,3,52.85,32.32,0.57,336,7,63.88,1.33,24.29,4.62,0.47,0.09
13,New Brunswick,Nouveau-Brunswick,12/3/22,48,2022,1,83425,606,10273.24,621,6,76.47,74.62,0.74,1202,12,148.02,1.48,86.57,10.66,0.86,0.11
12,Nova Scotia,Nouvelle-Écosse,12/3/22,48,2022,1,133406,519,13082.55,666,14,65.31,50.9,1.37,1055,28,103.46,2.75,74.14,7.27,1.94,0.19
11,Prince Edward Island,Île-du-Prince-Édouard,12/3/22,48,2022,1,54870,311,32146.37,81,2,47.46,182.2,1.17,613,5,359.13,2.93,44.43,26.03,0.29,0.17
60,Yukon,Yukon,12/3/22,48,2022,0,4989,,11393.27,32,,73.08,,,,,,,,,,
61,Northwest Territories,Territoires du Nord-Ouest,12/3/22,48,2022,0,11511,,25240.65,22,,48.24,,,,,,,,,,
62,Nunavut,Nunavut,12/3/22,48,2022,0,3531,,8712.93,7,,17.27,,,,,,,,,,
99,Repatriated travellers,Voyageurs rapatriés,12/3/22,48,2022,,13,0,,0,0,,,,0,0,,,0,,0,
1,Canada,Canada,12/3/22,48,2022,,4442779,16211,11412.25,48411,286,124.35,41.64,0.73,31353,600,80.54,1.54,2315.86,5.95,40.86,0.1
59,British Columbia,Colombie-Britannique,12/10/22,49,2022,1,391285,659,7355.92,4760,45,89.49,12.39,0.85,1198,80,22.52,1.5,94.14,1.77,6.43,0.12
48,Alberta,Alberta,12/10/22,49,2022,1,621335,1044,13676.42,5335,27,117.43,22.98,0.59,2197,69,48.36,1.52,149.14,3.28,3.86,0.08
47,Saskatchewan,Saskatchewan,12/10/22,49,2022,1,150566,427,12601.74,1779,16,148.89,35.74,1.34,888,39,74.32,3.26,61,5.11,2.29,0.19
46,Manitoba,Manitoba,12/10/22,49,2022,1,153349,155,10881.81,2305,4,163.57,11,0.28,409,12,29.02,0.85,22.14,1.57,0.57,0.04
35,Ontario,Ontario,12/10/22,49,2022,1,1531452,5250,10135.75,15960,74,105.63,34.75,0.49,10156,151,67.22,1,750,4.96,10.57,0.07
24,Quebec,Québec,12/10/22,49,2022,1,1264323,7376,14539.7,16834,103,193.59,84.82,1.18,14668,179,168.68,2.06,1053.71,12.12,14.71,0.17
10,Newfoundland and Labrador,Terre-Neuve-et-Labrador,12/10/22,49,2022,1,53785,150,10225.83,282,3,53.62,28.52,0.57,320,6,60.84,1.14,21.43,4.07,0.45,0.09
13,New Brunswick,Nouveau-Brunswick,12/10/22,49,2022,1,84244,819,10374.1,628,7,77.33,100.85,0.86,1425,13,175.48,1.6,117,14.41,1,0.12
12,Nova Scotia,Nouvelle-Écosse,12/10/22,49,2022,1,133919,513,13132.85,672,6,65.9,50.31,0.59,1032,20,101.2,1.96,73.33,7.19,0.84,0.08
11,Prince Edward Island,Île-du-Prince-Édouard,12/10/22,49,2022,1,55111,241,32287.57,81,0,47.46,141.19,0,552,2,323.4,1.17,34.43,20.17,0,0
60,Yukon,Yukon,12/10/22,49,2022,0,4989,,11393.27,32,,73.08,,,,,,,,,,
61,Northwest Territories,Territoires du Nord-Ouest,12/10/22,49,2022,0,11511,,25240.65,22,,48.24,,,,,,,,,,
62,Nunavut,Nunavut,12/10/22,49,2022,0,3531,,8712.93,7,,17.27,,,,,,,,,,
99,Repatriated travellers,Voyageurs rapatriés,12/10/22,49,2022,,13,0,,0,0,,,,0,0,,,0,,0,
1,Canada,Canada,12/10/22,49,2022,,4459413,16634,11454.98,48697,285,125.09,42.73,0.73,32845,571,84.37,1.47,2376.29,6.1,40.71,0.1
59,British Columbia,Colombie-Britannique,12/17/22,50,2022,1,391897,612,7367.42,4806,46,90.35,11.51,0.86,1271,91,23.89,1.71,87.43,1.64,6.57,0.12
48,Alberta,Alberta,12/17/22,50,2022,1,622298,963,13697.62,5366,31,118.11,21.2,0.68,2007,58,44.18,1.28,137.57,3.03,4.43,0.1
47,Saskatchewan,Saskatchewan,12/17/22,50,2022,1,150942,376,12633.21,1800,21,150.65,31.47,1.76,803,37,67.21,3.1,53.71,4.5,3,0.25
46,Manitoba,Manitoba,12/17/22,50,2022,1,153507,158,10893.02,2331,26,165.41,11.21,1.84,313,30,22.21,2.13,22.57,1.6,3.71,0.26
35,Ontario,Ontario,12/17/22,50,2022,1,1537450,5998,10175.44,16030,70,106.09,39.7,0.46,11248,144,74.44,0.95,856.86,5.67,10,0.07
24,Quebec,Québec,12/17/22,50,2022,1,1272074,7751,14628.84,16926,92,194.65,89.14,1.06,15127,195,173.96,2.24,1107.29,12.73,13.14,0.15
10,Newfoundland and Labrador,Terre-Neuve-et-Labrador,12/17/22,50,2022,1,53914,129,10250.36,288,6,54.76,24.53,1.14,279,9,53.04,1.71,18.43,3.5,0.86,0.16
13,New Brunswick,Nouveau-Brunswick,12/17/22,50,2022,1,84891,647,10453.77,722,94,88.91,79.67,11.58,1466,101,180.53,12.44,92.43,11.38,13.43,1.65
12,Nova Scotia,Nouvelle-Écosse,12/17/22,50,2022,1,134483,564,13188.16,674,2,66.1,55.31,0.2,1077,8,105.62,0.78,80.61,7.91,0.33,0.03
11,Prince Edward Island,Île-du-Prince-Édouard,12/17/22,50,2022,1,55319,208,32409.43,82,1,48.04,121.86,0.59,449,1,263.05,0.59,29.71,17.41,0.14,0.08
60,Yukon,Yukon,12/17/22,50,2022,0,4989,,11393.27,32,,73.08,,,,,,,,,,
61,Northwest Territories,Territoires du Nord-Ouest,12/17/22,50,2022,0,11511,,25240.65,22,,48.24,,,,,,,,,,
62,Nunavut,Nunavut,12/17/22,50,2022,0,3531,,8712.93,7,,17.27,,,,,,,,,,
99,Repatriated travellers,Voyageurs rapatriés,12/17/22,50,2022,,13,0,,0,0,,,,0,0,,,0,,0,
1,Canada,Canada,12/17/22,50,2022,,4476819,17406,11499.69,49086,389,126.09,44.71,1,34040,674,87.44,1.73,2486.57,6.39,55.57,0.14
59,British Columbia,Colombie-Britannique,12/24/22,51,2022,1,392453,556,7377.87,4883,77,91.8,10.45,1.45,1168,123,21.96,2.31,79.43,1.49,11,0.21
48,Alberta,Alberta,12/24/22,51,2022,1,623121,823,13715.73,5395,29,118.75,18.12,0.64,1786,60,39.31,1.32,117.57,2.59,4.14,0.09
47,Saskatchewan,Saskatchewan,12/24/22,51,2022,1,151268,326,12660.5,1807,7,151.24,27.28,0.59,702,28,58.75,2.34,46.57,3.9,1,0.08
46,Manitoba,Manitoba,12/24/22,51,2022,1,153650,143,10903.17,2369,38,168.11,10.15,2.7,301,64,21.36,4.54,20.43,1.45,5.43,0.39
35,Ontario,Ontario,12/24/22,51,2022,1,1543944,6494,10218.42,16117,87,106.67,42.98,0.58,12492,157,82.68,1.04,927.71,6.14,12.43,0.08
24,Quebec,Québec,12/24/22,51,2022,1,1279190,7116,14710.67,17033,107,195.88,81.83,1.23,14867,199,170.97,2.29,1016.57,11.69,15.29,0.18
10,Newfoundland and Labrador,Terre-Neuve-et-Labrador,12/24/22,51,2022,1,54010,96,10268.61,288,,54.76,18.25,,225,,42.78,,13.71,2.61,,
13,New Brunswick,Nouveau-Brunswick,12/24/22,51,2022,0,84891,,10453.77,722,,88.91,,,,,,,,,,
12,Nova Scotia,Nouvelle-Écosse,12/24/22,51,2022,1,135141,658,13252.69,682,,66.88,64.53,,1222,,119.84,,93.94,9.21,,
11,Prince Edward Island,Île-du-Prince-Édouard,12/24/22,51,2022,1,55517,198,32525.43,82,0,48.04,116,0,406,1,237.86,0.59,28.29,16.57,0,0
60,Yukon,Yukon,12/24/22,51,2022,0,4989,,11393.27,32,,73.08,,,,,,,,,,
61,Northwest Territories,Territoires du Nord-Ouest,12/24/22,51,2022,0,11511,,25240.65,22,,48.24,,,,,,,,,,
62,Nunavut,Nunavut,12/24/22,51,2022,0,3531,,8712.93,7,,17.27,,,,,,,,,,
99,Repatriated travellers,Voyageurs rapatriés,12/24/22,51,2022,,13,0,,0,0,,,,0,0,,,0,,0,
1,Canada,Canada,12/24/22,51,2022,,4493229,16410,11541.85,49439,345,126.99,42.15,0.89,33816,734,86.86,1.89,2344.29,6.02,49.29,0.13
59,British Columbia,Colombie-Britannique,12/31/22,52,2022,1,393145,692,7390.88,4896,13,92.04,13.01,0.24,1248,90,23.46,1.69,98.86,1.86,1.86,0.03
48,Alberta,Alberta,12/31/22,52,2022,1,623991,870,13734.88,5421,26,119.32,19.15,0.57,1693,55,37.27,1.21,124.29,2.74,3.71,0.08
47,Saskatchewan,Saskatchewan,12/31/22,52,2022,1,151570,302,12685.77,1822,15,152.49,25.28,1.26,628,22,52.56,1.84,43.14,3.61,2.14,0.18
46,Manitoba,Manitoba,12/31/22,52,2022,1,153784,134,10912.68,2369,0,168.11,9.51,0,277,38,19.66,2.7,19.14,1.36,0,0
35,Ontario,Ontario,12/31/22,52,2022,1,1550579,6635,10262.34,16189,72,107.15,43.91,0.48,13129,159,86.89,1.05,947.86,6.27,10.29,0.07
24,Quebec,Québec,12/31/22,52,2022,1,1285177,5987,14779.52,17139,106,197.1,68.85,1.22,13103,213,150.68,2.45,855.29,9.84,15.14,0.17
10,Newfoundland and Labrador,Terre-Neuve-et-Labrador,12/31/22,52,2022,1,54113,103,10288.19,295,,56.09,19.58,,199,7,37.83,1.33,14.71,2.8,,
13,New Brunswick,Nouveau-Brunswick,12/31/22,52,2022,1,85897,,10577.65,740,,91.13,,,1006,18,123.88,2.22,,,,
12,Nova Scotia,Nouvelle-Écosse,12/31/22,52,2022,1,135956,815,13332.61,691,,67.76,79.92,,1473,,144.45,,116.41,11.42,,
11,Prince Edward Island,Île-du-Prince-Édouard,12/31/22,52,2022,1,55679,162,32620.34,82,0,48.04,94.91,0,360,0,210.91,0,23.14,13.56,0,0
60,Yukon,Yukon,12/31/22,52,2022,0,4989,,11393.27,32,,73.08,,,,,,,,,,
61,Northwest Territories,Territoires du Nord-Ouest,12/31/22,52,2022,0,11511,,25240.65,22,,48.24,,,,,,,,,,
62,Nunavut,Nunavut,12/31/22,52,2022,0,3531,,8712.93,7,,17.27,,,,,,,,,,
99,Repatriated travellers,Voyageurs rapatriés,12/31/22,52,2022,,13,0,,0,0,,,,0,0,,,0,,0,
1,Canada,Canada,12/31/22,52,2022,,4509935,15700,11584.76,49705,232,127.68,40.33,0.6,33116,602,85.07,1.55,2242.86,5.76,33.14,0.09
59,British Columbia,Colombie-Britannique,1/7/23,1,2023,1,393804,659,7403.27,4961,65,93.26,12.39,1.22,1351,78,25.4,1.47,94.14,1.77,9.29,0.17
48,Alberta,Alberta,1/7/23,1,2023,1,624959,968,13756.19,5444,23,119.83,21.31,0.51,1838,49,40.46,1.08,138.29,3.04,3.29,0.07
47,Saskatchewan,Saskatchewan,1/7/23,1,2023,1,151941,371,12716.82,1833,11,153.41,31.05,0.92,673,26,56.33,2.18,53,4.44,1.57,0.13
46,Manitoba,Manitoba,1/7/23,1,2023,1,153919,135,10922.26,2394,25,169.88,9.58,1.77,269,25,19.09,1.77,19.29,1.37,3.57,0.25
35,Ontario,Ontario,1/7/23,1,2023,1,1557996,7417,10311.42,16287,98,107.79,49.09,0.65,14052,170,93,1.13,1059.57,7.01,14,0.09
24,Quebec,Québec,1/7/23,1,2023,1,1290654,5477,14842.51,17236,97,198.21,62.99,1.12,11464,203,131.84,2.33,782.43,9,13.86,0.16
10,Newfoundland and Labrador,Terre-Neuve-et-Labrador,1/7/23,1,2023,1,54255,142,10315.19,295,,56.09,27,,245,,46.58,,20.29,3.86,,
13,New Brunswick,Nouveau-Brunswick,1/7/23,1,2023,1,86418,521,10641.81,749,9,92.23,64.16,1.11,,,,,74.43,9.17,1.29,0.16
12,Nova Scotia,Nouvelle-Écosse,1/7/23,1,2023,1,136944,989,13429.5,699,,68.55,96.99,,1804,,176.91,,141.27,13.85,,
11,Prince Edward Island,Île-du-Prince-Édouard,1/7/23,1,2023,1,55825,146,32705.87,83,1,48.63,85.54,0.59,308,1,180.45,0.59,20.86,12.22,0.14,0.08
60,Yukon,Yukon,1/7/23,1,2023,0,4989,,11393.27,32,,73.08,,,,,,,,,,
61,Northwest Territories,Territoires du Nord-Ouest,1/7/23,1,2023,0,11511,,25240.65,22,,48.24,,,,,,,,,,
62,Nunavut,Nunavut,1/7/23,1,2023,0,3531,,8712.93,7,,17.27,,,,,,,,,,
99,Repatriated travellers,Voyageurs rapatriés,1/7/23,1,2023,,13,0,,0,0,,,,0,0,,,0,,0,
1,Canada,Canada,1/7/23,1,2023,,4526759,16825,11627.97,50042,329,128.54,43.22,0.85,32525,561,83.55,1.44,2403.57,6.17,47,0.12
59,British Columbia,Colombie-Britannique,1/14/23,2,2023,1,394366,562,7413.84,5007,46,94.13,10.57,0.86,1221,111,22.95,2.09,80.29,1.51,6.57,0.12
48,Alberta,Alberta,1/14/23,2,2023,1,625888,929,13776.64,5475,31,120.51,20.45,0.68,1897,54,41.76,1.19,132.71,2.92,4.43,0.1
47,Saskatchewan,Saskatchewan,1/14/23,2,2023,1,152258,317,12743.36,1845,12,154.42,26.53,1,688,23,57.58,1.93,45.29,3.79,1.71,0.14
46,Manitoba,Manitoba,1/14/23,2,2023,1,154041,122,10930.92,2403,9,170.52,8.66,0.64,257,34,18.24,2.41,17.43,1.24,1.29,0.09
35,Ontario,Ontario,1/14/23,2,2023,1,1563976,5980,10351,16383,96,108.43,39.58,0.64,13397,194,88.67,1.28,854.29,5.65,13.71,0.09
24,Quebec,Québec,1/14/23,2,2023,1,1295048,4394,14893.04,17327,91,199.26,50.53,1.05,9871,188,113.52,2.16,627.71,7.22,13,0.15
10,Newfoundland and Labrador,Terre-Neuve-et-Labrador,1/14/23,2,2023,1,54332,77,10329.83,299,,56.85,14.64,,219,4,41.64,0.76,11,2.09,,
13,New Brunswick,Nouveau-Brunswick,1/14/23,2,2023,1,86851,433,10695.13,762,13,93.84,53.32,1.6,954,22,117.48,2.71,61.86,7.62,1.86,0.23
12,Nova Scotia,Nouvelle-Écosse,1/14/23,2,2023,1,137669,724,13500.6,705,6,69.14,71,0.59,1713,,167.99,,103.49,10.15,0.8,0.08
11,Prince Edward Island,Île-du-Prince-Édouard,1/14/23,2,2023,1,55985,160,32799.61,85,2,49.8,93.74,1.17,306,3,179.27,1.76,22.86,13.39,0.29,0.17
60,Yukon,Yukon,1/14/23,2,2023,0,4989,,11393.27,32,,73.08,,,,,,,,,,
61,Northwest Territories,Territoires du Nord-Ouest,1/14/23,2,2023,0,11511,,25240.65,22,,48.24,,,,,,,,,,
62,Nunavut,Nunavut,1/14/23,2,2023,0,3531,,8712.93,7,,17.27,,,,,,,,,,
99,Repatriated travellers,Voyageurs rapatriés,1/14/23,2,2023,,13,0,,0,0,,,,0,0,,,0,,0,
1,Canada,Canada,1/14/23,2,2023,,4540458,13698,11663.16,50352,306,129.34,35.19,0.79,30523,639,78.41,1.64,1956.86,5.03,43.71,0.11
59,British Columbia,Colombie-Britannique,1/21/23,3,2023,1,394774,408,7421.51,5061,54,95.14,7.67,1.02,970,100,18.24,1.88,58.29,1.1,7.71,0.15
48,Alberta,Alberta,1/21/23,3,2023,1,626555,667,13791.32,5505,30,121.17,14.68,0.66,1596,61,35.13,1.34,95.29,2.1,4.29,0.09
47,Saskatchewan,Saskatchewan,1/21/23,3,2023,1,152531,273,12766.2,1857,12,155.42,22.85,1,590,24,49.38,2.01,39,3.26,1.71,0.14
46,Manitoba,Manitoba,1/21/23,3,2023,1,154100,59,10935.1,2418,15,171.58,4.19,1.06,181,24,12.84,1.7,8.43,0.6,2.14,0.15
35,Ontario,Ontario,1/21/23,3,2023,1,1569190,5214,10385.51,16460,77,108.94,34.51,0.51,11194,173,74.09,1.14,744.86,4.93,11,0.07
24,Quebec,Québec,1/21/23,3,2023,1,1298682,3634,14934.83,17403,76,200.13,41.79,0.87,8028,167,92.32,1.92,519.14,5.97,10.86,0.12
10,Newfoundland and Labrador,Terre-Neuve-et-Labrador,1/21/23,3,2023,1,54412,80,10345.04,299,,56.85,15.21,,157,,29.85,,11.43,2.17,,
13,New Brunswick,Nouveau-Brunswick,1/21/23,3,2023,1,87172,321,10734.66,773,11,95.19,39.53,1.35,754,24,92.85,2.96,45.86,5.65,1.57,0.19
12,Nova Scotia,Nouvelle-Écosse,1/21/23,3,2023,1,138331,662,13565.52,715,10,70.12,64.92,0.98,1386,16,135.92,1.57,94.55,9.27,1.43,0.14
11,Prince Edward Island,Île-du-Prince-Édouard,1/21/23,3,2023,1,56136,151,32888.08,85,0,49.8,88.47,0,311,2,182.2,1.17,21.57,12.64,0,0
60,Yukon,Yukon,1/21/23,3,2023,0,4989,,11393.27,32,,73.08,,,,,,,,,,
61,Northwest Territories,Territoires du Nord-Ouest,1/21/23,3,2023,0,11511,,25240.65,22,,48.24,,,,,,,,,,
62,Nunavut,Nunavut,1/21/23,3,2023,0,3531,,8712.93,7,,17.27,,,,,,,,,,
99,Repatriated travellers,Voyageurs rapatriés,1/21/23,3,2023,,13,0,,0,0,,,,0,0,,,0,,0,
1,Canada,Canada,1/21/23,3,2023,,4551927,11469,11692.62,50637,285,130.07,29.46,0.73,25167,591,64.65,1.52,1638.43,4.21,40.71,0.1
59,British Columbia,Colombie-Britannique,1/28/23,4,2023,1,395070,296,7427.07,5106,45,95.99,5.56,0.85,704,99,13.23,1.86,42.29,0.79,6.43,0.12
48,Alberta,Alberta,1/28/23,4,2023,1,627157,602,13804.57,5533,28,121.79,13.25,0.62,1269,58,27.93,1.28,86,1.89,4,0.09
47,Saskatchewan,Saskatchewan,1/28/23,4,2023,1,152773,242,12786.46,1867,10,156.26,20.25,0.84,515,22,43.1,1.84,34.57,2.89,1.43,0.12
46,Manitoba,Manitoba,1/28/23,4,2023,1,154196,96,10941.92,2428,10,172.29,6.81,0.71,155,25,11,1.77,13.71,0.97,1.43,0.1
35,Ontario,Ontario,1/28/23,4,2023,1,1574166,4976,10418.44,16529,69,109.4,32.93,0.46,10190,146,67.44,0.97,710.86,4.7,9.86,0.07
24,Quebec,Québec,1/28/23,4,2023,1,1301747,3065,14970.08,17470,67,200.9,35.25,0.77,6699,143,77.04,1.64,437.86,5.04,9.57,0.11
10,Newfoundland and Labrador,Terre-Neuve-et-Labrador,1/28/23,4,2023,1,54473,61,10356.63,307,,58.37,11.6,,141,8,26.81,1.52,8.71,1.66,,
13,New Brunswick,Nouveau-Brunswick,1/28/23,4,2023,1,87435,263,10767.05,781,8,96.18,32.39,0.99,584,19,71.92,2.34,37.57,4.63,1.14,0.14
12,Nova Scotia,Nouvelle-Écosse,1/28/23,4,2023,1,139013,682,13632.4,724,9,71,66.88,0.88,1344,19,131.8,1.86,97.43,9.55,1.31,0.13
11,Prince Edward Island,Île-du-Prince-Édouard,1/28/23,4,2023,1,56201,65,32926.16,88,3,51.56,38.08,1.76,216,3,126.55,1.76,9.29,5.44,0.43,0.25
60,Yukon,Yukon,1/28/23,4,2023,0,4989,,11393.27,32,,73.08,,,,,,,,,,
61,Northwest Territories,Territoires du Nord-Ouest,1/28/23,4,2023,0,11511,,25240.65,22,,48.24,,,,,,,,,,
62,Nunavut,Nunavut,1/28/23,4,2023,0,3531,,8712.93,7,,17.27,,,,,,,,,,
99,Repatriated travellers,Voyageurs rapatriés,1/28/23,4,2023,,13,0,,0,0,,,,0,0,,,0,,0,
1,Canada,Canada,1/28/23,4,2023,,4562275,10348,11719.2,50894,249,130.73,26.58,0.64,21817,542,56.04,1.39,1478.29,3.8,35.57,0.09
59,British Columbia,Colombie-Britannique,2/4/23,5,2023,1,395367,297,7432.65,5139,33,96.61,5.58,0.62,593,78,11.15,1.47,42.43,0.8,4.71,0.09
48,Alberta,Alberta,2/4/23,5,2023,1,627702,545,13816.57,5555,22,122.27,12,0.48,1147,50,25.25,1.1,77.86,1.71,3.14,0.07
47,Saskatchewan,Saskatchewan,2/4/23,5,2023,1,153048,275,12809.48,1873,6,156.76,23.02,0.5,517,16,43.27,1.34,39.29,3.29,0.86,0.07
46,Manitoba,Manitoba,2/4/23,5,2023,1,154346,150,10952.56,2439,11,173.07,10.64,0.78,246,21,17.46,1.49,21.43,1.52,1.57,0.11
35,Ontario,Ontario,2/4/23,5,2023,1,1578892,4726,10449.72,16593,64,109.82,31.28,0.42,9702,133,64.21,0.88,675.14,4.47,9.14,0.06
24,Quebec,Québec,2/4/23,5,2023,1,1304982,3235,15007.28,17510,40,201.36,37.2,0.46,6300,107,72.45,1.23,462.14,5.31,5.71,0.07
10,Newfoundland and Labrador,Terre-Neuve-et-Labrador,2/4/23,5,2023,1,54533,60,10368.04,307,,58.37,11.41,,121,,23.01,,8.57,1.63,,
13,New Brunswick,Nouveau-Brunswick,2/4/23,5,2023,1,87774,339,10808.79,812,31,99.99,41.75,3.82,602,39,74.13,4.8,48.43,5.96,4.43,0.55
12,Nova Scotia,Nouvelle-Écosse,2/4/23,5,2023,1,139671,658,13696.93,746,22,73.16,64.53,2.16,1340,31,131.41,3.04,93.98,9.22,3.08,0.3
11,Prince Edward Island,Île-du-Prince-Édouard,2/4/23,5,2023,1,56261,60,32961.31,90,2,52.73,35.15,1.17,125,5,73.23,2.93,8.57,5.02,0.29,0.17
60,Yukon,Yukon,2/4/23,5,2023,0,4989,,11393.27,32,,73.08,,,,,,,,,,
61,Northwest Territories,Territoires du Nord-Ouest,2/4/23,5,2023,0,11511,,25240.65,22,,48.24,,,,,,,,,,
62,Nunavut,Nunavut,2/4/23,5,2023,0,3531,,8712.93,7,,17.27,,,,,,,,,,
99,Repatriated travellers,Voyageurs rapatriés,2/4/23,5,2023,,13,0,,0,0,,,,0,0,,,0,,0,
1,Canada,Canada,2/4/23,5,2023,,4572620,10345,11745.78,51125,231,131.33,26.57,0.59,20693,480,53.15,1.23,1477.86,3.8,33,0.08
59,British Columbia,Colombie-Britannique,2/11/23,6,2023,1,395709,342,7439.08,5157,18,96.95,6.43,0.34,639,51,12.01,0.96,48.86,0.92,2.57,0.05
48,Alberta,Alberta,2/11/23,6,2023,1,628149,447,13826.41,5566,11,122.52,9.84,0.24,992,33,21.84,0.73,63.86,1.41,1.57,0.03
47,Saskatchewan,Saskatchewan,2/11/23,6,2023,1,153255,207,12826.8,1889,16,158.1,17.33,1.34,482,22,40.34,1.84,29.57,2.48,2.29,0.19
46,Manitoba,Manitoba,2/11/23,6,2023,1,154494,148,10963.06,2456,17,174.28,10.5,1.21,298,28,21.15,1.99,21.14,1.5,2.43,0.17
35,Ontario,Ontario,2/11/23,6,2023,1,1583510,4618,10480.29,16654,61,110.22,30.56,0.4,9344,125,61.84,0.83,659.71,4.37,8.71,0.06
24,Quebec,Québec,2/11/23,6,2023,1,1308605,3623,15048.95,17560,50,201.94,41.66,0.57,6858,90,78.87,1.03,517.57,5.95,7.14,0.08
10,Newfoundland and Labrador,Terre-Neuve-et-Labrador,2/11/23,6,2023,1,54583,50,10377.55,314,,59.7,9.51,,110,7,20.91,1.33,7.14,1.36,,
13,New Brunswick,Nouveau-Brunswick,2/11/23,6,2023,1,88153,379,10855.47,822,10,101.22,46.67,1.23,718,41,88.42,5.05,54.14,6.67,1.43,0.18
12,Nova Scotia,Nouvelle-Écosse,2/11/23,6,2023,1,140111,440,13740.08,771,26,75.61,43.15,2.55,1098,48,107.68,4.71,62.92,6.17,3.65,0.36
11,Prince Edward Island,Île-du-Prince-Édouard,2/11/23,6,2023,1,56340,79,33007.59,92,2,53.9,46.28,1.17,139,4,81.44,2.34,11.29,6.61,0.29,0.17
60,Yukon,Yukon,2/11/23,6,2023,0,4989,,11393.27,32,,73.08,,,,,,,,,,
61,Northwest Territories,Territoires du Nord-Ouest,2/11/23,6,2023,0,11511,,25240.65,22,,48.24,,,,,,,,,,
62,Nunavut,Nunavut,2/11/23,6,2023,0,3531,,8712.93,7,,17.27,,,,,,,,,,
99,Repatriated travellers,Voyageurs rapatriés,2/11/23,6,2023,,13,0,,0,0,,,,0,0,,,0,,0,
1,Canada,Canada,2/11/23,6,2023,,4582953,10333,11772.32,51342,211,131.88,26.54,0.54,20678,449,53.12,1.15,1476.14,3.79,30.14,0.08
59,British Columbia,Colombie-Britannique,2/18/23,7,2023,1,396066,357,7445.8,5192,35,97.61,6.71,0.66,699,53,13.14,1,51,0.96,5,0.09
48,Alberta,Alberta,2/18/23,7,2023,1,628576,427,13835.81,5580,14,122.82,9.4,0.31,874,25,19.24,0.55,61,1.34,2,0.04
47,Saskatchewan,Saskatchewan,2/18/23,7,2023,1,153457,202,12843.71,1892,3,158.35,16.91,0.25,409,19,34.23,1.59,28.86,2.42,0.43,0.04
46,Manitoba,Manitoba,2/18/23,7,2023,1,154588,94,10969.73,2460,4,174.56,6.67,0.28,242,21,17.17,1.49,13.43,0.95,0.57,0.04
35,Ontario,Ontario,2/18/23,7,2023,1,1587843,4333,10508.96,16695,41,110.49,28.68,0.27,8951,102,59.24,0.68,619,4.1,5.86,0.04
24,Quebec,Québec,2/18/23,7,2023,1,1312007,3402,15088.07,17615,55,202.57,39.12,0.63,7025,105,80.79,1.21,486,5.59,7.86,0.09
10,Newfoundland and Labrador,Terre-Neuve-et-Labrador,2/18/23,7,2023,1,54646,63,10389.53,314,,59.7,11.98,,113,,21.48,,9,1.71,,
13,New Brunswick,Nouveau-Brunswick,2/18/23,7,2023,1,88503,350,10898.57,825,3,101.59,43.1,0.37,729,13,89.77,1.6,50,6.16,0.43,0.05
12,Nova Scotia,Nouvelle-Écosse,2/18/23,7,2023,1,140492,381,13777.44,786,14,77.08,37.36,1.37,821,40,80.51,3.92,54.47,5.34,2.04,0.2
11,Prince Edward Island,Île-du-Prince-Édouard,2/18/23,7,2023,1,56408,68,33047.43,92,0,53.9,39.84,0,147,2,86.12,1.17,9.71,5.69,0,0
60,Yukon,Yukon,2/18/23,7,2023,0,4989,,11393.27,32,,73.08,,,,,,,,,,
61,Northwest Territories,Territoires du Nord-Ouest,2/18/23,7,2023,0,11511,,25240.65,22,,48.24,,,,,,,,,,
62,Nunavut,Nunavut,2/18/23,7,2023,0,3531,,8712.93,7,,17.27,,,,,,,,,,
99,Repatriated travellers,Voyageurs rapatriés,2/18/23,7,2023,,13,0,,0,0,,,,0,0,,,0,,0,
1,Canada,Canada,2/18/23,7,2023,,4592630,9677,11797.18,51512,169,132.32,24.86,0.43,20010,380,51.4,0.98,1382.43,3.55,24.14,0.06
59,British Columbia,Colombie-Britannique,2/25/23,8,2023,1,396472,406,7453.43,5218,26,98.1,7.63,0.49,763,61,14.34,1.15,58,1.09,3.71,0.07
48,Alberta,Alberta,2/25/23,8,2023,1,628946,370,13843.95,5593,13,123.11,8.14,0.29,797,27,17.54,0.59,52.86,1.16,1.86,0.04
47,Saskatchewan,Saskatchewan,2/25/23,8,2023,1,153651,194,12859.94,1901,9,159.11,16.24,0.75,396,12,33.14,1,27.71,2.32,1.29,0.11
46,Manitoba,Manitoba,2/25/23,8,2023,1,154712,124,10978.53,2464,4,174.85,8.8,0.28,218,8,15.47,0.57,17.71,1.26,0.57,0.04
35,Ontario,Ontario,2/25/23,8,2023,1,1591788,3945,10535.07,16747,52,110.84,26.11,0.34,8278,93,54.79,0.62,563.57,3.73,7.43,0.05
24,Quebec,Québec,2/25/23,8,2023,1,1315315,3308,15126.11,17657,42,203.06,38.04,0.48,6710,97,77.16,1.12,472.57,5.43,6,0.07
10,Newfoundland and Labrador,Terre-Neuve-et-Labrador,2/25/23,8,2023,1,54757,111,10410.63,321,,61.03,21.1,,174,7,33.08,1.33,15.86,3.01,,
13,New Brunswick,Nouveau-Brunswick,2/25/23,8,2023,1,88866,363,10943.27,834,9,102.7,44.7,1.11,713,12,87.8,1.48,51.86,6.39,1.29,0.16
12,Nova Scotia,Nouvelle-Écosse,2/25/23,8,2023,1,140793,300,13806.96,794,9,77.86,29.42,0.88,681,23,66.78,2.26,42.9,4.21,1.22,0.12
11,Prince Edward Island,Île-du-Prince-Édouard,2/25/23,8,2023,1,56456,48,33075.55,92,0,53.9,28.12,0,116,0,67.96,0,6.86,4.02,0,0
60,Yukon,Yukon,2/25/23,8,2023,0,4989,,11393.27,32,,73.08,,,,,,,,,,
61,Northwest Territories,Territoires du Nord-Ouest,2/25/23,8,2023,0,11511,,25240.65,22,,48.24,,,,,,,,,,
62,Nunavut,Nunavut,2/25/23,8,2023,0,3531,,8712.93,7,,17.27,,,,,,,,,,
99,Repatriated travellers,Voyageurs rapatriés,2/25/23,8,2023,,13,0,,0,0,,,,0,0,,,0,,0,
1,Canada,Canada,2/25/23,8,2023,,4601800,9169,11820.73,51682,164,132.76,23.55,0.42,18846,340,48.41,0.87,1309.86,3.36,23.43,0.06
59,British Columbia,Colombie-Britannique,3/4/23,9,2023,1,396817,345,7459.91,5249,31,98.68,6.49,0.58,751,57,14.12,1.07,49.29,0.93,4.43,0.08
48,Alberta,Alberta,3/4/23,9,2023,1,629306,360,13851.87,5604,11,123.35,7.92,0.24,730,24,16.07,0.53,51.43,1.13,1.57,0.03
47,Saskatchewan,Saskatchewan,3/4/23,9,2023,1,153868,217,12878.11,1911,10,159.94,18.16,0.84,411,19,34.4,1.59,31,2.59,1.43,0.12
46,Manitoba,Manitoba,3/4/23,9,2023,1,154862,150,10989.18,2466,2,174.99,10.64,0.14,274,6,19.44,0.43,21.43,1.52,0.29,0.02
35,Ontario,Ontario,3/4/23,9,2023,1,1595697,3909,10560.94,16805,58,111.22,25.87,0.38,7854,110,51.98,0.73,558.43,3.7,8.29,0.05
24,Quebec,Québec,3/4/23,9,2023,1,1318546,3231,15163.27,17694,37,203.48,37.16,0.43,6539,79,75.2,0.91,461.57,5.31,5.29,0.06
10,Newfoundland and Labrador,Terre-Neuve-et-Labrador,3/4/23,9,2023,1,54824,67,10423.37,321,,61.03,12.74,,178,,33.84,,9.57,1.82,,
13,New Brunswick,Nouveau-Brunswick,3/4/23,9,2023,1,89226,360,10987.6,842,8,103.69,44.33,0.99,723,17,89.03,2.09,51.43,6.33,1.14,0.14
12,Nova Scotia,Nouvelle-Écosse,3/4/23,9,2023,1,141038,245,13830.98,799,5,78.35,24.03,0.49,545,14,53.45,1.37,35.06,3.44,0.73,0.07
11,Prince Edward Island,Île-du-Prince-Édouard,3/4/23,9,2023,1,56523,67,33114.81,93,1,54.49,39.25,0.59,115,1,67.37,0.59,9.57,5.61,0.14,0.08
60,Yukon,Yukon,3/4/23,9,2023,0,4989,,11393.27,32,,73.08,,,,,,,,,,
61,Northwest Territories,Territoires du Nord-Ouest,3/4/23,9,2023,0,11511,,25240.65,22,,48.24,,,,,,,,,,
62,Nunavut,Nunavut,3/4/23,9,2023,0,3531,,8712.93,7,,17.27,,,,,,,,,,
99,Repatriated travellers,Voyageurs rapatriés,3/4/23,9,2023,,13,0,,0,0,,,,0,0,,,0,,0,
1,Canada,Canada,3/4/23,9,2023,,4610751,8951,11843.73,51845,163,133.18,22.99,0.42,18120,327,46.55,0.84,1278.71,3.28,23.29,0.06
59,British Columbia,Colombie-Britannique,3/11/23,10,2023,1,397189,372,7466.91,5278,29,99.22,6.99,0.55,717,60,13.48,1.13,53.14,1,4.14,0.08
48,Alberta,Alberta,3/11/23,10,2023,1,629687,381,13860.26,5619,15,123.68,8.39,0.33,741,26,16.31,0.57,54.43,1.2,2.14,0.05
47,Saskatchewan,Saskatchewan,3/11/23,10,2023,1,154105,237,12897.94,1921,10,160.78,19.84,0.84,454,20,38,1.67,33.86,2.83,1.43,0.12
46,Manitoba,Manitoba,3/11/23,10,2023,1,154992,130,10998.4,2470,4,175.27,9.22,0.28,280,6,19.87,0.43,18.57,1.32,0.57,0.04
35,Ontario,Ontario,3/11/23,10,2023,1,1599432,3735,10585.66,16855,50,111.55,24.72,0.33,7644,108,50.59,0.71,533.57,3.53,7.14,0.05
24,Quebec,Québec,3/11/23,10,2023,1,1321477,2931,15196.97,17746,52,204.08,33.71,0.6,6162,89,70.86,1.02,418.71,4.82,7.43,0.09
10,Newfoundland and Labrador,Terre-Neuve-et-Labrador,3/11/23,10,2023,1,54897,73,10437.25,333,,63.31,13.88,,140,12,26.62,2.28,10.43,1.98,,
13,New Brunswick,Nouveau-Brunswick,3/11/23,10,2023,1,89614,388,11035.38,848,6,104.43,47.78,0.74,748,14,92.11,1.72,55.43,6.83,0.86,0.11
12,Nova Scotia,Nouvelle-Écosse,3/11/23,10,2023,1,141300,262,13856.68,805,6,78.94,25.69,0.59,507,11,49.72,1.08,37.47,3.67,0.88,0.09
11,Prince Edward Island,Île-du-Prince-Édouard,3/11/23,10,2023,1,56606,83,33163.43,95,2,55.66,48.63,1.17,150,3,87.88,1.76,11.86,6.95,0.29,0.17
60,Yukon,Yukon,3/11/23,10,2023,0,4989,,11393.27,32,,73.08,,,,,,,,,,
61,Northwest Territories,Territoires du Nord-Ouest,3/11/23,10,2023,0,11511,,25240.65,22,,48.24,,,,,,,,,,
62,Nunavut,Nunavut,3/11/23,10,2023,0,3531,,8712.93,7,,17.27,,,,,,,,,,
99,Repatriated travellers,Voyageurs rapatriés,3/11/23,10,2023,,13,0,,0,0,,,,0,0,,,0,,0,
1,Canada,Canada,3/11/23,10,2023,,4619343,8592,11865.8,52031,174,133.65,22.07,0.45,17543,349,45.06,0.9,1227.43,3.15,24.86,0.06
59,British Columbia,Colombie-Britannique,3/18/23,11,2023,1,397593,404,7474.5,5308,30,99.79,7.59,0.56,776,59,14.59,1.11,57.71,1.08,4.29,0.08
48,Alberta,Alberta,3/18/23,11,2023,1,630085,398,13869.02,5631,12,123.95,8.76,0.26,779,27,17.15,0.59,56.86,1.25,1.71,0.04
47,Saskatchewan,Saskatchewan,3/18/23,11,2023,1,154327,222,12916.52,1931,10,161.62,18.58,0.84,459,20,38.42,1.67,31.71,2.65,1.43,0.12
46,Manitoba,Manitoba,3/18/23,11,2023,1,155147,155,11009.4,2470,0,175.27,11,0,285,4,20.22,0.28,22.14,1.57,0,0
35,Ontario,Ontario,3/18/23,11,2023,1,1603002,3570,10609.29,16901,46,111.86,23.63,0.3,7305,96,48.35,0.64,510,3.38,6.57,0.04
24,Quebec,Québec,3/18/23,11,2023,1,1324233,2756,15228.67,17789,43,204.57,31.69,0.49,5687,95,65.4,1.09,393.71,4.53,6.14,0.07
10,Newfoundland and Labrador,Terre-Neuve-et-Labrador,3/18/23,11,2023,1,54954,57,10448.08,333,,63.31,10.84,,130,,24.72,,8.14,1.55,,
13,New Brunswick,Nouveau-Brunswick,3/18/23,11,2023,1,89927,313,11073.92,856,8,105.41,38.54,0.99,701,14,86.32,1.72,44.71,5.51,1.14,0.14
12,Nova Scotia,Nouvelle-Écosse,3/18/23,11,2023,1,141659,359,13891.88,816,11,80.02,35.21,1.08,621,17,60.9,1.67,51.31,5.03,1.51,0.15
11,Prince Edward Island,Île-du-Prince-Édouard,3/18/23,11,2023,1,56726,120,33233.74,95,0,55.66,70.3,0,203,2,118.93,1.17,17.14,10.04,0,0
60,Yukon,Yukon,3/18/23,11,2023,0,4989,,11393.27,32,,73.08,,,,,,,,,,
61,Northwest Territories,Territoires du Nord-Ouest,3/18/23,11,2023,0,11511,,25240.65,22,,48.24,,,,,,,,,,
62,Nunavut,Nunavut,3/18/23,11,2023,0,3531,,8712.93,7,,17.27,,,,,,,,,,
99,Repatriated travellers,Voyageurs rapatriés,3/18/23,11,2023,,13,0,,0,0,,,,0,0,,,0,,0,
1,Canada,Canada,3/18/23,11,2023,,4627697,8354,11887.26,52191,160,134.06,21.46,0.41,16946,334,43.53,0.86,1193.43,3.07,22.86,0.06
59,British Columbia,Colombie-Britannique,3/25/23,12,2023,1,398050,457,7483.09,5339,31,100.37,8.59,0.58,861,61,16.19,1.15,65.29,1.23,4.43,0.08
48,Alberta,Alberta,3/25/23,12,2023,1,630485,400,13877.83,5639,8,124.12,8.8,0.18,798,20,17.57,0.44,57.14,1.26,1.14,0.03
47,Saskatchewan,Saskatchewan,3/25/23,12,2023,1,154569,242,12936.78,1941,10,162.45,20.25,0.84,464,20,38.83,1.67,34.57,2.89,1.43,0.12
46,Manitoba,Manitoba,3/25/23,12,2023,1,155300,153,11020.26,2470,0,175.27,10.86,0,308,0,21.86,0,21.86,1.55,0,0
35,Ontario,Ontario,3/25/23,12,2023,1,1606398,3396,10631.77,16945,44,112.15,22.48,0.29,6966,90,46.1,0.6,485.14,3.21,6.29,0.04
24,Quebec,Québec,3/25/23,12,2023,1,1326818,2585,15258.4,17814,25,204.86,29.73,0.29,5341,68,61.42,0.78,369.29,4.25,3.57,0.04
10,Newfoundland and Labrador,Terre-Neuve-et-Labrador,3/25/23,12,2023,1,54999,45,10456.64,339,,64.45,8.56,,102,6,19.39,1.14,6.43,1.22,,
13,New Brunswick,Nouveau-Brunswick,3/25/23,12,2023,1,90139,212,11100.03,862,6,106.15,26.11,0.74,525,14,64.65,1.72,30.29,3.73,0.86,0.11
12,Nova Scotia,Nouvelle-Écosse,3/25/23,12,2023,1,141908,249,13916.3,820,4,80.41,24.42,0.39,608,15,59.62,1.47,35.57,3.49,0.59,0.06
11,Prince Edward Island,Île-du-Prince-Édouard,3/25/23,12,2023,1,56846,120,33304.04,95,0,55.66,70.3,0,240,0,140.61,0,17.14,10.04,0,0
60,Yukon,Yukon,3/25/23,12,2023,0,4989,,11393.27,32,,73.08,,,,,,,,,,
61,Northwest Territories,Territoires du Nord-Ouest,3/25/23,12,2023,0,11511,,25240.65,22,,48.24,,,,,,,,,,
62,Nunavut,Nunavut,3/25/23,12,2023,0,3531,,8712.93,7,,17.27,,,,,,,,,,
99,Repatriated travellers,Voyageurs rapatriés,3/25/23,12,2023,,13,0,,0,0,,,,0,0,,,0,,0,
1,Canada,Canada,3/25/23,12,2023,,4635556,7859,11907.44,52325,128,134.41,20.19,0.33,16213,294,41.65,0.76,1122.71,2.88,18.29,0.05
59,British Columbia,Colombie-Britannique,4/1/23,13,2023,1,398510,460,7491.74,5371,32,100.97,8.65,0.6,917,63,17.24,1.18,65.71,1.24,4.57,0.09
48,Alberta,Alberta,4/1/23,13,2023,1,630862,377,13886.12,5652,13,124.41,8.3,0.29,777,21,17.1,0.46,53.86,1.19,1.86,0.04
47,Saskatchewan,Saskatchewan,4/1/23,13,2023,1,154812,243,12957.12,1950,9,163.21,20.34,0.75,485,19,40.59,1.59,34.71,2.91,1.29,0.11
46,Manitoba,Manitoba,4/1/23,13,2023,1,155421,121,11028.84,2470,0,175.27,8.59,0,274,0,19.44,0,17.29,1.23,0,0
35,Ontario,Ontario,4/1/23,13,2023,1,1609159,2761,10650.04,16987,42,112.43,18.27,0.28,6157,86,40.75,0.57,394.43,2.61,6,0.04
24,Quebec,Québec,4/1/23,13,2023,1,1329344,2526,15287.44,17852,38,205.3,29.05,0.44,5111,63,58.78,0.72,360.86,4.15,5.43,0.06
10,Newfoundland and Labrador,Terre-Neuve-et-Labrador,4/1/23,13,2023,1,55074,75,10470.9,339,,64.45,14.26,,120,,22.81,,10.71,2.04,,
13,New Brunswick,Nouveau-Brunswick,4/1/23,13,2023,1,90294,155,11119.12,868,6,106.89,19.09,0.74,367,12,45.19,1.48,22.14,2.73,0.86,0.11
12,Nova Scotia,Nouvelle-Écosse,4/1/23,13,2023,1,142143,235,13939.35,829,9,81.3,23.05,0.88,484,13,47.46,1.27,33.51,3.29,1.27,0.12
11,Prince Edward Island,Île-du-Prince-Édouard,4/1/23,13,2023,1,56989,143,33387.82,95,0,55.66,83.78,0,263,0,154.08,0,20.43,11.97,0,0
60,Yukon,Yukon,4/1/23,13,2023,0,4989,,11393.27,32,,73.08,,,,,,,,,,
61,Northwest Territories,Territoires du Nord-Ouest,4/1/23,13,2023,0,11511,,25240.65,22,,48.24,,,,,,,,,,
62,Nunavut,Nunavut,4/1/23,13,2023,0,3531,,8712.93,7,,17.27,,,,,,,,,,
99,Repatriated travellers,Voyageurs rapatriés,4/1/23,13,2023,,13,0,,0,0,,,,0,0,,,0,,0,
1,Canada,Canada,4/1/23,13,2023,,4642652,7096,11925.67,52474,149,134.79,18.23,0.38,14955,277,38.42,0.71,1013.71,2.6,21.29,0.05
59,British Columbia,Colombie-Britannique,4/8/23,14,2023,1,398975,465,7500.48,5411,40,101.72,8.74,0.75,925,72,17.39,1.35,66.43,1.25,5.71,0.11
48,Alberta,Alberta,4/8/23,14,2023,1,631206,344,13893.7,5674,22,124.89,7.57,0.48,721,35,15.87,0.77,49.14,1.08,3.14,0.07
47,Saskatchewan,Saskatchewan,4/8/23,14,2023,1,154982,170,12971.34,1956,6,163.71,14.23,0.5,413,15,34.57,1.26,24.29,2.03,0.86,0.07
46,Manitoba,Manitoba,4/8/23,14,2023,1,155553,132,11038.21,2470,0,175.27,9.37,0,253,0,17.95,0,18.86,1.34,0,0
35,Ontario,Ontario,4/8/23,14,2023,1,1611310,2151,10664.28,17021,34,112.65,14.24,0.23,4912,76,32.51,0.5,307.29,2.03,4.86,0.03
24,Quebec,Québec,4/8/23,14,2023,1,1331872,2528,15316.52,17887,35,205.7,29.07,0.4,5054,73,58.12,0.84,361.14,4.15,5,0.06
10,Newfoundland and Labrador,Terre-Neuve-et-Labrador,4/8/23,14,2023,1,55140,66,10483.45,339,,64.45,12.55,,141,0,26.81,0,9.43,1.79,,
13,New Brunswick,Nouveau-Brunswick,4/8/23,14,2023,1,90392,98,11131.18,874,6,107.63,12.07,0.74,253,12,31.16,1.48,14,1.72,0.86,0.11
12,Nova Scotia,Nouvelle-Écosse,4/8/23,14,2023,1,142387,244,13963.27,832,3,81.59,23.93,0.29,479,12,46.97,1.18,34.88,3.42,0.49,0.05
11,Prince Edward Island,Île-du-Prince-Édouard,4/8/23,14,2023,1,57091,102,33447.58,95,0,55.66,59.76,0,245,0,143.54,0,14.57,8.54,0,0
60,Yukon,Yukon,4/8/23,14,2023,0,4989,,11393.27,32,,73.08,,,,,,,,,,
61,Northwest Territories,Territoires du Nord-Ouest,4/8/23,14,2023,0,11511,,25240.65,22,,48.24,,,,,,,,,,
62,Nunavut,Nunavut,4/8/23,14,2023,0,3531,,8712.93,7,,17.27,,,,,,,,,,
99,Repatriated travellers,Voyageurs rapatriés,4/8/23,14,2023,,13,0,,0,0,,,,0,0,,,0,,0,
1,Canada,Canada,4/8/23,14,2023,,4648952,6300,11941.85,52620,146,135.17,16.18,0.38,13396,295,34.41,0.76,900,2.31,20.86,0.05
59,British Columbia,Colombie-Britannique,4/15/23,15,2023,1,399494,519,7510.24,5430,19,102.08,9.76,0.36,984,59,18.5,1.11,74.14,1.39,2.71,0.05
48,Alberta,Alberta,4/15/23,15,2023,1,631511,305,13900.41,5684,10,125.11,6.71,0.22,649,32,14.29,0.7,43.57,0.96,1.43,0.03
47,Saskatchewan,Saskatchewan,4/15/23,15,2023,1,155190,208,12988.75,1959,3,163.96,17.41,0.25,378,9,31.64,0.75,29.71,2.49,0.43,0.04
46,Manitoba,Manitoba,4/15/23,15,2023,1,155725,172,11050.42,2483,13,176.2,12.21,0.92,304,13,21.57,0.92,24.57,1.74,1.86,0.13
35,Ontario,Ontario,4/15/23,15,2023,1,1613572,2262,10679.25,17054,33,112.87,14.97,0.22,4413,67,29.21,0.44,323.14,2.14,4.71,0.03
24,Quebec,Québec,4/15/23,15,2023,1,1334562,2690,15347.45,17917,30,206.05,30.93,0.34,5218,65,60.01,0.75,384.29,4.42,4.29,0.05
10,Newfoundland and Labrador,Terre-Neuve-et-Labrador,4/15/23,15,2023,1,55209,69,10496.57,339,,64.45,13.12,,135,,25.67,,9.86,1.87,,
13,New Brunswick,Nouveau-Brunswick,4/15/23,15,2023,1,90494,102,11143.74,877,3,108,12.56,0.37,200,9,24.63,1.11,14.57,1.79,0.43,0.05
12,Nova Scotia,Nouvelle-Écosse,4/15/23,15,2023,1,142585,198,13982.69,839,6,82.28,19.42,0.59,442,9,43.35,0.88,28.31,2.78,0.92,0.09
11,Prince Edward Island,Île-du-Prince-Édouard,4/15/23,15,2023,1,57183,92,33501.48,96,1,56.24,53.9,0.59,194,1,113.66,0.59,13.14,7.7,0.14,0.08
60,Yukon,Yukon,4/15/23,15,2023,0,4989,,11393.27,32,,73.08,,,,,,,,,,
61,Northwest Territories,Territoires du Nord-Ouest,4/15/23,15,2023,0,11511,,25240.65,22,,48.24,,,,,,,,,,
62,Nunavut,Nunavut,4/15/23,15,2023,0,3531,,8712.93,7,,17.27,,,,,,,,,,
99,Repatriated travellers,Voyageurs rapatriés,4/15/23,15,2023,,13,0,,0,0,,,,0,0,,,0,,0,
1,Canada,Canada,4/15/23,15,2023,,4655569,6617,11958.85,52739,118,135.47,17,0.3,12917,264,33.18,0.68,945.29,2.43,16.86,0.04
59,British Columbia,Colombie-Britannique,4/22/23,16,2023,1,400025,531,7520.22,5476,46,102.95,9.98,0.86,1050,65,19.74,1.22,75.86,1.43,6.57,0.12
48,Alberta,Alberta,4/22/23,16,2023,1,631894,383,13908.84,5703,19,125.53,8.43,0.42,688,29,15.14,0.64,54.71,1.2,2.71,0.06
47,Saskatchewan,Saskatchewan,4/22/23,16,2023,1,155381,191,13004.74,1961,2,164.13,15.99,0.17,399,5,33.39,0.42,27.29,2.28,0.29,0.02
46,Manitoba,Manitoba,4/22/23,16,2023,1,155848,123,11059.14,2493,10,176.91,8.73,0.71,295,23,20.93,1.63,17.57,1.25,1.43,0.1
35,Ontario,Ontario,4/22/23,16,2023,1,1615279,1707,10690.55,17083,29,113.06,11.3,0.19,3969,62,26.27,0.41,243.86,1.61,4.14,0.03
24,Quebec,Québec,4/22/23,16,2023,1,1337036,2474,15375.9,17952,35,206.45,28.45,0.4,5164,65,59.39,0.75,353.43,4.06,5,0.06
10,Newfoundland and Labrador,Terre-Neuve-et-Labrador,4/22/23,16,2023,1,55261,52,10506.45,340,,64.64,9.89,,121,1,23.01,0.19,7.43,1.41,,
13,New Brunswick,Nouveau-Brunswick,4/22/23,16,2023,1,90574,80,11153.6,879,2,108.24,9.85,0.25,182,5,22.41,0.62,11.43,1.41,0.29,0.04
12,Nova Scotia,Nouvelle-Écosse,4/22/23,16,2023,1,142777,192,14001.52,841,3,82.47,18.83,0.29,390,9,38.25,0.88,27.39,2.69,0.37,0.04
11,Prince Edward Island,Île-du-Prince-Édouard,4/22/23,16,2023,1,57226,43,33526.67,100,4,58.59,25.19,2.34,135,5,79.09,2.93,6.14,3.6,0.57,0.33
60,Yukon,Yukon,4/22/23,16,2023,0,4989,,11393.27,32,,73.08,,,,,,,,,,
61,Northwest Territories,Territoires du Nord-Ouest,4/22/23,16,2023,0,11511,,25240.65,22,,48.24,,,,,,,,,,
62,Nunavut,Nunavut,4/22/23,16,2023,0,3531,,8712.93,7,,17.27,,,,,,,,,,
99,Repatriated travellers,Voyageurs rapatriés,4/22/23,16,2023,,13,0,,0,0,,,,0,0,,,0,,0,
1,Canada,Canada,4/22/23,16,2023,,4661345,5776,11973.69,52889,150,135.86,14.84,0.39,12393,269,31.83,0.69,825.14,2.12,21.43,0.06
59,British Columbia,Colombie-Britannique,4/29/23,17,2023,1,400660,635,7532.16,5520,44,103.77,11.94,0.83,1166,90,21.92,1.69,90.71,1.71,6.29,0.12
48,Alberta,Alberta,4/29/23,17,2023,1,632235,341,13916.34,5719,16,125.88,7.51,0.35,724,35,15.94,0.77,48.71,1.07,2.29,0.05
47,Saskatchewan,Saskatchewan,4/29/23,17,2023,1,155543,162,13018.3,1965,4,164.46,13.56,0.33,353,6,29.54,0.5,23.14,1.94,0.57,0.05
46,Manitoba,Manitoba,4/29/23,17,2023,1,155944,96,11065.96,2499,6,177.33,6.81,0.43,219,16,15.54,1.14,13.71,0.97,0.86,0.06
35,Ontario,Ontario,4/29/23,17,2023,1,1616798,1519,10700.6,17105,22,113.21,10.05,0.15,3226,51,21.35,0.34,217,1.44,3.14,0.02
24,Quebec,Québec,4/29/23,17,2023,1,1339209,2173,15400.89,17984,32,206.82,24.99,0.37,4647,67,53.44,0.77,310.43,3.57,4.57,0.05
10,Newfoundland and Labrador,Terre-Neuve-et-Labrador,4/29/23,17,2023,1,55305,44,10514.82,340,,64.64,8.37,,96,,18.25,,6.29,1.2,,
13,New Brunswick,Nouveau-Brunswick,4/29/23,17,2023,1,90652,78,11163.2,883,4,108.74,9.61,0.49,158,6,19.46,0.74,11.14,1.37,0.57,0.07
12,Nova Scotia,Nouvelle-Écosse,4/29/23,17,2023,1,142941,164,14017.6,850,9,83.36,16.08,0.88,356,12,34.91,1.18,23.41,2.3,1.22,0.12
11,Prince Edward Island,Île-du-Prince-Édouard,4/29/23,17,2023,1,57251,25,33541.32,103,3,60.34,14.65,1.76,68,7,39.84,4.1,3.57,2.09,0.43,0.25
60,Yukon,Yukon,4/29/23,17,2023,0,4989,,11393.27,32,,73.08,,,,,,,,,,
61,Northwest Territories,Territoires du Nord-Ouest,4/29/23,17,2023,0,11511,,25240.65,22,,48.24,,,,,,,,,,
62,Nunavut,Nunavut,4/29/23,17,2023,0,3531,,8712.93,7,,17.27,,,,,,,,,,
99,Repatriated travellers,Voyageurs rapatriés,4/29/23,17,2023,,13,0,,0,0,,,,0,0,,,0,,0,
1,Canada,Canada,4/29/23,17,2023,,4666582,5237,11987.14,53029,140,136.22,13.45,0.36,11013,290,28.29,0.74,748.14,1.92,20,0.05
59,British Columbia,Colombie-Britannique,5/6/23,18,2023,1,401126,466,7540.92,5555,35,104.43,8.76,0.66,1101,79,20.7,1.49,66.57,1.25,5,0.09
48,Alberta,Alberta,5/6/23,18,2023,1,632551,316,13923.3,5729,10,126.1,6.96,0.22,657,26,14.46,0.57,45.14,0.99,1.43,0.03
47,Saskatchewan,Saskatchewan,5/6/23,18,2023,1,155685,142,13030.18,1970,5,164.88,11.88,0.42,304,9,25.44,0.75,20.29,1.7,0.71,0.06
46,Manitoba,Manitoba,5/6/23,18,2023,1,156049,105,11073.41,2501,2,177.47,7.45,0.14,201,8,14.26,0.57,15,1.06,0.29,0.02
35,Ontario,Ontario,5/6/23,18,2023,1,1618249,1451,10710.2,17135,30,113.41,9.6,0.2,2970,52,19.66,0.34,207.29,1.37,4.29,0.03
24,Quebec,Québec,5/6/23,18,2023,1,1341158,1949,15423.3,18010,26,207.11,22.41,0.3,4122,58,47.4,0.67,278.43,3.2,3.71,0.04
10,Newfoundland and Labrador,Terre-Neuve-et-Labrador,5/6/23,18,2023,1,55360,55,10525.28,344,,65.4,10.46,,99,4,18.82,0.76,7.86,1.49,,
13,New Brunswick,Nouveau-Brunswick,5/6/23,18,2023,0,90652,,11163.2,883,,108.74,,,,,,,,,,
12,Nova Scotia,Nouvelle-Écosse,5/6/23,18,2023,1,143108,167,14033.98,859,9,84.24,16.38,0.88,331,18,32.46,1.77,23.82,2.34,1.31,0.13
11,Prince Edward Island,Île-du-Prince-Édouard,5/6/23,18,2023,0,57251,,33541.32,103,,60.34,,,,,,,,,,
60,Yukon,Yukon,5/6/23,18,2023,0,4989,,11393.27,32,,73.08,,,,,,,,,,
61,Northwest Territories,Territoires du Nord-Ouest,5/6/23,18,2023,0,11511,,25240.65,22,,48.24,,,,,,,,,,
62,Nunavut,Nunavut,5/6/23,18,2023,0,3531,,8712.93,7,,17.27,,,,,,,,,,
99,Repatriated travellers,Voyageurs rapatriés,5/6/23,18,2023,,13,0,,0,0,,,,0,0,,,0,,0,
1,Canada,Canada,5/6/23,18,2023,,4671233,4651,11999.09,53150,117,136.53,11.95,0.3,9888,261,25.4,0.67,664.43,1.71,16.71,0.04
59,British Columbia,Colombie-Britannique,5/13/23,19,2023,1,401497,371,7547.9,5602,47,105.31,6.97,0.88,837,82,15.74,1.54,53,1,6.71,0.13
48,Alberta,Alberta,5/13/23,19,2023,1,632848,297,13929.84,5744,15,126.43,6.54,0.33,613,25,13.49,0.55,42.43,0.93,2.14,0.05
47,Saskatchewan,Saskatchewan,5/13/23,19,2023,1,155812,127,13040.81,1976,6,165.38,10.63,0.5,269,11,22.51,0.92,18.14,1.52,0.86,0.07
46,Manitoba,Manitoba,5/13/23,19,2023,1,156138,89,11079.72,2501,0,177.47,6.32,0,194,2,13.77,0.14,12.71,0.9,0,0
35,Ontario,Ontario,5/13/23,19,2023,1,1619627,1378,10719.32,17156,21,113.55,9.12,0.14,2829,51,18.72,0.34,196.86,1.3,3,0.02
24,Quebec,Québec,5/13/23,19,2023,1,1342769,1611,15441.83,18027,17,207.31,18.53,0.2,3560,43,40.94,0.49,230.14,2.65,2.43,0.03
10,Newfoundland and Labrador,Terre-Neuve-et-Labrador,5/13/23,19,2023,1,55404,44,10533.64,344,,65.4,8.37,,99,,18.82,,6.29,1.2,,
13,New Brunswick,Nouveau-Brunswick,5/13/23,19,2023,0,90652,,11163.2,883,,108.74,,,,,,,,,,
12,Nova Scotia,Nouvelle-Écosse,5/13/23,19,2023,1,143306,199,14053.4,864,5,84.73,19.52,0.49,366,14,35.89,1.37,28.39,2.78,0.73,0.07
11,Prince Edward Island,Île-du-Prince-Édouard,5/13/23,19,2023,1,57276,,33555.96,104,,60.93,,,25,1,14.65,0.59,,,,
60,Yukon,Yukon,5/13/23,19,2023,0,4989,,11393.27,32,,73.08,,,,,,,,,,
61,Northwest Territories,Territoires du Nord-Ouest,5/13/23,19,2023,0,11511,,25240.65,22,,48.24,,,,,,,,,,
62,Nunavut,Nunavut,5/13/23,19,2023,0,3531,,8712.93,7,,17.27,,,,,,,,,,
99,Repatriated travellers,Voyageurs rapatriés,5/13/23,19,2023,,13,0,,0,0,,,,0,0,,,0,,0,
1,Canada,Canada,5/13/23,19,2023,,4675373,4116,12009.72,53262,111,136.82,10.57,0.29,8792,229,22.58,0.59,588,1.51,15.86,0.04
59,British Columbia,Colombie-Britannique,5/20/23,20,2023,1,401814,317,7553.85,5652,50,106.25,5.96,0.94,688,97,12.93,1.82,45.29,0.85,7.14,0.13
48,Alberta,Alberta,5/20/23,20,2023,1,633076,228,13934.86,5761,17,126.81,5.02,0.37,525,32,11.56,0.7,32.57,0.72,2.43,0.05
47,Saskatchewan,Saskatchewan,5/20/23,20,2023,1,155905,93,13048.59,1986,10,166.22,7.78,0.84,220,16,18.41,1.34,13.29,1.11,1.43,0.12
46,Manitoba,Manitoba,5/20/23,20,2023,1,156183,45,11082.92,2503,2,177.62,3.19,0.14,134,2,9.51,0.14,6.43,0.46,0.29,0.02
35,Ontario,Ontario,5/20/23,20,2023,1,1620889,1262,10727.67,17179,23,113.7,8.35,0.15,2640,44,17.47,0.29,180.29,1.19,3.29,0.02
24,Quebec,Québec,5/20/23,20,2023,1,1344330,1561,15459.78,18044,17,207.51,17.95,0.2,3172,34,36.48,0.39,223,2.56,2.43,0.03
10,Newfoundland and Labrador,Terre-Neuve-et-Labrador,5/20/23,20,2023,1,55435,31,10539.53,345,,65.59,5.89,,75,1,14.26,0.19,4.43,0.84,,
13,New Brunswick,Nouveau-Brunswick,5/20/23,20,2023,0,90652,,11163.2,883,,108.74,,,,,,,,,,
12,Nova Scotia,Nouvelle-Écosse,5/20/23,20,2023,1,143488,182,14071.24,866,2,84.92,17.85,0.2,381,7,37.36,0.69,25.98,2.55,0.27,0.03
11,Prince Edward Island,Île-du-Prince-Édouard,5/20/23,20,2023,0,57276,,33555.96,104,,60.93,,,,,,,,,,
60,Yukon,Yukon,5/20/23,20,2023,0,4989,,11393.27,32,,73.08,,,,,,,,,,
61,Northwest Territories,Territoires du Nord-Ouest,5/20/23,20,2023,0,11511,,25240.65,22,,48.24,,,,,,,,,,
62,Nunavut,Nunavut,5/20/23,20,2023,0,3531,,8712.93,7,,17.27,,,,,,,,,,
99,Repatriated travellers,Voyageurs rapatriés,5/20/23,20,2023,,13,0,,0,0,,,,0,0,,,0,,0,
1,Canada,Canada,5/20/23,20,2023,,4679092,3719,12019.28,53384,121,137.13,9.55,0.31,7835,233,20.13,0.6,531.29,1.36,17.29,0.04
59,British Columbia,Colombie-Britannique,5/27/23,21,2023,1,402077,263,7558.8,5663,11,106.46,4.94,0.21,580,61,10.9,1.15,37.57,0.71,1.57,0.03
48,Alberta,Alberta,5/27/23,21,2023,1,633287,211,13939.5,5767,6,126.94,4.64,0.13,439,23,9.66,0.51,30.14,0.66,0.86,0.02
47,Saskatchewan,Saskatchewan,5/27/23,21,2023,1,155981,76,13054.96,1991,5,166.64,6.36,0.42,169,15,14.14,1.26,10.86,0.91,0.71,0.06
46,Manitoba,Manitoba,5/27/23,21,2023,1,156243,60,11087.17,2503,0,177.62,4.26,0,105,2,7.45,0.14,8.57,0.61,0,0
35,Ontario,Ontario,5/27/23,21,2023,1,1622096,1207,10735.66,17195,16,113.8,7.99,0.11,2469,39,16.34,0.26,172.43,1.14,2.29,0.02
24,Quebec,Québec,5/27/23,21,2023,1,1345709,1379,15475.64,18077,33,207.89,15.86,0.38,2940,50,33.81,0.57,197,2.27,4.71,0.05
10,Newfoundland and Labrador,Terre-Neuve-et-Labrador,5/27/23,21,2023,1,55468,33,10545.81,345,,65.59,6.27,,64,,12.17,,4.71,0.9,,
13,New Brunswick,Nouveau-Brunswick,5/27/23,21,2023,1,90946,,11199.4,897,,110.46,,,,,,,,,,
12,Nova Scotia,Nouvelle-Écosse,5/27/23,21,2023,1,143696,208,14091.64,866,0,84.92,20.4,0,390,2,38.25,0.2,29.76,2.92,0.04,0
11,Prince Edward Island,Île-du-Prince-Édouard,5/27/23,21,2023,1,57286,,33561.82,104,,60.93,,,10,0,5.86,0,,,,
60,Yukon,Yukon,5/27/23,21,2023,0,4989,,11393.27,32,,73.08,,,,,,,,,,
61,Northwest Territories,Territoires du Nord-Ouest,5/27/23,21,2023,0,11511,,25240.65,22,,48.24,,,,,,,,,,
62,Nunavut,Nunavut,5/27/23,21,2023,0,3531,,8712.93,7,,17.27,,,,,,,,,,
99,Repatriated travellers,Voyageurs rapatriés,5/27/23,21,2023,,13,0,,0,0,,,,0,0,,,0,,0,
1,Canada,Canada,5/27/23,21,2023,,4682833,3437,12028.88,53469,71,137.35,8.83,0.18,7166,192,18.41,0.49,491,1.26,10.14,0.03
59,British Columbia,Colombie-Britannique,6/3/23,22,2023,1,402285,208,7562.71,5701,38,107.18,3.91,0.71,471,49,8.85,0.92,29.71,0.56,5.43,0.1
48,Alberta,Alberta,6/3/23,22,2023,1,633478,191,13943.71,5783,16,127.29,4.2,0.35,402,22,8.85,0.48,27.29,0.6,2.29,0.05
47,Saskatchewan,Saskatchewan,6/3/23,22,2023,1,156017,36,13057.97,1993,2,166.81,3.01,0.17,112,7,9.37,0.59,5.14,0.43,0.29,0.02
46,Manitoba,Manitoba,6/3/23,22,2023,1,156293,50,11090.72,2503,0,177.62,3.55,0,110,0,7.81,0,7.14,0.51,0,0
35,Ontario,Ontario,6/3/23,22,2023,1,1623248,1152,10743.29,17213,18,113.92,7.62,0.12,2359,34,15.61,0.23,164.57,1.09,2.57,0.02
24,Quebec,Québec,6/3/23,22,2023,1,1347062,1353,15491.2,18109,32,208.25,15.56,0.37,2732,65,31.42,0.75,193.29,2.22,4.57,0.05
10,Newfoundland and Labrador,Terre-Neuve-et-Labrador,6/3/23,22,2023,1,55497,29,10551.32,348,,66.16,5.51,,62,3,11.79,0.57,4.14,0.79,,
13,New Brunswick,Nouveau-Brunswick,6/3/23,22,2023,0,90946,,11199.4,897,,110.46,,,,,,,,,,
12,Nova Scotia,Nouvelle-Écosse,6/3/23,22,2023,1,143824,,14104.19,866,,84.92,,,,,,,,,,
11,Prince Edward Island,Île-du-Prince-Édouard,6/3/23,22,2023,0,57286,,33561.82,104,,60.93,,,,,,,,,,
60,Yukon,Yukon,6/3/23,22,2023,0,4989,,11393.27,32,,73.08,,,,,,,,,,
61,Northwest Territories,Territoires du Nord-Ouest,6/3/23,22,2023,0,11511,,25240.65,22,,48.24,,,,,,,,,,
62,Nunavut,Nunavut,6/3/23,22,2023,0,3531,,8712.93,7,,17.27,,,,,,,,,,
99,Repatriated travellers,Voyageurs rapatriés,6/3/23,22,2023,,13,0,,0,0,,,,0,0,,,0,,0,
1,Canada,Canada,6/3/23,22,2023,,4685980,3019,12036.97,53578,106,137.63,7.75,0.27,6456,180,16.58,0.46,431.29,1.11,15.14,0.04
59,British Columbia,Colombie-Britannique,6/10/23,23,2023,1,402468,183,7566.15,5730,29,107.72,3.44,0.55,391,67,7.35,1.26,26.14,0.49,4.14,0.08
48,Alberta,Alberta,6/10/23,23,2023,1,633602,124,13946.43,5794,11,127.53,2.73,0.24,315,27,6.93,0.59,17.71,0.39,1.57,0.03
47,Saskatchewan,Saskatchewan,6/10/23,23,2023,1,156053,36,13060.98,1995,2,166.97,3.01,0.17,72,4,6.03,0.33,5.14,0.43,0.29,0.02
46,Manitoba,Manitoba,6/10/23,23,2023,1,156339,46,11093.99,2505,2,177.76,3.26,0.14,96,2,6.81,0.14,6.57,0.47,0.29,0.02
35,Ontario,Ontario,6/10/23,23,2023,1,1624128,880,10749.11,17225,12,114,5.82,0.08,2032,30,13.45,0.2,125.71,0.83,1.71,0.01
24,Quebec,Québec,6/10/23,23,2023,1,1348090,1028,15503.02,18130,21,208.49,11.82,0.24,2381,53,27.38,0.61,146.86,1.69,3,0.03
10,Newfoundland and Labrador,Terre-Neuve-et-Labrador,6/10/23,23,2023,1,55549,52,10561.21,348,,66.16,9.89,,81,,15.4,,7.43,1.41,,
13,New Brunswick,Nouveau-Brunswick,6/10/23,23,2023,0,90946,,11199.4,897,,110.46,,,,,,,,,,
12,Nova Scotia,Nouvelle-Écosse,6/10/23,23,2023,0,143824,,14104.19,866,,84.92,,,,,,,,,,
11,Prince Edward Island,Île-du-Prince-Édouard,6/10/23,23,2023,0,57286,,33561.82,104,,60.93,,,,,,,,,,
60,Yukon,Yukon,6/10/23,23,2023,0,4989,,11393.27,32,,73.08,,,,,,,,,,
61,Northwest Territories,Territoires du Nord-Ouest,6/10/23,23,2023,0,11511,,25240.65,22,,48.24,,,,,,,,,,
62,Nunavut,Nunavut,6/10/23,23,2023,0,3531,,8712.93,7,,17.27,,,,,,,,,,
99,Repatriated travellers,Voyageurs rapatriés,6/10/23,23,2023,,13,0,,0,0,,,,0,0,,,0,,0,
1,Canada,Canada,6/10/23,23,2023,,4688329,2349,12043,53655,77,137.82,6.03,0.2,5368,183,13.79,0.47,335.57,0.86,11,0.03
59,British Columbia,Colombie-Britannique,6/17/23,24,2023,1,402639,171,7569.36,5749,19,108.08,3.21,0.36,354,48,6.65,0.9,24.43,0.46,2.71,0.05
48,Alberta,Alberta,6/17/23,24,2023,1,633693,91,13948.44,5798,4,127.62,2,0.09,215,15,4.73,0.33,13,0.29,0.57,0.01
47,Saskatchewan,Saskatchewan,6/17/23,24,2023,1,156090,37,13064.08,1995,0,166.97,3.1,0,73,2,6.11,0.17,5.29,0.44,0,0
46,Manitoba,Manitoba,6/17/23,24,2023,1,156377,38,11096.68,2505,0,177.76,2.7,0,84,2,5.96,0.14,5.43,0.39,0,0
35,Ontario,Ontario,6/17/23,24,2023,1,1624880,752,10754.09,17244,19,114.13,4.98,0.13,1632,31,10.8,0.21,107.43,0.71,2.71,0.02
24,Quebec,Québec,6/17/23,24,2023,1,1348902,812,15512.36,18140,10,208.61,9.34,0.11,1840,31,21.16,0.36,116,1.33,1.43,0.02
10,Newfoundland and Labrador,Terre-Neuve-et-Labrador,6/17/23,24,2023,1,55586,37,10568.24,349,,66.35,7.03,,89,1,16.92,0.19,5.29,1,,
13,New Brunswick,Nouveau-Brunswick,6/17/23,24,2023,0,90946,,11199.4,897,,110.46,,,,,,,,,,
12,Nova Scotia,Nouvelle-Écosse,6/17/23,24,2023,0,143824,,14104.19,866,,84.92,,,,,,,,,,
11,Prince Edward Island,Île-du-Prince-Édouard,6/17/23,24,2023,0,57286,,33561.82,104,,60.93,,,,,,,,,,
60,Yukon,Yukon,6/17/23,24,2023,0,4989,,11393.27,32,,73.08,,,,,,,,,,
61,Northwest Territories,Territoires du Nord-Ouest,6/17/23,24,2023,0,11511,,25240.65,22,,48.24,,,,,,,,,,
62,Nunavut,Nunavut,6/17/23,24,2023,0,3531,,8712.93,7,,17.27,,,,,,,,,,
99,Repatriated travellers,Voyageurs rapatriés,6/17/23,24,2023,,13,0,,0,0,,,,0,0,,,0,,0,
1,Canada,Canada,6/17/23,24,2023,,4690267,1938,12047.98,53708,52,137.96,4.98,0.13,4287,130,11.01,0.33,276.86,0.71,7.43,0.02
59,British Columbia,Colombie-Britannique,6/24/23,25,2023,1,402804,165,7572.47,5769,20,108.45,3.1,0.38,336,39,6.32,0.73,23.57,0.44,2.86,0.05
48,Alberta,Alberta,6/24/23,25,2023,1,633781,88,13950.37,5801,3,127.69,1.94,0.07,179,7,3.94,0.15,12.57,0.28,0.43,0.01
47,Saskatchewan,Saskatchewan,6/24/23,25,2023,1,156123,33,13066.84,1997,2,167.14,2.76,0.17,70,2,5.86,0.17,4.71,0.39,0.29,0.02
46,Manitoba,Manitoba,6/24/23,25,2023,1,156411,34,11099.1,2505,0,177.76,2.41,0,72,0,5.11,0,4.86,0.34,0,0
35,Ontario,Ontario,6/24/23,25,2023,1,1625514,634,10758.28,17253,9,114.19,4.2,0.06,1386,28,9.17,0.19,90.57,0.6,1.29,0.01
24,Quebec,Québec,6/24/23,25,2023,1,1349551,649,15519.82,18154,14,208.77,7.46,0.16,1461,24,16.8,0.28,92.71,1.07,2,0.02
10,Newfoundland and Labrador,Terre-Neuve-et-Labrador,6/24/23,25,2023,1,55647,61,10579.84,349,,66.35,11.6,,98,,18.63,,8.71,1.66,,
13,New Brunswick,Nouveau-Brunswick,6/24/23,25,2023,1,91157,,11225.39,913,,112.43,,,,,,,,,,
12,Nova Scotia,Nouvelle-Écosse,6/24/23,25,2023,0,143824,,14104.19,866,,84.92,,,,,,,,,,
11,Prince Edward Island,Île-du-Prince-Édouard,6/24/23,25,2023,1,57327,,33585.84,105,,61.52,,,,,,,,,,
60,Yukon,Yukon,6/24/23,25,2023,0,4989,,11393.27,32,,73.08,,,,,,,,,,
61,Northwest Territories,Territoires du Nord-Ouest,6/24/23,25,2023,0,11511,,25240.65,22,,48.24,,,,,,,,,,
62,Nunavut,Nunavut,6/24/23,25,2023,0,3531,,8712.93,7,,17.27,,,,,,,,,,
99,Repatriated travellers,Voyageurs rapatriés,6/24/23,25,2023,,13,0,,0,0,,,,0,0,,,0,,0,
1,Canada,Canada,6/24/23,25,2023,,4692183,1664,12052.9,53773,48,138.13,4.27,0.12,3602,100,9.25,0.26,237.71,0.61,6.86,0.02
59,British Columbia,Colombie-Britannique,7/1/23,26,2023,1,402989,185,7575.94,5783,14,108.72,3.48,0.26,350,34,6.58,0.64,26.43,0.5,2,0.04
48,Alberta,Alberta,7/1/23,26,2023,1,633877,96,13952.49,5808,7,127.84,2.11,0.15,184,10,4.05,0.22,13.71,0.3,1,0.02
47,Saskatchewan,Saskatchewan,7/1/23,26,2023,1,156157,34,13069.69,1998,1,167.22,2.85,0.08,67,3,5.61,0.25,4.86,0.41,0.14,0.01
46,Manitoba,Manitoba,7/1/23,26,2023,1,156434,23,11100.73,2505,0,177.76,1.63,0,57,0,4.04,0,3.29,0.23,0,0
35,Ontario,Ontario,7/1/23,26,2023,1,1626032,518,10761.71,17263,10,114.25,3.43,0.07,1152,19,7.62,0.13,74,0.49,1.43,0.01
24,Quebec,Québec,7/1/23,26,2023,1,1350212,661,15527.43,18169,15,208.94,7.6,0.17,1310,29,15.06,0.33,94.43,1.09,2.14,0.02
10,Newfoundland and Labrador,Terre-Neuve-et-Labrador,7/1/23,26,2023,1,55678,31,10585.73,354,,67.3,5.89,,92,5,17.49,0.95,4.43,0.84,,
13,New Brunswick,Nouveau-Brunswick,7/1/23,26,2023,0,91157,,11225.39,913,,112.43,,,,,,,,,,
12,Nova Scotia,Nouvelle-Écosse,7/1/23,26,2023,1,144284,,14149.3,866,,84.92,,,,,,,,,,
11,Prince Edward Island,Île-du-Prince-Édouard,7/1/23,26,2023,0,57327,,33585.84,105,,61.52,,,,,,,,,,
60,Yukon,Yukon,7/1/23,26,2023,0,4989,,11393.27,32,,73.08,,,,,,,,,,
61,Northwest Territories,Territoires du Nord-Ouest,7/1/23,26,2023,0,11511,,25240.65,22,,48.24,,,,,,,,,,
62,Nunavut,Nunavut,7/1/23,26,2023,0,3531,,8712.93,7,,17.27,,,,,,,,,,
99,Repatriated travellers,Voyageurs rapatriés,7/1/23,26,2023,,13,0,,0,0,,,,0,0,,,0,,0,
1,Canada,Canada,7/1/23,26,2023,,4694191,1548,12058.06,53825,47,138.26,3.98,0.12,3212,100,8.25,0.26,221.14,0.57,6.71,0.02
59,British Columbia,Colombie-Britannique,7/8/23,27,2023,1,403162,173,7579.2,5795,12,108.94,3.25,0.23,358,26,6.73,0.49,24.71,0.46,1.71,0.03
48,Alberta,Alberta,7/8/23,27,2023,1,633939,62,13953.85,5811,3,127.91,1.36,0.07,158,10,3.48,0.22,8.86,0.19,0.43,0.01
47,Saskatchewan,Saskatchewan,7/8/23,27,2023,1,156184,27,13071.95,1999,1,167.31,2.26,0.08,61,2,5.11,0.17,3.86,0.32,0.14,0.01
46,Manitoba,Manitoba,7/8/23,27,2023,0,156434,,11100.73,2505,,177.76,,,,,,,,,,
35,Ontario,Ontario,7/8/23,27,2023,1,1626478,446,10764.66,17271,8,114.31,2.95,0.05,964,18,6.38,0.12,63.71,0.42,1.14,0.01
24,Quebec,Québec,7/8/23,27,2023,1,1350853,641,15534.8,18174,5,209,7.37,0.06,1302,20,14.97,0.23,91.57,1.05,0.71,0.01
10,Newfoundland and Labrador,Terre-Neuve-et-Labrador,7/8/23,27,2023,1,55712,34,10592.2,354,0,67.3,6.46,0,65,,12.36,,4.86,0.92,0,0
13,New Brunswick,Nouveau-Brunswick,7/8/23,27,2023,0,91157,,11225.39,913,,112.43,,,,,,,,,,
12,Nova Scotia,Nouvelle-Écosse,7/8/23,27,2023,0,144284,,14149.3,866,,84.92,,,,,,,,,,
11,Prince Edward Island,Île-du-Prince-Édouard,7/8/23,27,2023,0,57327,,33585.84,105,,61.52,,,,,,,,,,
60,Yukon,Yukon,7/8/23,27,2023,0,4989,,11393.27,32,,73.08,,,,,,,,,,
61,Northwest Territories,Territoires du Nord-Ouest,7/8/23,27,2023,0,11511,,25240.65,22,,48.24,,,,,,,,,,
62,Nunavut,Nunavut,7/8/23,27,2023,0,3531,,8712.93,7,,17.27,,,,,,,,,,
99,Repatriated travellers,Voyageurs rapatriés,7/8/23,27,2023,,13,0,,0,0,,,,0,0,,,0,,0,
1,Canada,Canada,7/8/23,27,2023,,4695574,1383,12061.61,53854,29,138.34,3.55,0.07,2931,76,7.53,0.2,197.57,0.51,4.14,0.01
59,British Columbia,Colombie-Britannique,7/15/23,28,2023,1,403306,144,7581.9,5800,5,109.04,2.71,0.09,317,17,5.96,0.32,20.57,0.39,0.71,0.01
48,Alberta,Alberta,7/15/23,28,2023,1,634005,66,13955.31,5812,1,127.93,1.45,0.02,128,4,2.82,0.09,9.43,0.21,0.14,0
47,Saskatchewan,Saskatchewan,7/15/23,28,2023,1,156228,44,13075.63,2002,3,167.56,3.68,0.25,71,4,5.94,0.33,6.29,0.53,0.43,0.04
46,Manitoba,Manitoba,7/15/23,28,2023,1,156472,38,11103.42,2505,0,177.76,2.7,0,38,0,2.7,0,5.43,0.39,0,0
35,Ontario,Ontario,7/15/23,28,2023,1,1627050,572,10768.45,17284,13,114.39,3.79,0.09,1018,21,6.74,0.14,81.71,0.54,1.86,0.01
24,Quebec,Québec,7/15/23,28,2023,1,1351497,644,15542.2,18182,8,209.09,7.41,0.09,1285,13,14.78,0.15,92,1.06,1.14,0.01
10,Newfoundland and Labrador,Terre-Neuve-et-Labrador,7/15/23,28,2023,1,55755,43,10600.37,354,0,67.3,8.18,0,77,0,14.64,0,6.14,1.17,0,0
13,New Brunswick,Nouveau-Brunswick,7/15/23,28,2023,0,91157,,11225.39,913,,112.43,,,,,,,,,,
12,Nova Scotia,Nouvelle-Écosse,7/15/23,28,2023,0,144284,,14149.3,866,,84.92,,,,,,,,,,
11,Prince Edward Island,Île-du-Prince-Édouard,7/15/23,28,2023,0,57327,,33585.84,105,,61.52,,,,,,,,,,
60,Yukon,Yukon,7/15/23,28,2023,0,4989,,11393.27,32,,73.08,,,,,,,,,,
61,Northwest Territories,Territoires du Nord-Ouest,7/15/23,28,2023,0,11511,,25240.65,22,,48.24,,,,,,,,,,
62,Nunavut,Nunavut,7/15/23,28,2023,0,3531,,8712.93,7,,17.27,,,,,,,,,,
99,Repatriated travellers,Voyageurs rapatriés,7/15/23,28,2023,,13,0,,0,0,,,,0,0,,,0,,0,
1,Canada,Canada,7/15/23,28,2023,,4697125,1551,12065.6,53884,30,138.41,3.98,0.08,2934,59,7.54,0.15,221.57,0.57,4.29,0.01
59,British Columbia,Colombie-Britannique,7/22/23,29,2023,1,403453,147,7584.67,5809,9,109.21,2.76,0.17,291,14,5.47,0.26,21,0.39,1.29,0.02
48,Alberta,Alberta,7/22/23,29,2023,1,634104,99,13957.48,5815,3,128,2.18,0.07,165,4,3.63,0.09,14.14,0.31,0.43,0.01
47,Saskatchewan,Saskatchewan,7/22/23,29,2023,1,156281,53,13080.06,2002,0,167.56,4.44,0,97,3,8.12,0.25,7.57,0.63,0,0
46,Manitoba,Manitoba,7/22/23,29,2023,1,156488,16,11104.56,2506,1,177.83,1.14,0.07,54,1,3.83,0.07,2.29,0.16,0.14,0.01
35,Ontario,Ontario,7/22/23,29,2023,1,1627710,660,10772.82,17293,9,114.45,4.37,0.06,1232,22,8.15,0.15,94.29,0.62,1.29,0.01
24,Quebec,Québec,7/22/23,29,2023,1,1352160,663,15549.83,18192,10,209.21,7.62,0.11,1307,18,15.03,0.21,94.71,1.09,1.43,0.02
10,Newfoundland and Labrador,Terre-Neuve-et-Labrador,7/22/23,29,2023,1,55780,25,10605.13,356,2,67.68,4.75,0.38,68,2,12.93,0.38,3.57,0.68,0.29,0.05
13,New Brunswick,Nouveau-Brunswick,7/22/23,29,2023,1,91265,,11238.69,928,,114.28,,,,,,,,,,
12,Nova Scotia,Nouvelle-Écosse,7/22/23,29,2023,0,144284,,14149.3,866,,84.92,,,,,,,,,,
11,Prince Edward Island,Île-du-Prince-Édouard,7/22/23,29,2023,1,57368,,33609.86,109,,63.86,,,,,,,,,,
60,Yukon,Yukon,7/22/23,29,2023,0,4989,,11393.27,32,,73.08,,,,,,,,,,
61,Northwest Territories,Territoires du Nord-Ouest,7/22/23,29,2023,0,11511,,25240.65,22,,48.24,,,,,,,,,,
62,Nunavut,Nunavut,7/22/23,29,2023,0,3531,,8712.93,7,,17.27,,,,,,,,,,
99,Repatriated travellers,Voyageurs rapatriés,7/22/23,29,2023,,13,0,,0,0,,,,0,0,,,0,,0,
1,Canada,Canada,7/22/23,29,2023,,4698937,1663,12070.25,53937,34,138.55,4.27,0.09,3214,64,8.26,0.16,237.57,0.61,4.86,0.01
59,British Columbia,Colombie-Britannique,7/29/23,30,2023,1,403605,152,7587.52,5816,7,109.34,2.86,0.13,299,16,5.62,0.3,21.71,0.41,1,0.02
48,Alberta,Alberta,7/29/23,30,2023,1,634263,159,13960.98,5817,2,128.04,3.5,0.04,258,5,5.68,0.11,22.71,0.5,0.29,0.01
47,Saskatchewan,Saskatchewan,7/29/23,30,2023,1,156358,77,13086.51,2003,1,167.64,6.44,0.08,130,1,10.88,0.08,11,0.92,0.14,0.01
46,Manitoba,Manitoba,7/29/23,30,2023,1,156524,36,11107.11,2506,0,177.83,2.55,0,52,1,3.69,0.07,5.14,0.36,0,0
35,Ontario,Ontario,7/29/23,30,2023,1,1628416,706,10777.49,17305,12,114.53,4.67,0.08,1366,21,9.04,0.14,100.86,0.67,1.71,0.01
24,Quebec,Québec,7/29/23,30,2023,1,1352876,716,15558.06,18206,14,209.37,8.23,0.16,1379,24,15.86,0.28,102.29,1.18,2,0.02
10,Newfoundland and Labrador,Terre-Neuve-et-Labrador,7/29/23,30,2023,1,55802,22,10609.31,358,2,68.06,4.18,0.38,47,4,8.94,0.76,3.14,0.6,0.29,0.05
13,New Brunswick,Nouveau-Brunswick,7/29/23,30,2023,0,91265,,11238.69,928,,114.28,,,,,,,,,,
12,Nova Scotia,Nouvelle-Écosse,7/29/23,30,2023,0,144284,,14149.3,866,,84.92,,,,,,,,,,
11,Prince Edward Island,Île-du-Prince-Édouard,7/29/23,30,2023,0,57368,,33609.86,109,,63.86,,,,,,,,,,
60,Yukon,Yukon,7/29/23,30,2023,0,4989,,11393.27,32,,73.08,,,,,,,,,,
61,Northwest Territories,Territoires du Nord-Ouest,7/29/23,30,2023,0,11511,,25240.65,22,,48.24,,,,,,,,,,
62,Nunavut,Nunavut,7/29/23,30,2023,0,3531,,8712.93,7,,17.27,,,,,,,,,,
99,Repatriated travellers,Voyageurs rapatriés,7/29/23,30,2023,,13,0,,0,0,,,,0,0,,,0,,0,
1,Canada,Canada,7/29/23,30,2023,,4700805,1868,12075.05,53975,38,138.65,4.8,0.1,3531,72,9.07,0.18,266.86,0.69,5.43,0.01
59,British Columbia,Colombie-Britannique,8/5/23,31,2023,1,403741,136,7590.08,5833,17,109.66,2.56,0.32,288,24,5.41,0.45,19.43,0.37,2.43,0.05
48,Alberta,Alberta,8/5/23,31,2023,1,634414,151,13964.31,5825,8,128.22,3.32,0.18,310,10,6.82,0.22,21.57,0.47,1.14,0.03
47,Saskatchewan,Saskatchewan,8/5/23,31,2023,1,156399,41,13089.94,2004,1,167.73,3.43,0.08,118,2,9.88,0.17,5.86,0.49,0.14,0.01
46,Manitoba,Manitoba,8/5/23,31,2023,1,156577,53,11110.87,2507,1,177.9,3.76,0.07,89,1,6.32,0.07,7.57,0.54,0.14,0.01
35,Ontario,Ontario,8/5/23,31,2023,1,1629094,678,10781.98,17322,17,114.64,4.49,0.11,1384,29,9.16,0.19,96.86,0.64,2.43,0.02
24,Quebec,Québec,8/5/23,31,2023,1,1353813,937,15568.84,18222,16,209.55,10.78,0.18,1653,30,19.01,0.34,133.86,1.54,2.29,0.03
10,Newfoundland and Labrador,Terre-Neuve-et-Labrador,8/5/23,31,2023,1,55823,21,10613.3,359,1,68.25,3.99,0.19,43,3,8.18,0.57,3,0.57,0.14,0.03
13,New Brunswick,Nouveau-Brunswick,8/5/23,31,2023,0,91265,,11238.69,928,,114.28,,,,,,,,,,
12,Nova Scotia,Nouvelle-Écosse,8/5/23,31,2023,1,144565,,14176.86,866,,84.92,,,,,,,,,,
11,Prince Edward Island,Île-du-Prince-Édouard,8/5/23,31,2023,0,57368,,33609.86,109,,63.86,,,,,,,,,,
60,Yukon,Yukon,8/5/23,31,2023,0,4989,,11393.27,32,,73.08,,,,,,,,,,
61,Northwest Territories,Territoires du Nord-Ouest,8/5/23,31,2023,0,11511,,25240.65,22,,48.24,,,,,,,,,,
62,Nunavut,Nunavut,8/5/23,31,2023,0,3531,,8712.93,7,,17.27,,,,,,,,,,
99,Repatriated travellers,Voyageurs rapatriés,8/5/23,31,2023,,13,0,,0,0,,,,0,0,,,0,,0,
1,Canada,Canada,8/5/23,31,2023,,4703103,2017,12080.95,54036,61,138.8,5.18,0.16,3885,99,9.98,0.25,288.14,0.74,8.71,0.02
59,British Columbia,Colombie-Britannique,8/12/23,32,2023,1,403874,133,7592.58,5841,8,109.81,2.5,0.15,269,25,5.06,0.47,19,0.36,1.14,0.02
48,Alberta,Alberta,8/12/23,32,2023,1,634603,189,13968.47,5830,5,128.33,4.16,0.11,340,13,7.48,0.29,27,0.59,0.71,0.02
47,Saskatchewan,Saskatchewan,8/12/23,32,2023,1,156435,,13092.95,2004,,167.73,,,,,,,,,,
46,Manitoba,Manitoba,8/12/23,32,2023,1,156620,43,11113.93,2508,1,177.97,3.05,0.07,96,2,6.81,0.14,6.14,0.44,0.14,0.01
35,Ontario,Ontario,8/12/23,32,2023,1,1629821,727,10786.79,17333,11,114.72,4.81,0.07,1405,28,9.3,0.19,103.86,0.69,1.57,0.01
24,Quebec,Québec,8/12/23,32,2023,1,1355174,1361,15584.49,18236,14,209.71,15.65,0.16,2298,30,26.43,0.34,194.43,2.24,2,0.02
10,Newfoundland and Labrador,Terre-Neuve-et-Labrador,8/12/23,32,2023,1,55851,28,10618.63,359,0,68.25,5.32,0,49,1,9.32,0.19,4,0.76,0,0
13,New Brunswick,Nouveau-Brunswick,8/12/23,32,2023,0,91265,,11238.69,928,,114.28,,,,,,,,,,
12,Nova Scotia,Nouvelle-Écosse,8/12/23,32,2023,0,144565,,14176.86,866,,84.92,,,,,,,,,,
11,Prince Edward Island,Île-du-Prince-Édouard,8/12/23,32,2023,0,57368,,33609.86,109,,63.86,,,,,,,,,,
60,Yukon,Yukon,8/12/23,32,2023,0,4989,,11393.27,32,,73.08,,,,,,,,,,
61,Northwest Territories,Territoires du Nord-Ouest,8/12/23,32,2023,0,11511,,25240.65,22,,48.24,,,,,,,,,,
62,Nunavut,Nunavut,8/12/23,32,2023,0,3531,,8712.93,7,,17.27,,,,,,,,,,
99,Repatriated travellers,Voyageurs rapatriés,8/12/23,32,2023,,13,0,,0,0,,,,0,0,,,0,,0,
1,Canada,Canada,8/12/23,32,2023,,4705620,2481,12087.42,54075,39,138.9,6.37,0.1,4498,100,11.55,0.26,354.43,0.91,5.57,0.01
59,British Columbia,Colombie-Britannique,8/19/23,33,2023,1,404105,231,7596.92,5857,16,110.11,4.34,0.3,364,24,6.84,0.45,33,0.62,2.29,0.04
48,Alberta,Alberta,8/19/23,33,2023,1,634802,199,13972.85,5833,3,128.39,4.38,0.07,388,8,8.54,0.18,28.43,0.63,0.43,0.01
47,Saskatchewan,Saskatchewan,8/19/23,33,2023,1,156486,51,13097.22,2005,1,167.81,4.27,0.08,,,,,7.29,0.61,0.14,0.01
46,Manitoba,Manitoba,8/19/23,33,2023,1,156676,56,11117.9,2508,0,177.97,3.97,0,99,1,7.03,0.07,8,0.57,0,0
35,Ontario,Ontario,8/19/23,33,2023,1,1630983,1162,10794.48,17347,14,114.81,7.69,0.09,1889,25,12.5,0.17,166,1.1,2,0.01
24,Quebec,Québec,8/19/23,33,2023,1,1356843,1669,15603.68,18256,20,209.94,19.19,0.23,3030,34,34.84,0.39,238.43,2.74,2.86,0.03
10,Newfoundland and Labrador,Terre-Neuve-et-Labrador,8/19/23,33,2023,1,55884,33,10624.9,360,1,68.44,6.27,0.19,61,1,11.6,0.19,4.71,0.9,0.14,0.03
13,New Brunswick,Nouveau-Brunswick,8/19/23,33,2023,0,91265,,11238.69,928,,114.28,,,,,,,,,,
12,Nova Scotia,Nouvelle-Écosse,8/19/23,33,2023,0,144565,,14176.86,866,,84.92,,,,,,,,,,
11,Prince Edward Island,Île-du-Prince-Édouard,8/19/23,33,2023,0,57368,,33609.86,109,,63.86,,,,,,,,,,
60,Yukon,Yukon,8/19/23,33,2023,0,4989,,11393.27,32,,73.08,,,,,,,,,,
61,Northwest Territories,Territoires du Nord-Ouest,8/19/23,33,2023,0,11511,,25240.65,22,,48.24,,,,,,,,,,
62,Nunavut,Nunavut,8/19/23,33,2023,0,3531,,8712.93,7,,17.27,,,,,,,,,,
99,Repatriated travellers,Voyageurs rapatriés,8/19/23,33,2023,,13,0,,0,0,,,,0,0,,,0,,0,
1,Canada,Canada,8/19/23,33,2023,,4709021,3401,12096.15,54130,55,139.04,8.74,0.14,5882,94,15.11,0.24,485.86,1.25,7.86,0.02
59,British Columbia,Colombie-Britannique,8/26/23,34,2023,1,404471,366,7603.8,5867,10,110.3,6.88,0.19,597,26,11.22,0.49,52.29,0.98,1.43,0.03
48,Alberta,Alberta,8/26/23,34,2023,1,635106,304,13979.54,5842,9,128.59,6.69,0.2,503,12,11.07,0.26,43.43,0.96,1.29,0.03
47,Saskatchewan,Saskatchewan,8/26/23,34,2023,1,156567,81,13104,2005,0,167.81,6.78,0,132,1,11.05,0.08,11.57,0.97,0,0
46,Manitoba,Manitoba,8/26/23,34,2023,1,156756,80,11123.58,2508,0,177.97,5.68,0,136,0,9.65,0,11.43,0.81,0,0
35,Ontario,Ontario,8/26/23,34,2023,1,1632543,1560,10804.81,17361,14,114.9,10.32,0.09,2722,28,18.02,0.19,222.86,1.47,2,0.01
24,Quebec,Québec,8/26/23,34,2023,1,1358798,1955,15626.16,18278,22,210.2,22.48,0.25,3624,42,41.68,0.48,279.29,3.21,3.14,0.04
10,Newfoundland and Labrador,Terre-Neuve-et-Labrador,8/26/23,34,2023,1,55921,37,10631.93,360,0,68.44,7.03,0,70,1,13.31,0.19,5.29,1,0,0
13,New Brunswick,Nouveau-Brunswick,8/26/23,34,2023,1,91479,,11265.04,935,,115.14,,,,,,,,,,
12,Nova Scotia,Nouvelle-Écosse,8/26/23,34,2023,1,144946,,14214.22,870,,85.32,,,,,,,,,,
11,Prince Edward Island,Île-du-Prince-Édouard,8/26/23,34,2023,1,57415,,33637.4,109,,63.86,,,,,,,,,,
60,Yukon,Yukon,8/26/23,34,2023,0,4989,,11393.27,32,,73.08,,,,,,,,,,
61,Northwest Territories,Territoires du Nord-Ouest,8/26/23,34,2023,0,11511,,25240.65,22,,48.24,,,,,,,,,,
62,Nunavut,Nunavut,8/26/23,34,2023,0,3531,,8712.93,7,,17.27,,,,,,,,,,
99,Repatriated travellers,Voyageurs rapatriés,8/26/23,34,2023,,13,0,,0,0,,,,0,0,,,0,,0,
1,Canada,Canada,8/26/23,34,2023,,4714046,4383,12109.06,54196,55,139.21,11.26,0.14,7784,110,19.99,0.28,626.14,1.61,7.86,0.02
59,British Columbia,Colombie-Britannique,9/2/23,35,2023,1,404923,452,7612.3,5886,19,110.65,8.5,0.36,818,29,15.38,0.55,64.57,1.21,2.71,0.05
48,Alberta,Alberta,9/2/23,35,2023,1,635414,308,13986.32,5856,14,128.9,6.78,0.31,612,23,13.47,0.51,44,0.97,2,0.04
47,Saskatchewan,Saskatchewan,9/2/23,35,2023,1,156634,67,13109.61,2005,0,167.81,5.61,0,148,0,12.39,0,9.57,0.8,0,0
46,Manitoba,Manitoba,9/2/23,35,2023,1,156856,100,11130.67,2509,1,178.04,7.1,0.07,180,1,12.77,0.07,14.29,1.01,0.14,0.01
35,Ontario,Ontario,9/2/23,35,2023,1,1634127,1584,10815.29,17376,15,115,10.48,0.1,3144,29,20.81,0.19,226.29,1.5,2.14,0.01
24,Quebec,Québec,9/2/23,35,2023,1,1361237,2439,15654.21,18306,28,210.52,28.05,0.32,4394,50,50.53,0.57,348.43,4.01,4,0.05
10,Newfoundland and Labrador,Terre-Neuve-et-Labrador,9/2/23,35,2023,1,55983,62,10643.72,360,0,68.44,11.79,0,99,0,18.82,0,8.86,1.68,0,0
13,New Brunswick,Nouveau-Brunswick,9/2/23,35,2023,1,91574,95,11276.74,935,0,115.14,11.7,0,,,,,13.57,1.67,0,0
12,Nova Scotia,Nouvelle-Écosse,9/2/23,35,2023,0,144946,,14214.22,870,,85.32,,,,,,,,,,
11,Prince Edward Island,Île-du-Prince-Édouard,9/2/23,35,2023,0,57415,,33637.4,109,,63.86,,,,,,,,,,
60,Yukon,Yukon,9/2/23,35,2023,0,4989,,11393.27,32,,73.08,,,,,,,,,,
61,Northwest Territories,Territoires du Nord-Ouest,9/2/23,35,2023,0,11511,,25240.65,22,,48.24,,,,,,,,,,
62,Nunavut,Nunavut,9/2/23,35,2023,0,3531,,8712.93,7,,17.27,,,,,,,,,,
99,Repatriated travellers,Voyageurs rapatriés,9/2/23,35,2023,,13,0,,0,0,,,,0,0,,,0,,0,
1,Canada,Canada,9/2/23,35,2023,,4719153,5107,12122.18,54273,77,139.41,13.12,0.2,9490,132,24.38,0.34,729.57,1.87,11,0.03
59,British Columbia,Colombie-Britannique,9/9/23,36,2023,1,405348,425,7620.29,5910,24,111.1,7.99,0.45,877,43,16.49,0.81,60.71,1.14,3.43,0.06
48,Alberta,Alberta,9/9/23,36,2023,1,635795,381,13994.71,5873,17,129.27,8.39,0.37,689,31,15.17,0.68,54.43,1.2,2.43,0.05
47,Saskatchewan,Saskatchewan,9/9/23,36,2023,1,156730,96,13117.64,2005,0,167.81,8.03,0,163,0,13.64,0,13.71,1.15,0,0
46,Manitoba,Manitoba,9/9/23,36,2023,1,156993,137,11140.39,2509,0,178.04,9.72,0,237,1,16.82,0.07,19.57,1.39,0,0
35,Ontario,Ontario,9/9/23,36,2023,1,1635962,1835,10827.43,17398,22,115.15,12.14,0.15,3419,37,22.63,0.24,262.14,1.73,3.14,0.02
24,Quebec,Québec,9/9/23,36,2023,1,1364115,2878,15687.31,18353,47,211.06,33.1,0.54,5317,75,61.15,0.86,411.14,4.73,6.71,0.08
10,Newfoundland and Labrador,Terre-Neuve-et-Labrador,9/9/23,36,2023,1,56044,61,10655.32,361,1,68.63,11.6,0.19,123,1,23.39,0.19,8.71,1.66,0.14,0.03
13,New Brunswick,Nouveau-Brunswick,9/9/23,36,2023,1,91658,84,11287.08,939,4,115.63,10.34,0.49,179,4,22.04,0.49,12,1.48,0.57,0.07
12,Nova Scotia,Nouvelle-Écosse,9/9/23,36,2023,0,144946,,14214.22,870,,85.32,,,,,,,,,,
11,Prince Edward Island,Île-du-Prince-Édouard,9/9/23,36,2023,0,57415,,33637.4,109,,63.86,,,,,,,,,,
60,Yukon,Yukon,9/9/23,36,2023,0,4989,,11393.27,32,,73.08,,,,,,,,,,
61,Northwest Territories,Territoires du Nord-Ouest,9/9/23,36,2023,0,11511,,25240.65,22,,48.24,,,,,,,,,,
62,Nunavut,Nunavut,9/9/23,36,2023,0,3531,,8712.93,7,,17.27,,,,,,,,,,
99,Repatriated travellers,Voyageurs rapatriés,9/9/23,36,2023,,13,0,,0,0,,,,0,0,,,0,,0,
1,Canada,Canada,9/9/23,36,2023,,4725050,5897,12137.33,54388,115,139.71,15.15,0.3,11004,192,28.27,0.49,842.43,2.16,16.43,0.04
59,British Columbia,Colombie-Britannique,9/16/23,37,2023,1,405987,639,7632.3,5943,33,111.72,12.01,0.62,1064,57,20,1.07,91.29,1.72,4.71,0.09
48,Alberta,Alberta,9/16/23,37,2023,1,636287,492,14005.53,5884,11,129.51,10.83,0.24,873,28,19.22,0.62,70.29,1.55,1.57,0.03
47,Saskatchewan,Saskatchewan,9/16/23,37,2023,1,156853,123,13127.94,2007,2,167.98,10.29,0.17,219,2,18.33,0.17,17.57,1.47,0.29,0.02
46,Manitoba,Manitoba,9/16/23,37,2023,1,157107,114,11148.48,2509,0,178.04,8.09,0,251,0,17.81,0,16.29,1.16,0,0
35,Ontario,Ontario,9/16/23,37,2023,1,1638236,2274,10842.48,17425,27,115.33,15.05,0.18,4109,49,27.19,0.32,324.86,2.15,3.86,0.03
24,Quebec,Québec,9/16/23,37,2023,1,1367496,3381,15726.19,18403,50,211.63,38.88,0.57,6259,97,71.98,1.12,483,5.55,7.14,0.08
10,Newfoundland and Labrador,Terre-Neuve-et-Labrador,9/16/23,37,2023,1,56105,61,10666.92,363,2,69.02,11.6,0.38,122,3,23.2,0.57,8.71,1.66,0.29,0.05
13,New Brunswick,Nouveau-Brunswick,9/16/23,37,2023,1,91761,103,11299.77,939,0,115.63,12.68,0,187,4,23.03,0.49,14.71,1.81,0,0
12,Nova Scotia,Nouvelle-Écosse,9/16/23,37,2023,0,144946,,14214.22,870,,85.32,,,,,,,,,,
11,Prince Edward Island,Île-du-Prince-Édouard,9/16/23,37,2023,0,57415,,33637.4,109,,63.86,,,,,,,,,,
60,Yukon,Yukon,9/16/23,37,2023,0,4989,,11393.27,32,,73.08,,,,,,,,,,
61,Northwest Territories,Territoires du Nord-Ouest,9/16/23,37,2023,0,11511,,25240.65,22,,48.24,,,,,,,,,,
62,Nunavut,Nunavut,9/16/23,37,2023,0,3531,,8712.93,7,,17.27,,,,,,,,,,
99,Repatriated travellers,Voyageurs rapatriés,9/16/23,37,2023,,13,0,,0,0,,,,0,0,,,0,,0,
1,Canada,Canada,9/16/23,37,2023,,4732237,7187,12155.79,54513,125,140.03,18.46,0.32,13084,240,33.61,0.62,1026.71,2.64,17.86,0.05
59,British Columbia,Colombie-Britannique,9/23/23,38,2023,1,406735,748,7646.37,5973,30,112.29,14.06,0.56,1387,63,26.07,1.18,106.86,2.01,4.29,0.08
48,Alberta,Alberta,9/23/23,38,2023,1,636878,591,14018.54,5905,21,129.98,13.01,0.46,1083,32,23.84,0.7,84.43,1.86,3,0.07
47,Saskatchewan,Saskatchewan,9/23/23,38,2023,1,157012,159,13141.25,2007,0,167.98,13.31,0,282,2,23.6,0.17,22.71,1.9,0,0
46,Manitoba,Manitoba,9/23/23,38,2023,1,157311,204,11162.96,2511,2,178.18,14.48,0.14,318,2,22.57,0.14,29.14,2.07,0.29,0.02
35,Ontario,Ontario,9/23/23,38,2023,1,1640995,2759,10860.74,17458,33,115.54,18.26,0.22,5033,60,33.31,0.4,394.14,2.61,4.71,0.03
24,Quebec,Québec,9/23/23,38,2023,1,1371764,4268,15775.27,18447,44,212.14,49.08,0.51,7649,94,87.96,1.08,609.71,7.01,6.29,0.07
10,Newfoundland and Labrador,Terre-Neuve-et-Labrador,9/23/23,38,2023,1,56162,57,10677.75,364,1,69.21,10.84,0.19,118,3,22.43,0.57,8.14,1.55,0.14,0.03
13,New Brunswick,Nouveau-Brunswick,9/23/23,38,2023,1,91863,102,11312.33,941,2,115.88,12.56,0.25,205,2,25.24,0.25,14.57,1.79,0.29,0.04
12,Nova Scotia,Nouvelle-Écosse,9/23/23,38,2023,0,144946,,14214.22,870,,85.32,,,,,,,,,,
11,Prince Edward Island,Île-du-Prince-Édouard,9/23/23,38,2023,1,57495,,33684.27,110,,64.45,,,,,,,,,,
60,Yukon,Yukon,9/23/23,38,2023,0,4989,,11393.27,32,,73.08,,,,,,,,,,
61,Northwest Territories,Territoires du Nord-Ouest,9/23/23,38,2023,0,11511,,25240.65,22,,48.24,,,,,,,,,,
62,Nunavut,Nunavut,9/23/23,38,2023,0,3531,,8712.93,7,,17.27,,,,,,,,,,
99,Repatriated travellers,Voyageurs rapatriés,9/23/23,38,2023,,13,0,,0,0,,,,0,0,,,0,,0,
1,Canada,Canada,9/23/23,38,2023,,4741205,8888,12178.83,54647,133,140.37,22.83,0.34,16075,258,41.29,0.66,1269.71,3.26,19,0.05
59,British Columbia,Colombie-Britannique,9/30/23,39,2023,1,407621,886,7663.02,6014,41,113.06,16.66,0.77,1634,71,30.72,1.33,126.57,2.38,5.86,0.11
48,Alberta,Alberta,9/30/23,39,2023,1,637605,727,14034.55,5935,30,130.64,16,0.66,1318,51,29.01,1.12,103.86,2.29,4.29,0.09
47,Saskatchewan,Saskatchewan,9/30/23,39,2023,1,157241,229,13160.41,2008,1,168.06,19.17,0.08,388,1,32.47,0.08,32.71,2.74,0.14,0.01
46,Manitoba,Manitoba,9/30/23,39,2023,1,157538,227,11179.07,2511,0,178.18,16.11,0,431,2,30.58,0.14,32.43,2.3,0,0
35,Ontario,Ontario,9/30/23,39,2023,1,1644223,3228,10882.11,17499,41,115.82,21.36,0.27,5987,74,39.62,0.49,461.14,3.05,5.86,0.04
24,Quebec,Québec,9/30/23,39,2023,1,1376688,4924,15831.9,18506,59,212.82,56.63,0.68,9192,103,105.71,1.18,703.43,8.09,8.43,0.1
10,Newfoundland and Labrador,Terre-Neuve-et-Labrador,9/30/23,39,2023,1,56231,69,10690.87,365,1,69.4,13.12,0.19,126,2,23.96,0.38,9.86,1.87,0.14,0.03
13,New Brunswick,Nouveau-Brunswick,9/30/23,39,2023,1,91968,105,11325.26,944,3,116.25,12.93,0.37,207,5,25.49,0.62,15,1.85,0.43,0.05
12,Nova Scotia,Nouvelle-Écosse,9/30/23,39,2023,1,146422,,14358.97,877,,86,,,,,,,,,,
11,Prince Edward Island,Île-du-Prince-Édouard,9/30/23,39,2023,0,57495,,33684.27,110,,64.45,,,,,,,,,,
60,Yukon,Yukon,9/30/23,39,2023,0,4989,,11393.27,32,,73.08,,,,,,,,,,
61,Northwest Territories,Territoires du Nord-Ouest,9/30/23,39,2023,0,11511,,25240.65,22,,48.24,,,,,,,,,,
62,Nunavut,Nunavut,9/30/23,39,2023,0,3531,,8712.93,7,,17.27,,,,,,,,,,
99,Repatriated travellers,Voyageurs rapatriés,9/30/23,39,2023,,13,0,,0,0,,,,0,0,,,0,,0,
1,Canada,Canada,9/30/23,39,2023,,4753076,10395,12209.32,54830,176,140.84,26.7,0.45,19283,309,49.53,0.79,1485,3.81,25.14,0.06
59,British Columbia,Colombie-Britannique,10/7/23,40,2023,1,408442,821,7678.46,6069,55,114.09,15.43,1.03,1707,96,32.09,1.8,117.29,2.2,7.86,0.15
48,Alberta,Alberta,10/7/23,40,2023,1,638464,859,14053.45,5974,39,131.5,18.91,0.86,1586,69,34.91,1.52,122.71,2.7,5.57,0.12
47,Saskatchewan,Saskatchewan,10/7/23,40,2023,1,157511,270,13183.01,2011,3,168.31,22.6,0.25,499,4,41.76,0.33,38.57,3.23,0.43,0.04
46,Manitoba,Manitoba,10/7/23,40,2023,1,157703,165,11190.78,2516,5,178.54,11.71,0.35,392,5,27.82,0.35,23.57,1.67,0.71,0.05
35,Ontario,Ontario,10/7/23,40,2023,1,1647283,3060,10902.36,17530,31,116.02,20.25,0.21,6288,72,41.62,0.48,437.14,2.89,4.43,0.03
24,Quebec,Québec,10/7/23,40,2023,1,1381887,5199,15891.69,18577,71,213.64,59.79,0.82,10123,130,116.41,1.49,742.71,8.54,10.14,0.12
10,Newfoundland and Labrador,Terre-Neuve-et-Labrador,10/7/23,40,2023,1,56317,86,10707.22,366,1,69.59,16.35,0.19,155,2,29.47,0.38,12.29,2.34,0.14,0.03
13,New Brunswick,Nouveau-Brunswick,10/7/23,40,2023,1,92101,133,11341.64,946,2,116.49,16.38,0.25,238,5,29.31,0.62,19,2.34,0.29,0.04
12,Nova Scotia,Nouvelle-Écosse,10/7/23,40,2023,0,146422,,14358.97,877,,86,,,,,,,,,,
11,Prince Edward Island,Île-du-Prince-Édouard,10/7/23,40,2023,1,57566,,33725.86,110,,64.45,,,71,0,41.6,0,,,,
60,Yukon,Yukon,10/7/23,40,2023,0,4989,,11393.27,32,,73.08,,,,,,,,,,
61,Northwest Territories,Territoires du Nord-Ouest,10/7/23,40,2023,0,11511,,25240.65,22,,48.24,,,,,,,,,,
62,Nunavut,Nunavut,10/7/23,40,2023,0,3531,,8712.93,7,,17.27,,,,,,,,,,
99,Repatriated travellers,Voyageurs rapatriés,10/7/23,40,2023,,13,0,,0,0,,,,0,0,,,0,,0,
1,Canada,Canada,10/7/23,40,2023,,4763740,10593,12236.71,55037,207,141.37,27.21,0.53,21059,21059,54.09,54.09,1513.29,3.89,29.57,0.08
59,British Columbia,Colombie-Britannique,10/14/23,41,2023,1,409181,739,7692.35,6134,65,115.32,13.89,1.22,1560,120,29.33,2.26,105.57,1.98,9.29,0.17
48,Alberta,Alberta,10/14/23,41,2023,1,639415,951,14074.39,6005,31,132.18,20.93,0.68,1810,70,39.84,1.54,135.86,2.99,4.43,0.1
47,Saskatchewan,Saskatchewan,10/14/23,41,2023,1,157856,345,13211.89,2014,3,168.56,28.88,0.25,615,6,51.47,0.5,49.29,4.13,0.43,0.04
46,Manitoba,Manitoba,10/14/23,41,2023,1,157852,149,11201.35,2518,2,178.68,10.57,0.14,314,7,22.28,0.5,21.29,1.51,0.29,0.02
35,Ontario,Ontario,10/14/23,41,2023,1,1649798,2515,10919.01,17574,44,116.31,16.65,0.29,5575,75,36.9,0.5,359.29,2.38,6.29,0.04
24,Quebec,Québec,10/14/23,41,2023,1,1385407,3520,15932.17,18652,75,214.5,40.48,0.86,8719,146,100.27,1.68,502.86,5.78,10.71,0.12
10,Newfoundland and Labrador,Terre-Neuve-et-Labrador,10/14/23,41,2023,1,56417,100,10726.24,366,0,69.59,19.01,0,186,1,35.36,0.19,14.29,2.72,0,0
13,New Brunswick,Nouveau-Brunswick,10/14/23,41,2023,1,92255,154,11360.6,949,3,116.86,18.96,0.37,287,5,35.34,0.62,22,2.71,0.43,0.05
12,Nova Scotia,Nouvelle-Écosse,10/14/23,41,2023,1,147358,,14450.76,879,,86.2,,,936,2,91.79,0.2,,,,
11,Prince Edward Island,Île-du-Prince-Édouard,10/14/23,41,2023,0,57566,,33725.86,110,,64.45,,,,,,,,,,
60,Yukon,Yukon,10/14/23,41,2023,0,4989,,11393.27,32,,73.08,,,,,,,,,,
61,Northwest Territories,Territoires du Nord-Ouest,10/14/23,41,2023,0,11511,,25240.65,22,,48.24,,,,,,,,,,
62,Nunavut,Nunavut,10/14/23,41,2023,0,3531,,8712.93,7,,17.27,,,,,,,,,,
99,Repatriated travellers,Voyageurs rapatriés,10/14/23,41,2023,,13,0,,0,0,,,,0,0,,,0,,0,
1,Canada,Canada,10/14/23,41,2023,,4773149,8473,12260.88,55262,223,141.95,21.76,0.57,20002,432,51.38,1.11,1210.43,3.11,31.86,0.08
59,British Columbia,Colombie-Britannique,10/21/23,42,2023,1,409754,573,7703.12,6204,70,116.63,10.77,1.32,1312,135,24.66,2.54,81.86,1.54,10,0.19
48,Alberta,Alberta,10/21/23,42,2023,1,640343,928,14094.81,6042,37,132.99,20.43,0.81,1879,68,41.36,1.5,132.57,2.92,5.29,0.12
47,Saskatchewan,Saskatchewan,10/21/23,42,2023,1,158246,390,13244.53,2015,1,168.65,32.64,0.08,735,4,61.52,0.33,55.71,4.66,0.14,0.01
46,Manitoba,Manitoba,10/21/23,42,2023,1,158053,201,11215.61,2518,0,178.68,14.26,0,350,2,24.84,0.14,28.71,2.04,0,0
35,Ontario,Ontario,10/21/23,42,2023,1,1652751,2953,10938.55,17612,38,116.56,19.54,0.25,5468,82,36.19,0.54,421.86,2.79,5.43,0.04
24,Quebec,Québec,10/21/23,42,2023,1,1388958,3551,15973,18720,68,215.28,40.84,0.78,7071,143,81.32,1.64,507.29,5.83,9.71,0.11
10,Newfoundland and Labrador,Terre-Neuve-et-Labrador,10/21/23,42,2023,1,56502,85,10742.4,367,1,69.78,16.16,0.19,185,1,35.17,0.19,12.14,2.31,0.14,0.03
13,New Brunswick,Nouveau-Brunswick,10/21/23,42,2023,1,92392,137,11377.47,953,4,117.36,16.87,0.49,291,7,35.83,0.86,19.57,2.41,0.57,0.07
12,Nova Scotia,Nouvelle-Écosse,10/21/23,42,2023,0,147358,,14450.76,879,,86.2,,,,,,,,,,
11,Prince Edward Island,Île-du-Prince-Édouard,10/21/23,42,2023,1,57679,,33792.07,111,,65.03,,,113,1,66.2,0.59,,,,
60,Yukon,Yukon,10/21/23,42,2023,0,4989,,11393.27,32,,73.08,,,,,,,,,,
61,Northwest Territories,Territoires du Nord-Ouest,10/21/23,42,2023,0,11511,,25240.65,22,,48.24,,,,,,,,,,
62,Nunavut,Nunavut,10/21/23,42,2023,0,3531,,8712.93,7,,17.27,,,,,,,,,,
99,Repatriated travellers,Voyageurs rapatriés,10/21/23,42,2023,,13,0,,0,0,,,,0,0,,,0,,0,
1,Canada,Canada,10/21/23,42,2023,,4782080,8818,12283.82,55482,219,142.52,22.65,0.56,17404,443,44.71,1.14,1259.71,3.24,31.29,0.08
59,British Columbia,Colombie-Britannique,10/28/23,43,2023,1,410214,460,7711.77,6255,51,117.59,8.65,0.96,1033,121,19.42,2.27,65.71,1.24,7.29,0.14
48,Alberta,Alberta,10/28/23,43,2023,1,641169,826,14112.99,6080,38,133.83,18.18,0.84,1754,75,38.61,1.65,118,2.6,5.43,0.12
47,Saskatchewan,Saskatchewan,10/28/23,43,2023,1,158642,396,13277.67,2016,1,168.73,33.14,0.08,786,2,65.78,0.17,56.57,4.73,0.14,0.01
46,Manitoba,Manitoba,10/28/23,43,2023,1,158227,174,11227.96,2527,9,179.32,12.35,0.64,375,9,26.61,0.64,24.86,1.76,1.29,0.09
35,Ontario,Ontario,10/28/23,43,2023,1,1656175,3424,10961.21,17665,53,116.91,22.66,0.35,6377,91,42.21,0.6,489.14,3.24,7.57,0.05
24,Quebec,Québec,10/28/23,43,2023,1,1392425,3467,16012.87,18790,70,216.08,39.87,0.8,7018,138,80.71,1.59,495.29,5.7,10,0.11
10,Newfoundland and Labrador,Terre-Neuve-et-Labrador,10/28/23,43,2023,1,56577,75,10756.66,368,1,69.97,14.26,0.19,160,2,30.42,0.38,10.71,2.04,0.14,0.03
13,New Brunswick,Nouveau-Brunswick,10/28/23,43,2023,1,92520,128,11393.23,956,3,117.73,15.76,0.37,265,7,32.63,0.86,18.29,2.25,0.43,0.05
12,Nova Scotia,Nouvelle-Écosse,10/28/23,43,2023,1,147953,,14509.11,882,,86.49,,,595,3,58.35,0.29,,,,
11,Prince Edward Island,Île-du-Prince-Édouard,10/28/23,43,2023,0,57679,,33792.07,111,,65.03,,,,,,,,,,
60,Yukon,Yukon,10/28/23,43,2023,0,4989,,11393.27,32,,73.08,,,,,,,,,,
61,Northwest Territories,Territoires du Nord-Ouest,10/28/23,43,2023,0,11511,,25240.65,22,,48.24,,,,,,,,,,
62,Nunavut,Nunavut,10/28/23,43,2023,0,3531,,8712.93,7,,17.27,,,,,,,,,,
99,Repatriated travellers,Voyageurs rapatriés,10/28/23,43,2023,,13,0,,0,0,,,,0,0,,,0,,0,
1,Canada,Canada,10/28/23,43,2023,,4791625,8950,12308.34,55711,226,143.11,22.99,0.58,18363,448,47.17,1.15,1278.57,3.28,32.29,0.08
59,British Columbia,Colombie-Britannique,11/4/23,44,2023,1,410754,540,7721.92,6302,47,118.47,10.15,0.88,1000,98,18.8,1.84,77.14,1.45,6.71,0.13
48,Alberta,Alberta,11/4/23,44,2023,1,642115,946,14133.82,6120,40,134.71,20.82,0.88,1772,78,39,1.72,135.14,2.97,5.71,0.13
47,Saskatchewan,Saskatchewan,11/4/23,44,2023,1,159084,442,13314.66,2018,2,168.9,36.99,0.17,838,3,70.14,0.25,63.14,5.28,0.29,0.02
46,Manitoba,Manitoba,11/4/23,44,2023,1,158467,240,11244.99,2527,0,179.32,17.03,0,414,9,29.38,0.64,34.29,2.43,0,0
35,Ontario,Ontario,11/4/23,44,2023,1,1659305,3130,10981.93,17712,47,117.22,20.72,0.31,6554,100,43.38,0.66,447.14,2.96,6.71,0.04
24,Quebec,Québec,11/4/23,44,2023,1,1395762,3337,16051.25,18842,52,216.68,38.38,0.6,6804,122,78.25,1.4,476.71,5.48,7.43,0.09
10,Newfoundland and Labrador,Terre-Neuve-et-Labrador,11/4/23,44,2023,1,56653,76,10771.11,370,2,70.35,14.45,0.38,151,3,28.71,0.57,10.86,2.06,0.29,0.05
13,New Brunswick,Nouveau-Brunswick,11/4/23,44,2023,1,92636,116,11407.52,958,2,117.97,14.28,0.25,244,5,30.05,0.62,16.57,2.04,0.29,0.04
12,Nova Scotia,Nouvelle-Écosse,11/4/23,44,2023,1,148206,253,14533.92,891,9,87.38,24.81,0.88,,,,,36.14,3.54,1.29,0.13
11,Prince Edward Island,Île-du-Prince-Édouard,11/4/23,44,2023,1,57735,,33824.87,111,,65.03,,,56,0,32.81,0,,,,
60,Yukon,Yukon,11/4/23,44,2023,0,4989,,11393.27,32,,73.08,,,,,,,,,,
61,Northwest Territories,Territoires du Nord-Ouest,11/4/23,44,2023,0,11511,,25240.65,22,,48.24,,,,,,,,,,
62,Nunavut,Nunavut,11/4/23,44,2023,0,3531,,8712.93,7,,17.27,,,,,,,,,,
99,Repatriated travellers,Voyageurs rapatriés,11/4/23,44,2023,,13,0,,0,0,,,,0,0,,,0,,0,
1,Canada,Canada,11/4/23,44,2023,,4800761,9080,12331.81,55912,201,143.62,23.32,0.52,18086,18086,46.46,46.46,1297.14,3.33,28.71,0.07
59,British Columbia,Colombie-Britannique,11/11/23,45,2023,1,411232,478,7730.91,6346,44,119.3,8.99,0.83,1018,91,19.14,1.71,68.29,1.28,6.29,0.12
48,Alberta,Alberta,11/11/23,45,2023,1,642956,841,14152.33,6144,24,135.24,18.51,0.53,1787,64,39.33,1.41,120.14,2.64,3.43,0.08
47,Saskatchewan,Saskatchewan,11/11/23,45,2023,1,159580,496,13356.18,2021,3,169.15,41.51,0.25,938,5,78.51,0.42,70.86,5.93,0.43,0.04
46,Manitoba,Manitoba,11/11/23,45,2023,1,158725,258,11263.3,2527,0,179.32,18.31,0,498,0,35.34,0,36.86,2.62,0,0
35,Ontario,Ontario,11/11/23,45,2023,1,1662746,3441,11004.7,17764,52,117.57,22.77,0.34,6571,99,43.49,0.66,491.57,3.25,7.43,0.05
24,Quebec,Québec,11/11/23,45,2023,1,1399396,3634,16093.04,18907,65,217.43,41.79,0.75,6971,117,80.17,1.35,519.14,5.97,9.29,0.11
10,Newfoundland and Labrador,Terre-Neuve-et-Labrador,11/11/23,45,2023,1,56747,94,10788.98,371,1,70.54,17.87,0.19,170,3,32.32,0.57,13.43,2.55,0.14,0.03
13,New Brunswick,Nouveau-Brunswick,11/11/23,45,2023,1,92760,124,11422.79,962,4,118.46,15.27,0.49,240,6,29.55,0.74,17.71,2.18,0.57,0.07
12,Nova Scotia,Nouvelle-Écosse,11/11/23,45,2023,1,148499,293,14562.65,905,14,88.75,28.73,1.37,546,23,53.54,2.26,41.86,4.1,2,0.2
11,Prince Edward Island,Île-du-Prince-Édouard,11/11/23,45,2023,0,57735,,33824.87,111,,65.03,,,,,,,,,,
60,Yukon,Yukon,11/11/23,45,2023,0,4989,,11393.27,32,,73.08,,,,,,,,,,
61,Northwest Territories,Territoires du Nord-Ouest,11/11/23,45,2023,0,11511,,25240.65,22,,48.24,,,,,,,,,,
62,Nunavut,Nunavut,11/11/23,45,2023,0,3531,,8712.93,7,,17.27,,,,,,,,,,
99,Repatriated travellers,Voyageurs rapatriés,11/11/23,45,2023,,13,0,,0,0,,,,0,0,,,0,,0,
1,Canada,Canada,11/11/23,45,2023,,4810420,9659,12356.62,56119,207,144.15,24.81,0.53,18739,408,48.14,1.05,1379.86,3.54,29.57,0.08
59,British Columbia,Colombie-Britannique,11/18/23,46,2023,1,411595,363,7737.73,6385,39,120.03,6.82,0.73,841,83,15.81,1.56,51.86,0.97,5.57,0.1
48,Alberta,Alberta,11/18/23,46,2023,1,643876,920,14172.58,6168,24,135.77,20.25,0.53,1761,48,38.76,1.06,131.43,2.89,3.43,0.08
47,Saskatchewan,Saskatchewan,11/18/23,46,2023,1,160006,426,13391.83,2025,4,169.48,35.65,0.33,922,7,77.17,0.59,60.86,5.09,0.57,0.05
46,Manitoba,Manitoba,11/18/23,46,2023,1,159038,313,11285.51,2528,1,179.39,22.21,0.07,571,1,40.52,0.07,44.71,3.17,0.14,0.01
35,Ontario,Ontario,11/18/23,46,2023,1,1666865,4119,11031.96,17834,70,118.03,27.26,0.46,7560,122,50.04,0.81,588.43,3.89,10,0.07
24,Quebec,Québec,11/18/23,46,2023,1,1403558,4162,16140.9,18963,56,218.07,47.86,0.64,7796,121,89.65,1.39,594.57,6.84,8,0.09
10,Newfoundland and Labrador,Terre-Neuve-et-Labrador,11/18/23,46,2023,1,56848,101,10808.18,372,1,70.73,19.2,0.19,195,2,37.07,0.38,14.43,2.74,0.14,0.03
13,New Brunswick,Nouveau-Brunswick,11/18/23,46,2023,1,92922,162,11442.74,964,2,118.71,19.95,0.25,286,6,35.22,0.74,23.14,2.85,0.29,0.04
12,Nova Scotia,Nouvelle-Écosse,11/18/23,46,2023,1,148900,401,14601.98,923,18,90.51,39.32,1.77,694,32,68.06,3.14,57.29,5.62,2.57,0.25
11,Prince Edward Island,Île-du-Prince-Édouard,11/18/23,46,2023,1,57861,,33898.69,112,,65.62,,,126,1,73.82,0.59,,,,
60,Yukon,Yukon,11/18/23,46,2023,0,4989,,11393.27,32,,73.08,,,,,,,,,,
61,Northwest Territories,Territoires du Nord-Ouest,11/18/23,46,2023,0,11511,,25240.65,22,,48.24,,,,,,,,,,
62,Nunavut,Nunavut,11/18/23,46,2023,0,3531,,8712.93,7,,17.27,,,,,,,,,,
99,Repatriated travellers,Voyageurs rapatriés,11/18/23,46,2023,,13,0,,0,0,,,,0,0,,,0,,0,
1,Canada,Canada,11/18/23,46,2023,,4821513,10967,12385.11,56335,215,144.71,28.17,0.55,20752,423,53.31,1.09,1566.71,4.02,30.71,0.08
59,British Columbia,Colombie-Britannique,11/25/23,47,2023,1,411977,382,7744.91,6409,24,120.49,7.18,0.45,745,63,14.01,1.18,54.57,1.03,3.43,0.06
48,Alberta,Alberta,11/25/23,47,2023,1,644682,806,14190.32,6179,11,136.01,17.74,0.24,1726,35,37.99,0.77,115.14,2.53,1.57,0.03
47,Saskatchewan,Saskatchewan,11/25/23,47,2023,1,160401,395,13424.89,2029,4,169.82,33.06,0.33,821,8,68.71,0.67,56.43,4.72,0.57,0.05
46,Manitoba,Manitoba,11/25/23,47,2023,1,159312,274,11304.95,2530,2,179.53,19.44,0.14,587,3,41.65,0.21,39.14,2.78,0.29,0.02
35,Ontario,Ontario,11/25/23,47,2023,1,1671397,4532,11061.96,17887,53,118.38,29.99,0.35,8651,123,57.26,0.81,647.43,4.28,7.57,0.05
24,Quebec,Québec,11/25/23,47,2023,1,1408024,4466,16192.26,19029,66,218.83,51.36,0.76,8628,122,99.22,1.4,638,7.34,9.43,0.11
10,Newfoundland and Labrador,Terre-Neuve-et-Labrador,11/25/23,47,2023,1,56984,136,10834.04,375,3,71.3,25.86,0.57,237,4,45.06,0.76,19.43,3.69,0.43,0.08
13,New Brunswick,Nouveau-Brunswick,11/25/23,47,2023,1,93075,153,11461.58,968,4,119.2,18.84,0.49,315,6,38.79,0.74,21.86,2.69,0.57,0.07
12,Nova Scotia,Nouvelle-Écosse,11/25/23,47,2023,1,149277,377,14638.95,931,8,91.3,36.97,0.78,778,26,76.3,2.55,53.86,5.28,1.14,0.11
11,Prince Edward Island,Île-du-Prince-Édouard,11/25/23,47,2023,0,57861,,33898.69,112,,65.62,,,,,,,,,,
60,Yukon,Yukon,11/25/23,47,2023,0,4989,,11393.27,32,,73.08,,,,,,,,,,
61,Northwest Territories,Territoires du Nord-Ouest,11/25/23,47,2023,0,11511,,25240.65,22,,48.24,,,,,,,,,,
62,Nunavut,Nunavut,11/25/23,47,2023,0,3531,,8712.93,7,,17.27,,,,,,,,,,
99,Repatriated travellers,Voyageurs rapatriés,11/25/23,47,2023,,13,0,,0,0,,,,0,0,,,0,,0,
1,Canada,Canada,11/25/23,47,2023,,4833034,11521,12414.71,56510,175,145.16,29.59,0.45,22488,390,57.77,1,1645.86,4.23,25,0.06
59,British Columbia,Colombie-Britannique,12/2/23,48,2023,1,412334,357,7751.62,6449,40,121.24,6.71,0.75,739,64,13.89,1.2,51,0.96,5.71,0.11
48,Alberta,Alberta,12/2/23,48,2023,1,645438,756,14206.96,6196,17,136.38,16.64,0.37,1562,28,34.38,0.62,108,2.38,2.43,0.05
47,Saskatchewan,Saskatchewan,12/2/23,48,2023,1,160709,308,13450.67,2031,2,169.99,25.78,0.17,703,6,58.84,0.5,44,3.68,0.29,0.02
46,Manitoba,Manitoba,12/2/23,48,2023,1,159520,208,11319.71,2534,4,179.82,14.76,0.28,482,6,34.2,0.43,29.71,2.11,0.57,0.04
35,Ontario,Ontario,12/2/23,48,2023,1,1675636,4239,11090.01,17933,46,118.69,28.06,0.3,8771,99,58.05,0.66,605.57,4.01,6.57,0.04
24,Quebec,Québec,12/2/23,48,2023,1,1413088,5064,16250.5,19099,70,219.64,58.24,0.8,9530,136,109.59,1.56,723.43,8.32,10,0.11
10,Newfoundland and Labrador,Terre-Neuve-et-Labrador,12/2/23,48,2023,1,57117,133,10859.32,377,2,71.68,25.29,0.38,269,5,51.14,0.95,19,3.61,0.29,0.05
13,New Brunswick,Nouveau-Brunswick,12/2/23,48,2023,1,93213,138,11478.57,970,2,119.45,16.99,0.25,291,6,35.83,0.74,19.71,2.43,0.29,0.04
12,Nova Scotia,Nouvelle-Écosse,12/2/23,48,2023,1,149614,337,14671.99,947,16,92.87,33.05,1.57,714,24,70.02,2.35,48.14,4.72,2.29,0.22
11,Prince Edward Island,Île-du-Prince-Édouard,12/2/23,48,2023,1,58011,,33986.57,113,,66.2,,,150,1,87.88,0.59,,,,
60,Yukon,Yukon,12/2/23,48,2023,0,4989,,11393.27,32,,73.08,,,,,,,,,,
61,Northwest Territories,Territoires du Nord-Ouest,12/2/23,48,2023,0,11511,,25240.65,22,,48.24,,,,,,,,,,
62,Nunavut,Nunavut,12/2/23,48,2023,0,3531,,8712.93,7,,17.27,,,,,,,,,,
99,Repatriated travellers,Voyageurs rapatriés,12/2/23,48,2023,,13,0,,0,0,,,,0,0,,,0,,0,
1,Canada,Canada,12/2/23,48,2023,,4844724,11540,12444.74,56710,199,145.67,29.64,0.51,23211,375,59.62,0.96,1648.57,4.23,28.43,0.07
59,British Columbia,Colombie-Britannique,12/9/23,49,2023,1,412753,419,7759.5,6449,0,121.24,7.88,0,776,40,14.59,0.75,59.86,1.13,0,0
48,Alberta,Alberta,12/9/23,49,2023,1,646208,770,14223.91,6219,23,136.89,16.95,0.51,1526,40,33.59,0.88,110,2.42,3.29,0.07
47,Saskatchewan,Saskatchewan,12/9/23,49,2023,1,161016,307,13476.36,2033,2,170.15,25.69,0.17,615,4,51.47,0.33,43.86,3.67,0.29,0.02
46,Manitoba,Manitoba,12/9/23,49,2023,1,159728,208,11334.47,2571,37,182.44,14.76,2.63,416,41,29.52,2.91,29.71,2.11,5.29,0.38
35,Ontario,Ontario,12/9/23,49,2023,1,1679729,4093,11117.1,17999,66,119.12,27.09,0.44,8332,112,55.14,0.74,584.71,3.87,9.43,0.06
24,Quebec,Québec,12/9/23,49,2023,1,1418501,5413,16312.75,19171,72,220.47,62.25,0.83,10477,142,120.49,1.63,773.29,8.89,10.29,0.12
10,Newfoundland and Labrador,Terre-Neuve-et-Labrador,12/9/23,49,2023,1,57236,119,10881.95,379,2,72.06,22.62,0.38,252,4,47.91,0.76,17,3.23,0.29,0.05
13,New Brunswick,Nouveau-Brunswick,12/9/23,49,2023,1,93381,168,11499.26,972,2,119.7,20.69,0.25,306,4,37.68,0.49,24,2.96,0.29,0.04
12,Nova Scotia,Nouvelle-Écosse,12/9/23,49,2023,1,149931,317,14703.08,950,3,93.16,31.09,0.29,654,19,64.13,1.86,45.29,4.44,0.43,0.04
11,Prince Edward Island,Île-du-Prince-Édouard,12/9/23,49,2023,1,58070,59,34021.14,114,1,66.79,34.57,0.59,,,,,8.43,4.94,0.14,0.08
60,Yukon,Yukon,12/9/23,49,2023,0,4989,,11393.27,32,,73.08,,,,,,,,,,
61,Northwest Territories,Territoires du Nord-Ouest,12/9/23,49,2023,0,11511,,25240.65,22,,48.24,,,,,,,,,,
62,Nunavut,Nunavut,12/9/23,49,2023,0,3531,,8712.93,7,,17.27,,,,,,,,,,
99,Repatriated travellers,Voyageurs rapatriés,12/9/23,49,2023,,13,0,,0,0,,,,0,0,,,0,,0,
1,Canada,Canada,12/9/23,49,2023,,4856597,11873,12475.24,56918,208,146.21,30.5,0.53,23413,407,60.14,1.05,1696.14,4.36,29.71,0.08
59,British Columbia,Colombie-Britannique,12/16/23,50,2023,1,412814,61,7760.65,6476,27,121.74,1.15,0.51,480,27,9.02,0.51,8.71,0.16,3.86,0.07
48,Alberta,Alberta,12/16/23,50,2023,1,646869,661,14238.46,6232,13,137.17,14.55,0.29,1431,36,31.5,0.79,94.43,2.08,1.86,0.04
47,Saskatchewan,Saskatchewan,12/16/23,50,2023,1,161278,262,13498.29,2036,3,170.4,21.93,0.25,569,5,47.62,0.42,37.43,3.13,0.43,0.04
46,Manitoba,Manitoba,12/16/23,50,2023,1,159940,212,11349.52,2571,,182.44,15.04,,420,,29.8,,30.29,2.15,,
35,Ontario,Ontario,12/16/23,50,2023,1,1684174,4445,11146.52,18035,36,119.36,29.42,0.24,8538,102,56.51,0.68,635,4.2,5.14,0.03
24,Quebec,Québec,12/16/23,50,2023,1,1424756,6255,16384.68,19247,76,221.34,71.93,0.87,11668,148,134.18,1.7,893.57,10.28,10.86,0.12
10,Newfoundland and Labrador,Terre-Neuve-et-Labrador,12/16/23,50,2023,1,57352,116,10904,380,1,72.25,22.05,0.19,235,3,44.68,0.57,16.57,3.15,0.14,0.03
13,New Brunswick,Nouveau-Brunswick,12/16/23,50,2023,1,93381,,11499.26,978,6,120.43,,0.74,,8,,0.99,,,0.86,0.11
12,Nova Scotia,Nouvelle-Écosse,12/16/23,50,2023,1,150238,307,14733.19,959,9,94.04,30.11,0.88,624,12,61.19,1.18,43.86,4.3,1.29,0.13
11,Prince Edward Island,Île-du-Prince-Édouard,12/16/23,50,2023,1,58117,47,34048.67,114,0,66.79,27.54,0,106,1,62.1,0.59,6.71,3.93,0,0
60,Yukon,Yukon,12/16/23,50,2023,0,4989,,11393.27,32,,73.08,,,,,,,,,,
61,Northwest Territories,Territoires du Nord-Ouest,12/16/23,50,2023,0,11511,,25240.65,22,,48.24,,,,,,,,,,
62,Nunavut,Nunavut,12/16/23,50,2023,0,3531,,8712.93,7,,17.27,,,,,,,,,,
99,Repatriated travellers,Voyageurs rapatriés,12/16/23,50,2023,,13,0,,0,0,,,,0,0,,,0,,0,
1,Canada,Canada,12/16/23,50,2023,,4868963,12366,12507,57089,171,146.65,31.76,0.44,24239,379,62.26,0.97,1766.57,4.54,24.43,0.06
59,British Columbia,Colombie-Britannique,12/23/23,51,2023,1,413177,363,7767.47,6499,23,122.18,6.82,0.43,424,50,7.97,0.94,51.86,0.97,3.29,0.06
48,Alberta,Alberta,12/23/23,51,2023,1,647430,561,14250.81,6239,7,137.33,12.35,0.15,1222,20,26.9,0.44,80.14,1.76,1,0.02
47,Saskatchewan,Saskatchewan,12/23/23,51,2023,1,161499,221,13516.79,2039,3,170.66,18.5,0.25,483,6,40.43,0.5,31.57,2.64,0.43,0.04
46,Manitoba,Manitoba,12/23/23,51,2023,1,160090,150,11360.16,2571,,182.44,10.64,,362,,25.69,,21.43,1.52,,
35,Ontario,Ontario,12/23/23,51,2023,1,1688327,4153,11174.01,18064,29,119.55,27.49,0.19,8598,65,56.9,0.43,593.29,3.93,4.14,0.03
24,Quebec,Québec,12/23/23,51,2023,1,1430504,5748,16450.78,19328,81,222.27,66.1,0.93,12003,157,138.03,1.81,821.14,9.44,11.57,0.13
10,Newfoundland and Labrador,Terre-Neuve-et-Labrador,12/23/23,51,2023,1,57455,103,10923.59,381,1,72.44,19.58,0.19,219,2,41.64,0.38,14.71,2.8,0.14,0.03
13,New Brunswick,Nouveau-Brunswick,12/23/23,51,2023,1,93753,,11545.07,983,5,121.05,,0.62,,11,,1.35,,,0.71,0.09
12,Nova Scotia,Nouvelle-Écosse,12/23/23,51,2023,1,150542,304,14763,961,2,94.24,29.81,0.2,611,11,59.92,1.08,43.43,4.26,0.29,0.03
11,Prince Edward Island,Île-du-Prince-Édouard,12/23/23,51,2023,0,58117,,34048.67,114,,66.79,,,,,,,,,,
60,Yukon,Yukon,12/23/23,51,2023,0,4989,,11393.27,32,,73.08,,,,,,,,,,
61,Northwest Territories,Territoires du Nord-Ouest,12/23/23,51,2023,0,11511,,25240.65,22,,48.24,,,,,,,,,,
62,Nunavut,Nunavut,12/23/23,51,2023,0,3531,,8712.93,7,,17.27,,,,,,,,,,
99,Repatriated travellers,Voyageurs rapatriés,12/23/23,51,2023,,13,0,,0,0,,,,0,0,,,0,,0,
1,Canada,Canada,12/23/23,51,2023,,4880938,11603,12537.76,57240,151,147.03,29.8,0.39,23969,322,61.57,0.83,1657.57,4.26,21.57,0.06
59,British Columbia,Colombie-Britannique,12/30/23,52,2023,1,413600,423,7775.42,6523,24,122.63,7.95,0.45,786,47,14.78,0.88,60.43,1.14,3.43,0.06
48,Alberta,Alberta,12/30/23,52,2023,1,647958,528,14262.43,6248,9,137.53,11.62,0.2,1089,16,23.97,0.35,75.43,1.66,1.29,0.03
47,Saskatchewan,Saskatchewan,12/30/23,52,2023,1,161701,202,13533.7,2041,2,170.82,16.91,0.17,423,5,35.4,0.42,28.86,2.42,0.29,0.02
46,Manitoba,Manitoba,12/30/23,52,2023,1,160230,140,11370.1,2571,,182.44,9.93,,290,,20.58,,20,1.42,,
35,Ontario,Ontario,12/30/23,52,2023,1,1692219,3892,11199.76,18104,40,119.82,25.76,0.26,8045,69,53.24,0.46,556,3.68,5.71,0.04
24,Quebec,Québec,12/30/23,52,2023,1,1435361,4857,16506.64,19415,87,223.27,55.86,1,10605,168,121.96,1.93,693.86,7.98,12.43,0.14
10,Newfoundland and Labrador,Terre-Neuve-et-Labrador,12/30/23,52,2023,1,57542,87,10940.13,384,3,73.01,16.54,0.57,190,4,36.12,0.76,12.43,2.36,0.43,0.08
13,New Brunswick,Nouveau-Brunswick,12/30/23,52,2023,1,93899,146,11563.05,989,6,121.79,17.98,0.74,,11,,1.35,20.86,2.57,0.86,0.11
12,Nova Scotia,Nouvelle-Écosse,12/30/23,52,2023,1,150811,269,14789.38,961,0,94.24,26.38,0,573,2,56.19,0.2,38.43,3.77,0,0
11,Prince Edward Island,Île-du-Prince-Édouard,12/30/23,52,2023,1,58228,,34113.7,114,,66.79,,,111,0,65.03,0,,,,
60,Yukon,Yukon,12/30/23,52,2023,0,4989,,11393.27,32,,73.08,,,,,,,,,,
61,Northwest Territories,Territoires du Nord-Ouest,12/30/23,52,2023,0,11511,,25240.65,22,,48.24,,,,,,,,,,
62,Nunavut,Nunavut,12/30/23,52,2023,0,3531,,8712.93,7,,17.27,,,,,,,,,,
99,Repatriated travellers,Voyageurs rapatriés,12/30/23,52,2023,,13,0,,0,0,,,,0,0,,,0,,0,
1,Canada,Canada,12/30/23,52,2023,,4891593,10544,12565.13,57411,171,147.47,27.08,0.44,22258,322,57.17,0.83,1506.29,3.87,24.43,0.06
59,British Columbia,Colombie-Britannique,1/6/24,1,2024,1,414111,511,7785.03,6543,20,123,9.61,0.38,934,44,17.56,0.83,73,1.37,2.86,0.05
48,Alberta,Alberta,1/6/24,1,2024,1,648551,593,14275.48,6258,10,137.75,13.05,0.22,1121,19,24.67,0.42,84.71,1.86,1.43,0.03
47,Saskatchewan,Saskatchewan,1/6/24,1,2024,1,161951,250,13554.62,2041,0,170.82,20.92,0,452,2,37.83,0.17,35.71,2.99,0,0
46,Manitoba,Manitoba,1/6/24,1,2024,1,160348,118,11378.47,2571,-,182.44,8.37,-,258,-,18.31,-,16.86,1.2,-,-
35,Ontario,Ontario,1/6/24,1,2024,1,1696364,4145,11227.2,18145,41,120.09,27.43,0.27,8037,81,53.19,0.54,592.14,3.92,5.86,0.04
24,Quebec,Québec,1/6/24,1,2024,1,1439754,4393,16557.16,19493,78,224.17,50.52,0.9,9250,165,106.37,1.9,627.57,7.22,11.14,0.13
10,Newfoundland and Labrador,Terre-Neuve-et-Labrador,1/6/24,1,2024,1,57647,105,10960.09,388,4,73.77,19.96,0.76,192,7,36.5,1.33,15,2.85,0.57,0.11
13,New Brunswick,Nouveau-Brunswick,1/6/24,1,2024,1,94041,142,11580.53,998,9,122.9,17.49,1.11,288,15,35.47,1.85,20.29,2.5,1.29,0.16
12,Nova Scotia,Nouvelle-Écosse,1/6/24,1,2024,1,151058,247,14813.6,974,13,95.52,24.22,1.27,516,13,50.6,1.27,35.29,3.46,1.86,0.18
11,Prince Edward Island,Île-du-Prince-Édouard,1/6/24,1,2024,1,58267,39,34136.55,114,0,66.79,22.85,0,-,-,-,-,5.57,3.26,0,0
60,Yukon,Yukon,1/6/24,1,2024,0,4989,,11393.27,32,,73.08,,,,,,,,,,
61,Northwest Territories,Territoires du Nord-Ouest,1/6/24,1,2024,0,11511,,25240.65,22,,48.24,,,,,,,,,,
62,Nunavut,Nunavut,1/6/24,1,2024,0,3531,,8712.93,7,,17.27,,,,,,,,,,
99,Repatriated travellers,Voyageurs rapatriés,1/6/24,1,2024,,13,0,,0,0,,,,0,0,,,0,,0,
1,Canada,Canada,1/6/24,1,2024,,4902136,10543,12592.21,57586,175,147.92,27.08,0.45,21087,346,54.17,0.89,1506.14,3.87,25,0.06
59,British Columbia,Colombie-Britannique,1/13/24,2,2024,1,414654,543,7795.24,6563,20,123.38,10.21,0.38,1054,40,19.81,0.75,77.57,1.46,2.86,0.05
48,Alberta,Alberta,1/13/24,2,2024,1,649077,526,14287.06,6262,4,137.84,11.58,0.09,1119,14,24.63,0.31,75.14,1.65,0.57,0.01
47,Saskatchewan,Saskatchewan,1/13/24,2,2024,1,162124,173,13569.1,2042,1,170.91,14.48,0.08,423,1,35.4,0.08,24.71,2.07,0.14,0.01
46,Manitoba,Manitoba,1/13/24,2,2024,1,160450,102,11385.71,2571,-,182.44,7.24,-,220,-,15.61,-,14.57,1.03,-,-
35,Ontario,Ontario,1/13/24,2,2024,1,1699414,3050,11247.38,18174,29,120.28,20.19,0.19,7195,70,47.62,0.46,435.71,2.88,4.14,0.03
24,Quebec,Québec,1/13/24,2,2024,1,1442976,3222,16594.21,19554,61,224.87,37.05,0.7,7615,139,87.57,1.6,460.29,5.29,8.71,0.1
10,Newfoundland and Labrador,Terre-Neuve-et-Labrador,1/13/24,2,2024,1,57766,119,10982.71,390,2,74.15,22.62,0.38,224,6,42.59,1.14,17,3.23,0.29,0.05
13,New Brunswick,Nouveau-Brunswick,1/13/24,2,2024,0,94041,,11580.53,998,,122.9,,,,,,,,,,
12,Nova Scotia,Nouvelle-Écosse,1/13/24,2,2024,1,151235,177,14830.96,982,8,96.3,17.36,0.78,424,21,41.58,2.06,25.29,2.48,1.14,0.11
11,Prince Edward Island,Île-du-Prince-Édouard,1/13/24,2,2024,1,58300,33,34155.89,114,0,66.79,19.33,0,72,0,42.18,0,4.71,2.76,0,0
60,Yukon,Yukon,1/13/24,2,2024,0,4989,,11393.27,32,,73.08,,,,,,,,,,
61,Northwest Territories,Territoires du Nord-Ouest,1/13/24,2,2024,0,11511,,25240.65,22,,48.24,,,,,,,,,,
62,Nunavut,Nunavut,1/13/24,2,2024,0,3531,,8712.93,7,,17.27,,,,,,,,,,
99,Repatriated travellers,Voyageurs rapatriés,1/13/24,2,2024,,13,0,,0,0,,,,0,0,,,0,,0,
1,Canada,Canada,1/13/24,2,2024,,4910081,7945,12612.62,57711,125,148.24,20.41,0.32,18488,300,47.49,0.77,1135,2.92,17.86,0.05